date,event,division,fighter_a,pos_a,fighter_b,pos_b,top10_bout,top15_bout,method
2022-01-15,UFC Fight Night: Kattar vs. Chikadze,Welterweight,Court McGee,49,Ramiz Brahimaj,56,False,False,U-DEC
2022-01-15,UFC Fight Night: Kattar vs. Chikadze,Lightweight,TJ Brown,999,Charles Rosa,999,False,False,U-DEC
2022-01-15,UFC Fight Night: Kattar vs. Chikadze,Heavyweight,Jake Collier,35,Chase Sherman,42,False,False,SUB
2022-01-15,UFC Fight Night: Kattar vs. Chikadze,Featherweight,Brian Kelleher,999,Kevin Croom,62,False,False,U-DEC
2022-01-15,UFC Fight Night: Kattar vs. Chikadze,Featherweight,Bill Algeo,43,Joanderson Brito,999,False,False,U-DEC
2022-01-15,UFC Fight Night: Kattar vs. Chikadze,Flyweight,Brandon Royval,20,Rogerio Bontorin,28,False,False,S-DEC
2022-01-15,UFC Fight Night: Kattar vs. Chikadze,Featherweight,Calvin Kattar,13,Giga Chikadze,3,False,True,U-DEC
2022-01-15,UFC Fight Night: Kattar vs. Chikadze,Lightweight,Dakota Bush,75,Viacheslav Borshchev,999,False,False,KO/TKO
2022-01-15,UFC Fight Night: Kattar vs. Chikadze,Middleweight,Jamie Pickett,70,Joseph Holmes,999,False,False,U-DEC
2022-01-15,UFC Fight Night: Kattar vs. Chikadze,Women's Flyweight,Katlyn Cerminara,8,Jennifer Maia,14,False,True,U-DEC
2022-01-22,UFC 270: Ngannou vs. Gane,Welterweight,Jack Della Maddalena,999,Pete Rodriguez,999,False,False,KO/TKO
2022-01-22,UFC 270: Ngannou vs. Gane,Women's Flyweight,Kay Hansen,999,Jasmine Jasudavicius,999,False,False,U-DEC
2022-01-22,UFC 270: Ngannou vs. Gane,Women's Strawweight,Silvana Gomez Juarez,36,Vanessa Demopoulos,999,False,False,SUB
2022-01-22,UFC 270: Ngannou vs. Gane,Bantamweight,Raoni Barcelos,12,Victor Henry,999,False,False,U-DEC
2022-01-22,UFC 270: Ngannou vs. Gane,Welterweight,Michael Morales,999,Trevin Giles,999,False,False,KO/TKO
2022-01-22,UFC 270: Ngannou vs. Gane,Welterweight,Michel Pereira,28,Andre Fialho,999,False,False,U-DEC
2022-01-22,UFC 270: Ngannou vs. Gane,Lightweight,Matt Frevola,75,Genaro Valdez,999,False,False,KO/TKO
2022-01-22,UFC 270: Ngannou vs. Gane,Bantamweight,Cody Stamann,25,Said Nurmagomedov,10,False,False,SUB
2022-01-22,UFC 270: Ngannou vs. Gane,Bantamweight,Tony Gravely,53,Saimon Oliveira,999,False,False,U-DEC
2022-01-22,UFC 270: Ngannou vs. Gane,Flyweight,Brandon Moreno,3,Deiveson Figueiredo,1,True,True,U-DEC
2022-01-22,UFC 270: Ngannou vs. Gane,Heavyweight,Francis Ngannou,1,Ciryl Gane,4,True,True,U-DEC
2022-02-05,UFC Fight Night: Hermansson vs. Strickland,Middleweight,Tresean Gore,999,Bryan Battle,41,False,False,U-DEC
2022-02-05,UFC Fight Night: Hermansson vs. Strickland,Light Heavyweight,Sam Alvey,999,Brendan Allen,999,False,False,SUB
2022-02-05,UFC Fight Night: Hermansson vs. Strickland,Flyweight,Malcolm Gordon,29,Denys Bondar,999,False,False,KO/TKO
2022-02-05,UFC Fight Night: Hermansson vs. Strickland,Featherweight,Julian Erosa,999,Steven Peterson,50,False,False,S-DEC
2022-02-05,UFC Fight Night: Hermansson vs. Strickland,Welterweight,Jason Witt,69,Phil Rowe,66,False,False,KO/TKO
2022-02-05,UFC Fight Night: Hermansson vs. Strickland,Middleweight,Jack Hermansson,5,Sean Strickland,4,True,True,S-DEC
2022-02-05,UFC Fight Night: Hermansson vs. Strickland,Women's Bantamweight,Alexis Davis,10,Julija Stoliarenko,24,False,False,U-DEC
2022-02-05,UFC Fight Night: Hermansson vs. Strickland,Welterweight,Shavkat Rakhmonov,29,Carlston Harris,30,False,False,KO/TKO
2022-02-05,UFC Fight Night: Hermansson vs. Strickland,Featherweight,Hakeem Dawodu,23,Michael Trizano,37,False,False,U-DEC
2022-02-05,UFC Fight Night: Hermansson vs. Strickland,Middleweight,Punahele Soriano,31,Nick Maximov,47,False,False,S-DEC
2022-02-05,UFC Fight Night: Hermansson vs. Strickland,Bantamweight,Miles Johns,29,John Castaneda,40,False,False,SUB
2022-02-05,UFC Fight Night: Hermansson vs. Strickland,Light Heavyweight,Jailton Almeida,999,Danilo Marques,32,False,False,KO/TKO
2022-02-05,UFC Fight Night: Hermansson vs. Strickland,Middleweight,Chidi Njokuani,999,Marc-Andre Barriault,39,False,False,KO/TKO
2022-02-12,UFC 271: Adesanya vs. Whittaker 2,Middleweight,Jared Cannonier,10,Derek Brunson,3,True,True,KO/TKO
2022-02-12,UFC 271: Adesanya vs. Whittaker 2,Bantamweight,Mana Martinez,50,Ronnie Lawrence,36,False,False,U-DEC
2022-02-12,UFC 271: Adesanya vs. Whittaker 2,Lightweight,Alexander Hernandez,20,Renato Moicano,23,False,False,SUB
2022-02-12,UFC 271: Adesanya vs. Whittaker 2,Lightweight,King Green,13,Nasrat Haqparast,43,False,False,U-DEC
2022-02-12,UFC 271: Adesanya vs. Whittaker 2,Light Heavyweight,Carlos Ulberg,39,Fabio Cherant,45,False,False,U-DEC
2022-02-12,UFC 271: Adesanya vs. Whittaker 2,Welterweight,Jeremiah Wells,42,Blood Diamond,999,False,False,SUB
2022-02-12,UFC 271: Adesanya vs. Whittaker 2,Heavyweight,William Knight,999,Maxim Grishin,999,False,False,U-DEC
2022-02-12,UFC 271: Adesanya vs. Whittaker 2,Heavyweight,Andrei Arlovski,22,Jared Vanderaa,36,False,False,S-DEC
2022-02-12,UFC 271: Adesanya vs. Whittaker 2,Bantamweight,Douglas Silva de Andrade,39,Sergey Morozov,53,False,False,SUB
2022-02-12,UFC 271: Adesanya vs. Whittaker 2,Bantamweight,Kyler Phillips,25,Marcelo Rojo,999,False,False,SUB
2022-02-12,UFC 271: Adesanya vs. Whittaker 2,Women's Flyweight,Roxanne Modafferi,41,Casey O'Neill,5,False,False,S-DEC
2022-02-12,UFC 271: Adesanya vs. Whittaker 2,Heavyweight,Derrick Lewis,7,Tai Tuivasa,12,False,True,KO/TKO
2022-02-12,UFC 271: Adesanya vs. Whittaker 2,Middleweight,AJ Dobson,999,Jacob Malkoun,52,False,False,U-DEC
2022-02-12,UFC 271: Adesanya vs. Whittaker 2,Middleweight,Israel Adesanya,1,Robert Whittaker,2,True,True,U-DEC
2022-02-19,UFC Fight Night: Walker vs. Hill,Middleweight,Joaquin Buckley,42,Abdul Razak Alhassan,40,False,False,S-DEC
2022-02-19,UFC Fight Night: Walker vs. Hill,Featherweight,Gabriel Benitez,38,David Onama,999,False,False,KO/TKO
2022-02-19,UFC Fight Night: Walker vs. Hill,Featherweight,Chas Skelly,999,Mark Striegl,999,False,False,KO/TKO
2022-02-19,UFC Fight Night: Walker vs. Hill,Women's Strawweight,Diana Belbita,26,Gloria de Paula,39,False,False,U-DEC
2022-02-19,UFC Fight Night: Walker vs. Hill,Featherweight,Jonathan Pearce,35,Christian Rodriguez,999,False,False,U-DEC
2022-02-19,UFC Fight Night: Walker vs. Hill,Bantamweight,Mario Bautista,51,Jay Perrin,999,False,False,U-DEC
2022-02-19,UFC Fight Night: Walker vs. Hill,Heavyweight,Parker Porter,29,Alan Baudot,41,False,False,U-DEC
2022-02-19,UFC Fight Night: Walker vs. Hill,Lightweight,Jim Miller,34,Nikolas Motta,999,False,False,KO/TKO
2022-02-19,UFC Fight Night: Walker vs. Hill,Women's Bantamweight,Jessica-Rose Clark,13,Stephanie Egger,16,False,True,SUB
2022-02-19,UFC Fight Night: Walker vs. Hill,Bantamweight,Chad Anheliger,999,Jesse Strader,71,False,False,KO/TKO
2022-02-19,UFC Fight Night: Walker vs. Hill,Light Heavyweight,Johnny Walker,17,Jamahal Hill,13,False,False,KO/TKO
2022-02-26,UFC Fight Night: Makhachev vs. Green,Middleweight,Misha Cirkunov,36,Wellington Turman,58,False,False,SUB
2022-02-26,UFC Fight Night: Makhachev vs. Green,Flyweight,Victor Altamirano,999,Carlos Hernandez,999,False,False,S-DEC
2022-02-26,UFC Fight Night: Makhachev vs. Green,Lightweight,Rongzhu,63,Ignacio Bahamondes,38,False,False,SUB
2022-02-26,UFC Fight Night: Makhachev vs. Green,Middleweight,Armen Petrosyan,999,Gregory Rodrigues,20,False,False,S-DEC
2022-02-26,UFC Fight Night: Makhachev vs. Green,Lightweight,Arman Tsarukyan,7,Joel Alvarez,14,False,True,KO/TKO
2022-02-26,UFC Fight Night: Makhachev vs. Green,Featherweight,Alejandro Perez,999,Jonathan Martinez,999,False,False,U-DEC
2022-02-26,UFC Fight Night: Makhachev vs. Green,Women's Flyweight,Ji Yeon Kim,34,Priscila Cachoeira,40,False,False,U-DEC
2022-02-26,UFC Fight Night: Makhachev vs. Green,Welterweight,Ramiz Brahimaj,70,Micheal Gillmore,999,False,False,SUB
2022-02-26,UFC Fight Night: Makhachev vs. Green,Lightweight,Terrance McKinney,37,Fares Ziam,58,False,False,SUB
2022-03-05,UFC 272: Covington vs. Masvidal,Lightweight,Devonte Smith,69,Ludovit Klein,999,False,False,S-DEC
2022-03-05,UFC 272: Covington vs. Masvidal,Welterweight,Kevin Holland,999,Alex Oliveira,54,False,False,KO/TKO
2022-03-05,UFC 272: Covington vs. Masvidal,Featherweight,Brian Kelleher,36,Umar Nurmagomedov,999,False,False,SUB
2022-03-05,UFC 272: Covington vs. Masvidal,Women's Strawweight,Marina Rodriguez,4,Yan Xiaonan,8,True,True,S-DEC
2022-03-05,UFC 272: Covington vs. Masvidal,Featherweight,Edson Barboza,17,Bryce Mitchell,11,False,False,U-DEC
2022-03-05,UFC 272: Covington vs. Masvidal,Flyweight,Tim Elliott,18,Tagir Ulanbekov,17,False,False,U-DEC
2022-03-05,UFC 272: Covington vs. Masvidal,Women's Flyweight,Maryna Moroz,999,Mariya Agapova,20,False,False,SUB
2022-03-05,UFC 272: Covington vs. Masvidal,Heavyweight,Serghei Spivac,20,Greg Hardy,21,False,False,KO/TKO
2022-03-05,UFC 272: Covington vs. Masvidal,Welterweight,Colby Covington,2,Jorge Masvidal,4,True,True,U-DEC
2022-03-05,UFC 272: Covington vs. Masvidal,Light Heavyweight,Dustin Jacoby,19,Michal Oleksiejczuk,26,False,False,U-DEC
2022-03-05,UFC 272: Covington vs. Masvidal,Light Heavyweight,Nicolae Negumereanu,35,Kennedy Nzechukwu,31,False,False,S-DEC
2022-03-05,UFC 272: Covington vs. Masvidal,Lightweight,Jalin Turner,21,Jamie Mullarkey,30,False,False,KO/TKO
2022-03-12,UFC Fight Night: Santos vs. Ankalaev,Middleweight,Alex Pereira,41,Bruno Silva,14,False,False,U-DEC
2022-03-12,UFC Fight Night: Santos vs. Ankalaev,Light Heavyweight,Khalil Rountree Jr.,29,Karl Roberson,999,False,False,KO/TKO
2022-03-12,UFC Fight Night: Santos vs. Ankalaev,Women's Flyweight,JJ Aldrich,27,Gillian Robertson,16,False,False,U-DEC
2022-03-12,UFC Fight Night: Santos vs. Ankalaev,Welterweight,Matthew Semelsberger,30,AJ Fletcher,999,False,False,U-DEC
2022-03-12,UFC Fight Night: Santos vs. Ankalaev,Lightweight,Drew Dober,21,Terrance McKinney,20,False,False,KO/TKO
2022-03-12,UFC Fight Night: Santos vs. Ankalaev,Featherweight,Damon Jackson,39,Kamuela Kirk,40,False,False,SUB
2022-03-12,UFC Fight Night: Santos vs. Ankalaev,Featherweight,Sodiq Yusuff,12,Alex Caceres,24,False,False,U-DEC
2022-03-12,UFC Fight Night: Santos vs. Ankalaev,Light Heavyweight,Thiago Santos,7,Magomed Ankalaev,3,True,True,U-DEC
2022-03-12,UFC Fight Night: Santos vs. Ankalaev,Bantamweight,Marlon Moraes,14,Song Yadong,10,False,True,KO/TKO
2022-03-12,UFC Fight Night: Santos vs. Ankalaev,Middleweight,Dalcha Lungiambula,61,Cody Brundage,56,False,False,SUB
2022-03-12,UFC Fight Night: Santos vs. Ankalaev,Bantamweight,Kris Moutinho,64,Guido Cannetti,73,False,False,KO/TKO
2022-03-12,UFC Fight Night: Santos vs. Ankalaev,Women's Flyweight,Sabina Mazo,25,Miranda Maverick,26,False,False,SUB
2022-03-12,UFC Fight Night: Santos vs. Ankalaev,Bantamweight,Trevin Jones,55,Javid Basharat,999,False,False,U-DEC
2022-03-12,UFC Fight Night: Santos vs. Ankalaev,Light Heavyweight,Tafon Nchukwi,22,Azamat Murzakanov,999,False,False,KO/TKO
2022-03-19,UFC Fight Night: Volkov vs. Aspinall,Lightweight,Paddy Pimblett,30,Kazula Vargas,47,False,False,SUB
2022-03-19,UFC Fight Night: Volkov vs. Aspinall,Heavyweight,Alexander Volkov,6,Tom Aspinall,5,True,True,SUB
2022-03-19,UFC Fight Night: Volkov vs. Aspinall,Flyweight,Muhammad Mokaev,999,Cody Durden,25,False,False,SUB
2022-03-19,UFC Fight Night: Volkov vs. Aspinall,Bantamweight,Jack Shore,12,Timur Valiev,31,False,False,U-DEC
2022-03-19,UFC Fight Night: Volkov vs. Aspinall,Women's Flyweight,Molly McCann,32,Luana Carolina,22,False,False,KO/TKO
2022-03-19,UFC Fight Night: Volkov vs. Aspinall,Women's Strawweight,Cory McKenna,21,Elise Reed,999,False,False,S-DEC
2022-03-19,UFC Fight Night: Volkov vs. Aspinall,Featherweight,Mike Grundy,64,Makwan Amirkhani,39,False,False,SUB
2022-03-19,UFC Fight Night: Volkov vs. Aspinall,Light Heavyweight,Nikita Krylov,13,Paul Craig,16,False,True,SUB
2022-03-19,UFC Fight Night: Volkov vs. Aspinall,Lightweight,Jai Herbert,54,Ilia Topuria,999,False,False,KO/TKO
2022-03-19,UFC Fight Night: Volkov vs. Aspinall,Heavyweight,Shamil Abdurakhimov,23,Sergei Pavlovich,999,False,False,KO/TKO
2022-03-19,UFC Fight Night: Volkov vs. Aspinall,Welterweight,Gunnar Nelson,999,Takashi Sato,58,False,False,U-DEC
2022-03-19,UFC Fight Night: Volkov vs. Aspinall,Featherweight,Arnold Allen,14,Dan Hooker,999,False,False,KO/TKO
2022-03-26,UFC Fight Night: Blaydes vs. Daukaus,Women's Flyweight,Joanne Wood,16,Alexa Grasso,9,False,True,SUB
2022-03-26,UFC Fight Night: Blaydes vs. Daukaus,Women's Flyweight,Jennifer Maia,20,Manon Fiorot,4,False,False,U-DEC
2022-03-26,UFC Fight Night: Blaydes vs. Daukaus,Welterweight,Neil Magny,10,Max Griffin,26,False,False,S-DEC
2022-03-26,UFC Fight Night: Blaydes vs. Daukaus,Flyweight,Askar Askarov,2,Kai Kara-France,11,True,True,U-DEC
2022-03-26,UFC Fight Night: Blaydes vs. Daukaus,Middleweight,Aliaskhab Khizriev,999,Denis Tiuliulin,999,False,False,SUB
2022-03-26,UFC Fight Night: Blaydes vs. Daukaus,Flyweight,Matheus Nicolau,16,David Dvorak,10,False,True,U-DEC
2022-03-26,UFC Fight Night: Blaydes vs. Daukaus,Featherweight,Luis Saldana,62,Bruno Souza,67,False,False,U-DEC
2022-03-26,UFC Fight Night: Blaydes vs. Daukaus,Women's Bantamweight,Sara McMann,14,Karol Rosa,2,False,True,U-DEC
2022-03-26,UFC Fight Night: Blaydes vs. Daukaus,Heavyweight,Curtis Blaydes,5,Chris Daukaus,11,True,True,KO/TKO
2022-03-26,UFC Fight Night: Blaydes vs. Daukaus,Bantamweight,Chris Gutierrez,22,Batgerel Danaa,13,False,False,KO/TKO
2022-03-26,UFC Fight Night: Blaydes vs. Daukaus,Welterweight,Matt Brown,52,Bryan Barberena,56,False,False,S-DEC
2022-03-26,UFC Fight Night: Blaydes vs. Daukaus,Lightweight,Marc Diakiese,61,Viacheslav Borshchev,52,False,False,U-DEC
2022-04-09,UFC 273: Volkanovski vs. The Korean Zombie,Lightweight,Vinc Pichel,19,Mark Madsen,29,False,False,U-DEC
2022-04-09,UFC 273: Volkanovski vs. The Korean Zombie,Heavyweight,Aleksei Oleinik,27,Jared Vanderaa,38,False,False,SUB
2022-04-09,UFC 273: Volkanovski vs. The Korean Zombie,Welterweight,Ian Machado Garry,64,Darian Weeks,67,False,False,U-DEC
2022-04-09,UFC 273: Volkanovski vs. The Korean Zombie,Bantamweight,Julio Arce,46,Daniel Santos,999,False,False,U-DEC
2022-04-09,UFC 273: Volkanovski vs. The Korean Zombie,Welterweight,Gilbert Burns,5,Khamzat Chimaev,3,True,True,U-DEC
2022-04-09,UFC 273: Volkanovski vs. The Korean Zombie,Welterweight,Mickey Gall,59,Mike Malott,999,False,False,KO/TKO
2022-04-09,UFC 273: Volkanovski vs. The Korean Zombie,Middleweight,Anthony Hernandez,47,Josh Fremd,999,False,False,U-DEC
2022-04-09,UFC 273: Volkanovski vs. The Korean Zombie,Women's Bantamweight,Aspen Ladd,999,Raquel Pennington,999,False,False,U-DEC
2022-04-09,UFC 273: Volkanovski vs. The Korean Zombie,Bantamweight,Aljamain Sterling,1,Petr Yan,2,True,True,S-DEC
2022-04-09,UFC 273: Volkanovski vs. The Korean Zombie,Women's Strawweight,Piera Rodriguez,999,Kay Hansen,999,False,False,U-DEC
2022-04-09,UFC 273: Volkanovski vs. The Korean Zombie,Women's Strawweight,Mackenzie Dern,9,Tecia Pennington,7,True,True,S-DEC
2022-04-09,UFC 273: Volkanovski vs. The Korean Zombie,Featherweight,Alexander Volkanovski,1,Chan Sung Jung,7,True,True,KO/TKO
2022-04-16,UFC Fight Night: Luque vs. Muhammad,Lightweight,Rafa Garcia,66,Jesse Ronson,999,False,False,SUB
2022-04-16,UFC Fight Night: Luque vs. Muhammad,Women's Strawweight,Istela Nunes,30,Sam Hughes,37,False,False,M-DEC
2022-04-16,UFC Fight Night: Luque vs. Muhammad,Heavyweight,Chris Barnett,37,Martin Buday,999,False,False,U-DEC
2022-04-16,UFC Fight Night: Luque vs. Muhammad,Women's Bantamweight,Mayra Bueno Silva,999,Wu Yanan,20,False,False,U-DEC
2022-04-16,UFC Fight Night: Luque vs. Muhammad,Featherweight,Pat Sabatini,19,TJ Laramie,999,False,False,U-DEC
2022-04-16,UFC Fight Night: Luque vs. Muhammad,Welterweight,Mounir Lazzez,66,Ange Loosa,999,False,False,U-DEC
2022-04-16,UFC Fight Night: Luque vs. Muhammad,Welterweight,Vicente Luque,4,Belal Muhammad,9,True,True,U-DEC
2022-04-16,UFC Fight Night: Luque vs. Muhammad,Lightweight,Drakkar Klose,999,Brandon Jenkins,80,False,False,KO/TKO
2022-04-16,UFC Fight Night: Luque vs. Muhammad,Welterweight,Miguel Baeza,36,Andre Fialho,73,False,False,KO/TKO
2022-04-16,UFC Fight Night: Luque vs. Muhammad,Middleweight,Caio Borralho,999,Gadzhi Omargadzhiev,999,False,False,U-DEC
2022-04-16,UFC Fight Night: Luque vs. Muhammad,Heavyweight,Devin Clark,999,William Knight,33,False,False,KO/TKO
2022-04-16,UFC Fight Night: Luque vs. Muhammad,Women's Bantamweight,Lina Lansberg,999,Pannie Kianzad,5,False,False,U-DEC
2022-04-16,UFC Fight Night: Luque vs. Muhammad,Lightweight,Jordan Leavitt,43,Trey Ogden,999,False,False,S-DEC
2022-04-16,UFC Fight Night: Luque vs. Muhammad,Bantamweight,Alatengheili,64,Kevin Croom,999,False,False,KO/TKO
2022-04-23,UFC Fight Night: Lemos vs. Andrade,Featherweight,Lando Vannata,34,Charles Jourdain,30,False,False,SUB
2022-04-23,UFC Fight Night: Lemos vs. Andrade,Women's Strawweight,Amanda Lemos,3,Jessica Andrade,999,False,False,SUB
2022-04-23,UFC Fight Night: Lemos vs. Andrade,Lightweight,Clay Guida,36,Claudio Puelles,30,False,False,SUB
2022-04-23,UFC Fight Night: Lemos vs. Andrade,Light Heavyweight,Marcin Prachnio,29,Philipe Lins,999,False,False,U-DEC
2022-04-23,UFC Fight Night: Lemos vs. Andrade,Welterweight,Dean Barry,999,Mike Jackson,999,False,False,DQ
2022-04-23,UFC Fight Night: Lemos vs. Andrade,Bantamweight,Aoriqileng,999,Cameron Else,999,False,False,KO/TKO
2022-04-23,UFC Fight Night: Lemos vs. Andrade,Welterweight,Dwight Grant,58,Sergey Khandozhko,999,False,False,KO/TKO
2022-04-23,UFC Fight Night: Lemos vs. Andrade,Women's Flyweight,Maycee Barber,12,Montana De La Rosa,15,False,True,U-DEC
2022-04-23,UFC Fight Night: Lemos vs. Andrade,Welterweight,Preston Parsons,73,Evan Elder,999,False,False,U-DEC
2022-04-23,UFC Fight Night: Lemos vs. Andrade,Light Heavyweight,Tyson Pedro,999,Ike Villanueva,45,False,False,KO/TKO
2022-04-30,UFC Fight Night: Font vs. Vera,Bantamweight,Rob Font,5,Marlon Vera,12,False,True,U-DEC
2022-04-30,UFC Fight Night: Font vs. Vera,Welterweight,Gabe Green,63,Yohan Lainesse,999,False,False,KO/TKO
2022-04-30,UFC Fight Night: Font vs. Vera,Featherweight,Andre Fili,999,Joanderson Brito,65,False,False,KO/TKO
2022-04-30,UFC Fight Night: Font vs. Vera,Middleweight,Krzysztof Jotko,28,Gerald Meerschaert,29,False,False,U-DEC
2022-04-30,UFC Fight Night: Font vs. Vera,Featherweight,Darren Elkins,28,Tristan Connelly,51,False,False,U-DEC
2022-04-30,UFC Fight Night: Font vs. Vera,Lightweight,Jared Gordon,34,Grant Dawson,11,False,False,SUB
2022-04-30,UFC Fight Night: Font vs. Vera,Flyweight,Daniel Lacerda,33,Francisco Figueiredo,34,False,False,SUB
2022-04-30,UFC Fight Night: Font vs. Vera,Women's Flyweight,Gina Mazany,41,Shanna Young,999,False,False,KO/TKO
2022-04-30,UFC Fight Night: Font vs. Vera,Lightweight,Natan Levy,69,Mike Breeden,73,False,False,U-DEC
2022-04-30,UFC Fight Night: Font vs. Vera,Heavyweight,Alexandr Romanov,8,Chase Sherman,44,False,False,SUB
2022-04-30,UFC Fight Night: Font vs. Vera,Heavyweight,Andrei Arlovski,25,Jake Collier,34,False,False,S-DEC
2022-05-07,UFC 274: Oliveira vs. Gaethje,Welterweight,Andre Fialho,54,Cameron VanCamp,999,False,False,KO/TKO
2022-05-07,UFC 274: Oliveira vs. Gaethje,Bantamweight,Journey Newson,999,Fernie Garcia,999,False,False,U-DEC
2022-05-07,UFC 274: Oliveira vs. Gaethje,Women's Flyweight,Tracy Cortez,10,Melissa Gatto,11,True,True,U-DEC
2022-05-07,UFC 274: Oliveira vs. Gaethje,Welterweight,Francisco Trinaldo,32,Danny Roberts,68,False,False,U-DEC
2022-05-07,UFC 274: Oliveira vs. Gaethje,Lightweight,Charles Oliveira,1,Justin Gaethje,5,True,True,SUB
2022-05-07,UFC 274: Oliveira vs. Gaethje,Flyweight,Brandon Royval,20,Matt Schnell,15,False,False,SUB
2022-05-07,UFC 274: Oliveira vs. Gaethje,Flyweight,Kleydson Rodrigues,999,CJ Vergara,25,False,False,S-DEC
2022-05-07,UFC 274: Oliveira vs. Gaethje,Welterweight,Randy Brown,24,Khaos Williams,11,False,False,S-DEC
2022-05-07,UFC 274: Oliveira vs. Gaethje,Women's Strawweight,Ariane Carnelossi,16,Loopy Godinez,13,False,True,U-DEC
2022-05-07,UFC 274: Oliveira vs. Gaethje,Women's Strawweight,Rose Namajunas,1,Carla Esparza,7,True,True,S-DEC
2022-05-07,UFC 274: Oliveira vs. Gaethje,Lightweight,Michael Chandler,21,Tony Ferguson,6,False,False,KO/TKO
2022-05-07,UFC 274: Oliveira vs. Gaethje,Light Heavyweight,Mauricio Rua,24,Ovince Saint Preux,999,False,False,S-DEC
2022-05-07,UFC 274: Oliveira vs. Gaethje,Heavyweight,Blagoy Ivanov,999,Marcos Rogerio de Lima,19,False,False,U-DEC
2022-05-14,UFC Fight Night: Blachowicz vs. Rakic,Flyweight,Tatsuro Taira,999,Carlos Candelario,999,False,False,U-DEC
2022-05-14,UFC Fight Night: Blachowicz vs. Rakic,Light Heavyweight,Ryan Spann,21,Ion Cutelaba,14,False,False,SUB
2022-05-14,UFC Fight Night: Blachowicz vs. Rakic,Bantamweight,Davey Grant,48,Louis Smolka,56,False,False,KO/TKO
2022-05-14,UFC Fight Night: Blachowicz vs. Rakic,Light Heavyweight,Jan Blachowicz,2,Aleksandar Rakic,4,True,True,KO/TKO
2022-05-14,UFC Fight Night: Blachowicz vs. Rakic,Women's Flyweight,Viviane Araujo,14,Andrea Lee,6,False,True,U-DEC
2022-05-14,UFC Fight Night: Blachowicz vs. Rakic,Lightweight,Michael Johnson,49,Alan Patrick,999,False,False,KO/TKO
2022-05-14,UFC Fight Night: Blachowicz vs. Rakic,Middleweight,Nick Maximov,36,Andre Petroski,26,False,False,SUB
2022-05-14,UFC Fight Night: Blachowicz vs. Rakic,Flyweight,Jake Hadley,999,Allan Nascimento,32,False,False,U-DEC
2022-05-14,UFC Fight Night: Blachowicz vs. Rakic,Lightweight,Frank Camacho,999,Manuel Torres,999,False,False,KO/TKO
2022-05-14,UFC Fight Night: Blachowicz vs. Rakic,Women's Strawweight,Virna Jandiroba,13,Angela Hill,17,False,False,U-DEC
2022-05-14,UFC Fight Night: Blachowicz vs. Rakic,Women's Flyweight,Katlyn Cerminara,7,Amanda Ribas,999,False,False,S-DEC
2022-05-21,UFC Fight Night: Holm vs. Vieira,Heavyweight,Jailton Almeida,999,Parker Porter,33,False,False,SUB
2022-05-21,UFC Fight Night: Holm vs. Vieira,Bantamweight,Jonathan Martinez,999,Vince Morales,47,False,False,U-DEC
2022-05-21,UFC Fight Night: Holm vs. Vieira,Middleweight,Eryk Anders,43,JunYong Park,50,False,False,S-DEC
2022-05-21,UFC Fight Night: Holm vs. Vieira,Featherweight,Chase Hooper,66,Felipe Colares,999,False,False,KO/TKO
2022-05-21,UFC Fight Night: Holm vs. Vieira,Lightweight,Omar Morales,999,Uros Medic,62,False,False,KO/TKO
2022-05-21,UFC Fight Night: Holm vs. Vieira,Welterweight,Santiago Ponzinibbio,25,Michel Pereira,22,False,False,S-DEC
2022-05-21,UFC Fight Night: Holm vs. Vieira,Women's Strawweight,Polyana Viana,17,Tabatha Ricci,21,False,False,U-DEC
2022-05-21,UFC Fight Night: Holm vs. Vieira,Women's Bantamweight,Holly Holm,999,Ketlen Vieira,13,False,False,S-DEC
2022-05-21,UFC Fight Night: Holm vs. Vieira,Women's Strawweight,Elise Reed,25,Sam Hughes,33,False,False,KO/TKO
2022-05-21,UFC Fight Night: Holm vs. Vieira,Middleweight,Joseph Holmes,57,Alen Amedovski,999,False,False,SUB
2022-05-21,UFC Fight Night: Holm vs. Vieira,Middleweight,Chidi Njokuani,23,Dusko Todorovic,52,False,False,KO/TKO
2022-06-04,UFC Fight Night: Volkov vs. Rozenstruik,Featherweight,Damon Jackson,33,Dan Argueta,999,False,False,U-DEC
2022-06-04,UFC Fight Night: Volkov vs. Rozenstruik,Featherweight,Michael Trizano,53,Lucas Almeida,999,False,False,KO/TKO
2022-06-04,UFC Fight Night: Volkov vs. Rozenstruik,Women's Flyweight,Karine Silva,999,Poliana Botelho,37,False,False,SUB
2022-06-04,UFC Fight Night: Volkov vs. Rozenstruik,Bantamweight,Johnny Munoz,42,Tony Gravely,40,False,False,KO/TKO
2022-06-04,UFC Fight Night: Volkov vs. Rozenstruik,Women's Strawweight,Felice Herrig,999,Karolina Kowalkiewicz,28,False,False,SUB
2022-06-04,UFC Fight Night: Volkov vs. Rozenstruik,Women's Flyweight,Erin Blanchfield,7,JJ Aldrich,21,False,False,SUB
2022-06-04,UFC Fight Night: Volkov vs. Rozenstruik,Heavyweight,Alexander Volkov,8,Jairzinho Rozenstruik,10,True,True,KO/TKO
2022-06-04,UFC Fight Night: Volkov vs. Rozenstruik,Flyweight,Jeff Molina,4,Zhalgas Zhumagulov,38,False,False,S-DEC
2022-06-04,UFC Fight Night: Volkov vs. Rozenstruik,Light Heavyweight,Alonzo Menifield,22,Askar Mozharov,999,False,False,KO/TKO
2022-06-04,UFC Fight Night: Volkov vs. Rozenstruik,Welterweight,Rinat Fakhretdinov,999,Andreas Michailidis,999,False,False,U-DEC
2022-06-04,UFC Fight Night: Volkov vs. Rozenstruik,Flyweight,Ode Osbourne,26,Zarrukh Adashev,31,False,False,KO/TKO
2022-06-04,UFC Fight Night: Volkov vs. Rozenstruik,Featherweight,Dan Ige,10,Movsar Evloev,3,True,True,U-DEC
2022-06-04,UFC Fight Night: Volkov vs. Rozenstruik,Lightweight,Joe Solecki,28,Alex Da Silva,999,False,False,M-DEC
2022-06-04,UFC Fight Night: Volkov vs. Rozenstruik,Lightweight,Niklas Stolze,999,Benoit Saint Denis,999,False,False,SUB
2022-06-11,UFC 275: Teixeira vs. Prochazka,Bantamweight,Kyung Ho Kang,41,Batgerel Danaa,26,False,False,U-DEC
2022-06-11,UFC 275: Teixeira vs. Prochazka,Women's Flyweight,Valentina Shevchenko,1,Taila Santos,2,True,True,S-DEC
2022-06-11,UFC 275: Teixeira vs. Prochazka,Women's Strawweight,Zhang Weili,1,Joanna Jedrzejczyk,999,False,False,KO/TKO
2022-06-11,UFC 275: Teixeira vs. Prochazka,Lightweight,Maheshate,999,Steve Garcia,46,False,False,KO/TKO
2022-06-11,UFC 275: Teixeira vs. Prochazka,Middleweight,Brendan Allen,999,Jacob Malkoun,34,False,False,U-DEC
2022-06-11,UFC 275: Teixeira vs. Prochazka,Featherweight,SeungWoo Choi,34,Josh Culibao,48,False,False,S-DEC
2022-06-11,UFC 275: Teixeira vs. Prochazka,Welterweight,Andre Fialho,41,Jake Matthews,32,False,False,KO/TKO
2022-06-11,UFC 275: Teixeira vs. Prochazka,Welterweight,Jack Della Maddalena,45,Ramazan Emeev,37,False,False,KO/TKO
2022-06-11,UFC 275: Teixeira vs. Prochazka,Women's Strawweight,Liang Na,33,Silvana Gomez Juarez,41,False,False,KO/TKO
2022-06-11,UFC 275: Teixeira vs. Prochazka,Light Heavyweight,Glover Teixeira,2,Jiri Prochazka,12,False,True,SUB
2022-06-18,UFC Fight Night: Kattar vs. Emmett,Middleweight,Joaquin Buckley,39,Albert Duraev,41,False,False,KO/TKO
2022-06-18,UFC Fight Night: Kattar vs. Emmett,Featherweight,Ricardo Ramos,48,Danny Chavez,68,False,False,KO/TKO
2022-06-18,UFC Fight Night: Kattar vs. Emmett,Welterweight,Tim Means,27,Kevin Holland,19,False,False,SUB
2022-06-18,UFC Fight Night: Kattar vs. Emmett,Bantamweight,Adrian Yanez,17,Tony Kelley,36,False,False,KO/TKO
2022-06-18,UFC Fight Night: Kattar vs. Emmett,Women's Flyweight,Jasmine Jasudavicius,22,Natalia Silva,999,False,False,U-DEC
2022-06-18,UFC Fight Night: Kattar vs. Emmett,Lightweight,Damir Ismagulov,20,Guram Kutateladze,999,False,False,S-DEC
2022-06-18,UFC Fight Night: Kattar vs. Emmett,Middleweight,Julian Marquez,24,Gregory Rodrigues,45,False,False,KO/TKO
2022-06-18,UFC Fight Night: Kattar vs. Emmett,Women's Strawweight,Maria Oliveira,33,Gloria de Paula,37,False,False,S-DEC
2022-06-18,UFC Fight Night: Kattar vs. Emmett,Featherweight,Calvin Kattar,7,Josh Emmett,9,True,True,S-DEC
2022-06-18,UFC Fight Night: Kattar vs. Emmett,Middleweight,Phil Hawes,35,Deron Winn,999,False,False,KO/TKO
2022-06-18,UFC Fight Night: Kattar vs. Emmett,Bantamweight,Eddie Wineland,55,Cody Stamann,34,False,False,KO/TKO
2022-06-18,UFC Fight Night: Kattar vs. Emmett,Welterweight,Court McGee,40,Jeremiah Wells,31,False,False,KO/TKO
2022-06-18,UFC Fight Night: Kattar vs. Emmett,Middleweight,Roman Dolidze,25,Kyle Daukaus,999,False,False,KO/TKO
2022-06-25,UFC Fight Night: Tsarukyan vs. Gamrot,Lightweight,Thiago Moises,46,Christos Giagos,44,False,False,SUB
2022-06-25,UFC Fight Night: Tsarukyan vs. Gamrot,Lightweight,Arman Tsarukyan,2,Mateusz Gamrot,7,True,True,U-DEC
2022-06-25,UFC Fight Night: Tsarukyan vs. Gamrot,Featherweight,Shayilan Nuerdanbieke,64,TJ Brown,999,False,False,U-DEC
2022-06-25,UFC Fight Night: Tsarukyan vs. Gamrot,Bantamweight,Brian Kelleher,999,Mario Bautista,40,False,False,SUB
2022-06-25,UFC Fight Night: Tsarukyan vs. Gamrot,Bantamweight,Nate Maness,34,Umar Nurmagomedov,999,False,False,U-DEC
2022-06-25,UFC Fight Night: Tsarukyan vs. Gamrot,Light Heavyweight,Carlos Ulberg,31,Tafon Nchukwi,29,False,False,KO/TKO
2022-06-25,UFC Fight Night: Tsarukyan vs. Gamrot,Women's Strawweight,Vanessa Demopoulos,25,Jinh Yu Frey,28,False,False,S-DEC
2022-06-25,UFC Fight Night: Tsarukyan vs. Gamrot,Welterweight,Neil Magny,10,Shavkat Rakhmonov,15,False,True,SUB
2022-06-25,UFC Fight Night: Tsarukyan vs. Gamrot,Middleweight,Chris Curtis,12,Rodolfo Vieira,45,False,False,U-DEC
2022-06-25,UFC Fight Night: Tsarukyan vs. Gamrot,Flyweight,JP Buys,999,Cody Durden,37,False,False,KO/TKO
2022-06-25,UFC Fight Night: Tsarukyan vs. Gamrot,Bantamweight,Raulian Paiva,52,Sergey Morozov,61,False,False,U-DEC
2022-06-25,UFC Fight Night: Tsarukyan vs. Gamrot,Heavyweight,Josh Parisian,45,Alan Baudot,41,False,False,KO/TKO
2022-07-02,UFC 276: Adesanya vs. Cannonier,Middleweight,Sean Strickland,4,Alex Pereira,19,False,False,KO/TKO
2022-07-02,UFC 276: Adesanya vs. Cannonier,Women's Bantamweight,Jessica-Rose Clark,17,Julija Stoliarenko,24,False,False,SUB
2022-07-02,UFC 276: Adesanya vs. Cannonier,Welterweight,Robbie Lawler,999,Bryan Barberena,51,False,False,KO/TKO
2022-07-02,UFC 276: Adesanya vs. Cannonier,Women's Flyweight,Jessica Eye,32,Maycee Barber,10,False,False,U-DEC
2022-07-02,UFC 276: Adesanya vs. Cannonier,Bantamweight,Pedro Munhoz,20,Sean O'Malley,11,False,False,NC
2022-07-02,UFC 276: Adesanya vs. Cannonier,Featherweight,Alexander Volkanovski,1,Max Holloway,2,True,True,U-DEC
2022-07-02,UFC 276: Adesanya vs. Cannonier,Welterweight,Jim Miller,999,Donald Cerrone,40,False,False,SUB
2022-07-02,UFC 276: Adesanya vs. Cannonier,Welterweight,Ian Machado Garry,47,Gabe Green,53,False,False,U-DEC
2022-07-02,UFC 276: Adesanya vs. Cannonier,Middleweight,Brad Tavares,25,Dricus Du Plessis,13,False,False,U-DEC
2022-07-02,UFC 276: Adesanya vs. Cannonier,Lightweight,Brad Riddell,26,Jalin Turner,14,False,False,SUB
2022-07-02,UFC 276: Adesanya vs. Cannonier,Middleweight,Uriah Hall,15,Andre Muniz,8,False,True,U-DEC
2022-07-02,UFC 276: Adesanya vs. Cannonier,Middleweight,Israel Adesanya,1,Jared Cannonier,5,True,True,U-DEC
2022-07-09,UFC Fight Night: Dos Anjos vs. Fiziev,Middleweight,Cody Brundage,48,Tresean Gore,61,False,False,KO/TKO
2022-07-09,UFC Fight Night: Dos Anjos vs. Fiziev,Light Heavyweight,Kennedy Nzechukwu,30,Karl Roberson,36,False,False,KO/TKO
2022-07-09,UFC Fight Night: Dos Anjos vs. Fiziev,Middleweight,Caio Borralho,39,Armen Petrosyan,33,False,False,U-DEC
2022-07-09,UFC Fight Night: Dos Anjos vs. Fiziev,Women's Flyweight,Antonina Shevchenko,29,Cortney Casey,28,False,False,S-DEC
2022-07-09,UFC Fight Night: Dos Anjos vs. Fiziev,Lightweight,Michael Johnson,38,Jamie Mullarkey,42,False,False,S-DEC
2022-07-09,UFC Fight Night: Dos Anjos vs. Fiziev,Featherweight,David Onama,45,Garrett Armfield,999,False,False,SUB
2022-07-09,UFC Fight Night: Dos Anjos vs. Fiziev,Bantamweight,Douglas Silva de Andrade,37,Said Nurmagomedov,5,False,False,U-DEC
2022-07-09,UFC Fight Night: Dos Anjos vs. Fiziev,Lightweight,Rafael Dos Anjos,999,Rafael Fiziev,14,False,False,KO/TKO
2022-07-09,UFC Fight Night: Dos Anjos vs. Fiziev,Bantamweight,Aiemann Zahabi,54,Ricky Turcios,45,False,False,U-DEC
2022-07-09,UFC Fight Night: Dos Anjos vs. Fiziev,Heavyweight,Jared Vanderaa,40,Chase Sherman,44,False,False,KO/TKO
2022-07-09,UFC Fight Night: Dos Anjos vs. Fiziev,Bantamweight,Ronnie Lawrence,30,Saidyokub Kakhramonov,39,False,False,U-DEC
2022-07-16,UFC Fight Night: Ortega vs. Rodriguez,Women's Flyweight,Lauren Murphy,21,Miesha Tate,999,False,False,U-DEC
2022-07-16,UFC Fight Night: Ortega vs. Rodriguez,Featherweight,Bill Algeo,34,Herbert Burns,999,False,False,KO/TKO
2022-07-16,UFC Fight Night: Ortega vs. Rodriguez,Bantamweight,Ricky Simon,19,Jack Shore,14,False,False,SUB
2022-07-16,UFC Fight Night: Ortega vs. Rodriguez,Featherweight,Brian Ortega,6,Yair Rodriguez,16,False,True,KO/TKO
2022-07-16,UFC Fight Night: Ortega vs. Rodriguez,Flyweight,Matt Schnell,17,Sumudaerji,999,False,False,SUB
2022-07-16,UFC Fight Night: Ortega vs. Rodriguez,Middleweight,Dwight Grant,999,Dustin Stoltzfus,66,False,False,U-DEC
2022-07-16,UFC Fight Night: Ortega vs. Rodriguez,Light Heavyweight,Dustin Jacoby,18,Da Woon Jung,9,False,False,KO/TKO
2022-07-16,UFC Fight Night: Ortega vs. Rodriguez,Women's Strawweight,Jessica Penne,20,Emily Ducote,999,False,False,U-DEC
2022-07-16,UFC Fight Night: Ortega vs. Rodriguez,Featherweight,Shane Burgos,15,Charles Jourdain,27,False,False,M-DEC
2022-07-16,UFC Fight Night: Ortega vs. Rodriguez,Welterweight,Li Jingliang,35,Muslim Salikhov,18,False,False,KO/TKO
2022-07-16,UFC Fight Night: Ortega vs. Rodriguez,Women's Strawweight,Michelle Waterson-Gomez,999,Amanda Lemos,5,False,False,SUB
2022-07-16,UFC Fight Night: Ortega vs. Rodriguez,Middleweight,Punahele Soriano,41,Dalcha Lungiambula,67,False,False,KO/TKO
2022-07-23,UFC Fight Night: Blaydes vs. Aspinall,Welterweight,Claudio Silva,39,Nicolas Dalby,49,False,False,U-DEC
2022-07-23,UFC Fight Night: Blaydes vs. Aspinall,Light Heavyweight,Nikita Krylov,15,Alexander Gustafsson,999,False,False,KO/TKO
2022-07-23,UFC Fight Night: Blaydes vs. Aspinall,Flyweight,Muhammad Mokaev,11,Charles Johnson,999,False,False,U-DEC
2022-07-23,UFC Fight Night: Blaydes vs. Aspinall,Featherweight,Makwan Amirkhani,38,Jonathan Pearce,32,False,False,KO/TKO
2022-07-23,UFC Fight Night: Blaydes vs. Aspinall,Light Heavyweight,Paul Craig,13,Volkan Oezdemir,16,False,True,U-DEC
2022-07-23,UFC Fight Night: Blaydes vs. Aspinall,Lightweight,Paddy Pimblett,22,Jordan Leavitt,35,False,False,SUB
2022-07-23,UFC Fight Night: Blaydes vs. Aspinall,Middleweight,Jack Hermansson,8,Chris Curtis,14,False,True,U-DEC
2022-07-23,UFC Fight Night: Blaydes vs. Aspinall,Lightweight,Jai Herbert,53,Kyle Nelson,999,False,False,U-DEC
2022-07-23,UFC Fight Night: Blaydes vs. Aspinall,Women's Flyweight,Molly McCann,23,Hannah Goldy,41,False,False,KO/TKO
2022-07-23,UFC Fight Night: Blaydes vs. Aspinall,Lightweight,Mason Jones,51,Ludovit Klein,65,False,False,U-DEC
2022-07-23,UFC Fight Night: Blaydes vs. Aspinall,Heavyweight,Curtis Blaydes,5,Tom Aspinall,4,True,True,KO/TKO
2022-07-23,UFC Fight Night: Blaydes vs. Aspinall,Lightweight,Marc Diakiese,50,Damir Hadzovic,38,False,False,U-DEC
2022-07-23,UFC Fight Night: Blaydes vs. Aspinall,Women's Flyweight,Mandy Bohm,44,Victoria Leonardo,46,False,False,U-DEC
2022-07-23,UFC Fight Night: Blaydes vs. Aspinall,Featherweight,Nathaniel Wood,999,Charles Rosa,999,False,False,U-DEC
2022-07-30,UFC 277: Pena vs. Nunes 2,Women's Bantamweight,Joselyne Edwards,999,Ji Yeon Kim,999,False,False,S-DEC
2022-07-30,UFC 277: Pena vs. Nunes 2,Light Heavyweight,Magomed Ankalaev,2,Anthony Smith,7,True,True,KO/TKO
2022-07-30,UFC 277: Pena vs. Nunes 2,Lightweight,Drakkar Klose,28,Rafa Garcia,52,False,False,U-DEC
2022-07-30,UFC 277: Pena vs. Nunes 2,Light Heavyweight,Nicolae Negumereanu,34,Ihor Potieria,999,False,False,KO/TKO
2022-07-30,UFC 277: Pena vs. Nunes 2,Heavyweight,Derrick Lewis,8,Sergei Pavlovich,14,False,True,KO/TKO
2022-07-30,UFC 277: Pena vs. Nunes 2,Welterweight,Alex Morono,32,Matthew Semelsberger,35,False,False,U-DEC
2022-07-30,UFC 277: Pena vs. Nunes 2,Flyweight,Brandon Moreno,2,Kai Kara-France,4,True,True,KO/TKO
2022-07-30,UFC 277: Pena vs. Nunes 2,Heavyweight,Don'Tale Mayes,34,Hamdy Abdelwahab,999,False,False,NC
2022-07-30,UFC 277: Pena vs. Nunes 2,Welterweight,Orion Cosce,87,Blood Diamond,83,False,False,U-DEC
2022-07-30,UFC 277: Pena vs. Nunes 2,Women's Bantamweight,Julianna Pena,3,Amanda Nunes,1,True,True,U-DEC
2022-07-30,UFC 277: Pena vs. Nunes 2,Lightweight,Drew Dober,18,Rafael Alves,39,False,False,KO/TKO
2022-07-30,UFC 277: Pena vs. Nunes 2,Flyweight,Alexandre Pantoja,3,Alex Perez,999,False,False,SUB
2022-07-30,UFC 277: Pena vs. Nunes 2,Welterweight,Michael Morales,42,Adam Fugitt,999,False,False,KO/TKO
2022-08-06,UFC Fight Night: Santos vs. Hill,Heavyweight,Augusto Sakai,22,Serghei Spivac,17,False,False,KO/TKO
2022-08-06,UFC Fight Night: Santos vs. Hill,Women's Flyweight,Brogan Walker,999,Juliana Miller,999,False,False,KO/TKO
2022-08-06,UFC Fight Night: Santos vs. Hill,Heavyweight,Mohammed Usman,999,Zac Pauga,999,False,False,KO/TKO
2022-08-06,UFC Fight Night: Santos vs. Hill,Welterweight,Bryan Battle,999,Takashi Sato,75,False,False,KO/TKO
2022-08-06,UFC Fight Night: Santos vs. Hill,Women's Bantamweight,Mayra Bueno Silva,16,Stephanie Egger,10,False,True,SUB
2022-08-06,UFC Fight Night: Santos vs. Hill,Welterweight,Vicente Luque,6,Geoff Neal,12,False,True,KO/TKO
2022-08-06,UFC Fight Night: Santos vs. Hill,Light Heavyweight,Thiago Santos,8,Jamahal Hill,11,True,True,KO/TKO
2022-08-06,UFC Fight Night: Santos vs. Hill,Women's Strawweight,Cory McKenna,31,Miranda Granger,999,False,False,SUB
2022-08-06,UFC Fight Night: Santos vs. Hill,Lightweight,Terrance McKinney,31,Erick Gonzalez,78,False,False,SUB
2022-08-06,UFC Fight Night: Santos vs. Hill,Middleweight,Sam Alvey,999,Michal Oleksiejczuk,999,False,False,KO/TKO
2022-08-13,UFC Fight Night: Vera vs. Cruz,Flyweight,Ode Osbourne,16,Tyson Nam,999,False,False,KO/TKO
2022-08-13,UFC Fight Night: Vera vs. Cruz,Bantamweight,Marlon Vera,13,Dominick Cruz,16,False,True,KO/TKO
2022-08-13,UFC Fight Night: Vera vs. Cruz,Middleweight,Bruno Silva,26,Gerald Meerschaert,37,False,False,SUB
2022-08-13,UFC Fight Night: Vera vs. Cruz,Women's Strawweight,Yazmin Jauregui,999,Iasmin Lucindo,999,False,False,U-DEC
2022-08-13,UFC Fight Night: Vera vs. Cruz,Women's Flyweight,Cynthia Calvillo,15,Nina Nunes,999,False,False,S-DEC
2022-08-13,UFC Fight Night: Vera vs. Cruz,Women's Bantamweight,Priscila Cachoeira,999,Ariane da Silva,999,False,False,KO/TKO
2022-08-13,UFC Fight Night: Vera vs. Cruz,Heavyweight,Martin Buday,22,Lukasz Brzeski,999,False,False,S-DEC
2022-08-13,UFC Fight Night: Vera vs. Cruz,Light Heavyweight,Devin Clark,999,Azamat Murzakanov,23,False,False,KO/TKO
2022-08-13,UFC Fight Night: Vera vs. Cruz,Bantamweight,Youssef Zalal,999,Da'Mon Blackshear,999,False,False,M-DEC
2022-08-13,UFC Fight Night: Vera vs. Cruz,Featherweight,Nate Landwehr,56,David Onama,35,False,False,M-DEC
2022-08-13,UFC Fight Night: Vera vs. Cruz,Lightweight,Gabriel Benitez,999,Charlie Ontiveros,85,False,False,KO/TKO
2022-08-20,UFC 278: Usman vs. Edwards,Flyweight,Daniel Lacerda,40,Victor Altamirano,31,False,False,KO/TKO
2022-08-20,UFC 278: Usman vs. Edwards,Lightweight,Leonardo Santos,32,Jared Gordon,35,False,False,U-DEC
2022-08-20,UFC 278: Usman vs. Edwards,Bantamweight,Jose Aldo,7,Merab Dvalishvili,4,True,True,U-DEC
2022-08-20,UFC 278: Usman vs. Edwards,Featherweight,Sean Woodson,36,Luis Saldana,47,False,False,S-DEC
2022-08-20,UFC 278: Usman vs. Edwards,Women's Bantamweight,Wu Yanan,26,Lucie Pudilova,999,False,False,KO/TKO
2022-08-20,UFC 278: Usman vs. Edwards,Middleweight,Paulo Costa,999,Luke Rockhold,999,False,False,U-DEC
2022-08-20,UFC 278: Usman vs. Edwards,Welterweight,AJ Fletcher,66,Ange Loosa,88,False,False,U-DEC
2022-08-20,UFC 278: Usman vs. Edwards,Light Heavyweight,Tyson Pedro,31,Harry Hunsucker,999,False,False,KO/TKO
2022-08-20,UFC 278: Usman vs. Edwards,Flyweight,Amir Albazi,999,Francisco Figueiredo,28,False,False,SUB
2022-08-20,UFC 278: Usman vs. Edwards,Bantamweight,Aoriqileng,54,Jay Perrin,75,False,False,U-DEC
2022-08-20,UFC 278: Usman vs. Edwards,Heavyweight,Marcin Tybura,16,Alexandr Romanov,8,False,True,M-DEC
2022-08-20,UFC 278: Usman vs. Edwards,Welterweight,Kamaru Usman,1,Leon Edwards,28,False,False,KO/TKO
2022-09-03,UFC Fight Night: Gane vs. Tuivasa,Middleweight,Alessio Di Chirico,48,Roman Kopylov,68,False,False,KO/TKO
2022-09-03,UFC Fight Night: Gane vs. Tuivasa,Middleweight,Nassourdine Imavov,9,Joaquin Buckley,32,False,False,U-DEC
2022-09-03,UFC Fight Night: Gane vs. Tuivasa,Featherweight,William Gomis,999,Jarno Errens,999,False,False,M-DEC
2022-09-03,UFC Fight Night: Gane vs. Tuivasa,Lightweight,Benoit Saint Denis,65,Gabriel Miranda,999,False,False,KO/TKO
2022-09-03,UFC Fight Night: Gane vs. Tuivasa,Lightweight,John Makdessi,23,Nasrat Haqparast,44,False,False,U-DEC
2022-09-03,UFC Fight Night: Gane vs. Tuivasa,Heavyweight,Ciryl Gane,4,Tai Tuivasa,9,True,True,KO/TKO
2022-09-03,UFC Fight Night: Gane vs. Tuivasa,Featherweight,Charles Jourdain,28,Nathaniel Wood,20,False,False,U-DEC
2022-09-03,UFC Fight Night: Gane vs. Tuivasa,Middleweight,Robert Whittaker,2,Marvin Vettori,999,False,False,U-DEC
2022-09-03,UFC Fight Night: Gane vs. Tuivasa,Bantamweight,Khalid Taha,81,Cristian Quinonez,999,False,False,KO/TKO
2022-09-03,UFC Fight Night: Gane vs. Tuivasa,Middleweight,Abus Magomedov,999,Dustin Stoltzfus,58,False,False,KO/TKO
2022-09-03,UFC Fight Night: Gane vs. Tuivasa,Lightweight,Fares Ziam,64,Michal Figlak,999,False,False,U-DEC
2022-09-10,UFC 279: Diaz vs. Ferguson,Featherweight,Hakeem Dawodu,17,Julian Erosa,54,False,False,U-DEC
2022-09-10,UFC 279: Diaz vs. Ferguson,Bantamweight,Chad Anheliger,45,Alatengheili,42,False,False,U-DEC
2022-09-10,UFC 279: Diaz vs. Ferguson,Middleweight,Denis Tiuliulin,67,Jamie Pickett,999,False,False,KO/TKO
2022-09-10,UFC 279: Diaz vs. Ferguson,Welterweight,Nate Diaz,39,Tony Ferguson,999,False,False,SUB
2022-09-10,UFC 279: Diaz vs. Ferguson,Welterweight,Darian Weeks,79,Yohan Lainesse,80,False,False,S-DEC
2022-09-10,UFC 279: Diaz vs. Ferguson,Women's Strawweight,Melissa Martinez,999,Elise Reed,42,False,False,U-DEC
2022-09-10,UFC 279: Diaz vs. Ferguson,Heavyweight,Jake Collier,32,Chris Barnett,44,False,False,KO/TKO
2022-09-10,UFC 279: Diaz vs. Ferguson,Light Heavyweight,Johnny Walker,19,Ion Cutelaba,18,False,False,SUB
2022-09-17,UFC Fight Night: Sandhagen vs. Song,Middleweight,Joe Pyfer,999,Alen Amedovski,79,False,False,KO/TKO
2022-09-17,UFC Fight Night: Sandhagen vs. Song,Lightweight,Trey Ogden,67,Daniel Zellhuber,999,False,False,U-DEC
2022-09-17,UFC Fight Night: Sandhagen vs. Song,Heavyweight,Tanner Boser,15,Rodrigo Nascimento,999,False,False,S-DEC
2022-09-17,UFC Fight Night: Sandhagen vs. Song,Welterweight,Trevin Giles,62,Louis Cosce,999,False,False,U-DEC
2022-09-17,UFC Fight Night: Sandhagen vs. Song,Lightweight,Nikolas Motta,74,Cameron VanCamp,999,False,False,KO/TKO
2022-09-17,UFC Fight Night: Sandhagen vs. Song,Featherweight,Andre Fili,53,Bill Algeo,22,False,False,S-DEC
2022-09-17,UFC Fight Night: Sandhagen vs. Song,Middleweight,Chidi Njokuani,22,Gregory Rodrigues,17,False,False,KO/TKO
2022-09-17,UFC Fight Night: Sandhagen vs. Song,Bantamweight,Tony Gravely,30,Javid Basharat,42,False,False,U-DEC
2022-09-17,UFC Fight Night: Sandhagen vs. Song,Middleweight,Anthony Hernandez,35,Marc-Andre Barriault,999,False,False,SUB
2022-09-17,UFC Fight Night: Sandhagen vs. Song,Women's Flyweight,Mariya Agapova,35,Gillian Robertson,25,False,False,SUB
2022-09-17,UFC Fight Night: Sandhagen vs. Song,Bantamweight,Cory Sandhagen,3,Song Yadong,7,True,True,KO/TKO
2022-09-17,UFC Fight Night: Sandhagen vs. Song,Women's Strawweight,Denise Gomes,999,Loma Lookboonmee,19,False,False,U-DEC
2022-09-17,UFC Fight Night: Sandhagen vs. Song,Featherweight,Damon Jackson,32,Pat Sabatini,18,False,False,KO/TKO
2022-10-01,UFC Fight Night: Dern vs. Yan,Featherweight,Sodiq Yusuff,10,Don Shainis,999,False,False,SUB
2022-10-01,UFC Fight Night: Dern vs. Yan,Lightweight,Mike Davis,999,Viacheslav Borshchev,72,False,False,U-DEC
2022-10-01,UFC Fight Night: Dern vs. Yan,Bantamweight,Guido Cannetti,58,Randy Costa,70,False,False,SUB
2022-10-01,UFC Fight Night: Dern vs. Yan,Welterweight,Randy Brown,16,Francisco Trinaldo,28,False,False,U-DEC
2022-10-01,UFC Fight Night: Dern vs. Yan,Middleweight,Krzysztof Jotko,24,Brendan Allen,25,False,False,SUB
2022-10-01,UFC Fight Night: Dern vs. Yan,Bantamweight,Raoni Barcelos,26,Trevin Jones,72,False,False,U-DEC
2022-10-01,UFC Fight Night: Dern vs. Yan,Women's Strawweight,Mackenzie Dern,10,Yan Xiaonan,9,True,True,M-DEC
2022-10-01,UFC Fight Night: Dern vs. Yan,Heavyweight,Ilir Latifi,14,Aleksei Oleinik,22,False,False,U-DEC
2022-10-01,UFC Fight Night: Dern vs. Yan,Lightweight,Joaquim Silva,65,Jesse Ronson,81,False,False,KO/TKO
2022-10-15,UFC Fight Night: Grasso vs. Araujo,Bantamweight,Cub Swanson,999,Jonathan Martinez,29,False,False,KO/TKO
2022-10-15,UFC Fight Night: Grasso vs. Araujo,Light Heavyweight,Misha Cirkunov,999,Alonzo Menifield,19,False,False,KO/TKO
2022-10-15,UFC Fight Night: Grasso vs. Araujo,Women's Strawweight,Piera Rodriguez,18,Sam Hughes,21,False,False,U-DEC
2022-10-15,UFC Fight Night: Grasso vs. Araujo,Middleweight,Jordan Wright,999,Dusko Todorovic,63,False,False,KO/TKO
2022-10-15,UFC Fight Night: Grasso vs. Araujo,Bantamweight,Mana Martinez,59,Brandon Davis,61,False,False,S-DEC
2022-10-15,UFC Fight Night: Grasso vs. Araujo,Welterweight,Mike Jackson,65,Pete Rodriguez,82,False,False,KO/TKO
2022-10-15,UFC Fight Night: Grasso vs. Araujo,Middleweight,Nick Maximov,46,Jacob Malkoun,40,False,False,U-DEC
2022-10-15,UFC Fight Night: Grasso vs. Araujo,Women's Flyweight,Alexa Grasso,10,Viviane Araujo,13,False,True,U-DEC
2022-10-15,UFC Fight Night: Grasso vs. Araujo,Bantamweight,Raphael Assuncao,30,Victor Henry,28,False,False,U-DEC
2022-10-15,UFC Fight Night: Grasso vs. Araujo,Featherweight,Joanderson Brito,30,Lucas Alexander,999,False,False,SUB
2022-10-15,UFC Fight Night: Grasso vs. Araujo,Flyweight,Tatsuro Taira,13,CJ Vergara,26,False,False,SUB
2022-10-22,UFC 280: Oliveira vs. Makhachev,Middleweight,Armen Petrosyan,41,AJ Dobson,67,False,False,U-DEC
2022-10-22,UFC 280: Oliveira vs. Makhachev,Flyweight,Muhammad Mokaev,8,Malcolm Gordon,25,False,False,SUB
2022-10-22,UFC 280: Oliveira vs. Makhachev,Bantamweight,Aljamain Sterling,1,TJ Dillashaw,13,False,True,KO/TKO
2022-10-22,UFC 280: Oliveira vs. Makhachev,Women's Flyweight,Katlyn Cerminara,7,Manon Fiorot,2,True,True,U-DEC
2022-10-22,UFC 280: Oliveira vs. Makhachev,Middleweight,Makhmud Muradov,32,Caio Borralho,34,False,False,U-DEC
2022-10-22,UFC 280: Oliveira vs. Makhachev,Women's Bantamweight,Karol Rosa,6,Lina Lansberg,22,False,False,M-DEC
2022-10-22,UFC 280: Oliveira vs. Makhachev,Lightweight,Charles Oliveira,1,Islam Makhachev,999,False,False,SUB
2022-10-22,UFC 280: Oliveira vs. Makhachev,Bantamweight,Petr Yan,3,Sean O'Malley,10,True,True,S-DEC
2022-10-22,UFC 280: Oliveira vs. Makhachev,Lightweight,Beneil Dariush,3,Mateusz Gamrot,5,True,True,U-DEC
2022-10-22,UFC 280: Oliveira vs. Makhachev,Welterweight,Abubakar Nurmagomedov,999,Gadzhi Omargadzhiev,999,False,False,U-DEC
2022-10-22,UFC 280: Oliveira vs. Makhachev,Welterweight,Belal Muhammad,4,Sean Brady,5,True,True,KO/TKO
2022-10-22,UFC 280: Oliveira vs. Makhachev,Light Heavyweight,Volkan Oezdemir,10,Nikita Krylov,9,True,True,U-DEC
2022-10-29,UFC Fight Night: Kattar vs. Allen,Flyweight,Cody Durden,27,Carlos Mota,999,False,False,U-DEC
2022-10-29,UFC Fight Night: Kattar vs. Allen,Heavyweight,Waldo Cortes Acosta,999,Jared Vanderaa,41,False,False,U-DEC
2022-10-29,UFC Fight Night: Kattar vs. Allen,Heavyweight,Andrei Arlovski,19,Marcos Rogerio de Lima,17,False,False,SUB
2022-10-29,UFC Fight Night: Kattar vs. Allen,Middleweight,Josh Fremd,63,Tresean Gore,73,False,False,SUB
2022-10-29,UFC Fight Night: Kattar vs. Allen,Featherweight,Chase Hooper,43,Steve Garcia,999,False,False,KO/TKO
2022-10-29,UFC Fight Night: Kattar vs. Allen,Light Heavyweight,Dustin Jacoby,11,Khalil Rountree Jr.,22,False,False,S-DEC
2022-10-29,UFC Fight Night: Kattar vs. Allen,Featherweight,Calvin Kattar,9,Arnold Allen,4,True,True,KO/TKO
2022-10-29,UFC Fight Night: Kattar vs. Allen,Welterweight,Tim Means,31,Max Griffin,21,False,False,S-DEC
2022-10-29,UFC Fight Night: Kattar vs. Allen,Middleweight,Joseph Holmes,45,JunYong Park,44,False,False,SUB
2022-10-29,UFC Fight Night: Kattar vs. Allen,Middleweight,Phil Hawes,18,Roman Dolidze,15,False,False,KO/TKO
2022-10-29,UFC Fight Night: Kattar vs. Allen,Bantamweight,Christian Rodriguez,999,Joshua Weems,999,False,False,SUB
2022-11-05,UFC Fight Night: Rodriguez vs. Lemos,Lightweight,Grant Dawson,14,Mark Madsen,25,False,False,SUB
2022-11-05,UFC Fight Night: Rodriguez vs. Lemos,Featherweight,Darrick Minner,44,Shayilan Nuerdanbieke,49,False,False,KO/TKO
2022-11-05,UFC Fight Night: Rodriguez vs. Lemos,Bantamweight,Mario Bautista,33,Benito Lopez,999,False,False,SUB
2022-11-05,UFC Fight Night: Rodriguez vs. Lemos,Bantamweight,Liudvik Sholinian,70,Johnny Munoz,63,False,False,U-DEC
2022-11-05,UFC Fight Night: Rodriguez vs. Lemos,Flyweight,Tagir Ulanbekov,22,Nate Maness,999,False,False,SUB
2022-11-05,UFC Fight Night: Rodriguez vs. Lemos,Women's Strawweight,Polyana Viana,24,Jinh Yu Frey,34,False,False,KO/TKO
2022-11-05,UFC Fight Night: Rodriguez vs. Lemos,Women's Flyweight,Miranda Maverick,12,Shanna Young,39,False,False,U-DEC
2022-11-05,UFC Fight Night: Rodriguez vs. Lemos,Women's Strawweight,Marina Rodriguez,4,Amanda Lemos,5,True,True,KO/TKO
2022-11-05,UFC Fight Night: Rodriguez vs. Lemos,Welterweight,Neil Magny,14,Daniel Rodriguez,999,False,False,SUB
2022-11-05,UFC Fight Night: Rodriguez vs. Lemos,Women's Bantamweight,Tamires Vidal,999,Ramona Pascual,999,False,False,KO/TKO
2022-11-05,UFC Fight Night: Rodriguez vs. Lemos,Flyweight,Carlos Candelario,38,Jake Hadley,33,False,False,SUB
2022-11-12,UFC 281: Adesanya vs. Pereira,Middleweight,Israel Adesanya,1,Alex Pereira,4,True,True,KO/TKO
2022-11-12,UFC 281: Adesanya vs. Pereira,Bantamweight,Frankie Edgar,16,Chris Gutierrez,14,False,True,KO/TKO
2022-11-12,UFC 281: Adesanya vs. Pereira,Lightweight,Brad Riddell,31,Renato Moicano,999,False,False,SUB
2022-11-12,UFC 281: Adesanya vs. Pereira,Lightweight,Matt Frevola,61,Ottman Azaitar,999,False,False,KO/TKO
2022-11-12,UFC 281: Adesanya vs. Pereira,Lightweight,Dustin Poirier,3,Michael Chandler,8,True,True,SUB
2022-11-12,UFC 281: Adesanya vs. Pereira,Middleweight,Andre Petroski,18,Wellington Turman,54,False,False,U-DEC
2022-11-12,UFC 281: Adesanya vs. Pereira,Light Heavyweight,Dominick Reyes,999,Ryan Spann,17,False,False,KO/TKO
2022-11-12,UFC 281: Adesanya vs. Pereira,Lightweight,Dan Hooker,999,Claudio Puelles,25,False,False,KO/TKO
2022-11-12,UFC 281: Adesanya vs. Pereira,Featherweight,Michael Trizano,63,SeungWoo Choi,37,False,False,KO/TKO
2022-11-12,UFC 281: Adesanya vs. Pereira,Women's Strawweight,Carla Esparza,5,Zhang Weili,1,True,True,SUB
2022-11-12,UFC 281: Adesanya vs. Pereira,Women's Flyweight,Erin Blanchfield,5,Molly McCann,16,False,True,SUB
2022-11-12,UFC 281: Adesanya vs. Pereira,Bantamweight,Julio Arce,38,Montel Jackson,19,False,False,U-DEC
2022-11-12,UFC 281: Adesanya vs. Pereira,Light Heavyweight,Carlos Ulberg,20,Nicolae Negumereanu,25,False,False,KO/TKO
2022-11-12,UFC 281: Adesanya vs. Pereira,Women's Strawweight,Karolina Kowalkiewicz,22,Silvana Gomez Juarez,26,False,False,U-DEC
2022-11-19,UFC Fight Night: Nzechukwu vs. Cutelaba,Bantamweight,Ricky Turcios,62,Kevin Natividad,999,False,False,S-DEC
2022-11-19,UFC Fight Night: Nzechukwu vs. Cutelaba,Heavyweight,Chase Sherman,40,Waldo Cortes Acosta,28,False,False,U-DEC
2022-11-19,UFC Fight Night: Nzechukwu vs. Cutelaba,Women's Flyweight,Jennifer Maia,26,Maryna Moroz,21,False,False,U-DEC
2022-11-19,UFC Fight Night: Nzechukwu vs. Cutelaba,Women's Flyweight,Natalia Silva,13,Tereza Bleda,999,False,False,KO/TKO
2022-11-19,UFC Fight Night: Nzechukwu vs. Cutelaba,Bantamweight,Vince Morales,52,Miles Johns,46,False,False,U-DEC
2022-11-19,UFC Fight Night: Nzechukwu vs. Cutelaba,Bantamweight,Brady Hiestand,66,Fernie Garcia,72,False,False,U-DEC
2022-11-19,UFC Fight Night: Nzechukwu vs. Cutelaba,Flyweight,Charles Johnson,30,Zhalgas Zhumagulov,36,False,False,S-DEC
2022-11-19,UFC Fight Night: Nzechukwu vs. Cutelaba,Women's Strawweight,Vanessa Demopoulos,23,Maria Oliveira,33,False,False,U-DEC
2022-11-19,UFC Fight Night: Nzechukwu vs. Cutelaba,Welterweight,Andre Fialho,62,Muslim Salikhov,29,False,False,KO/TKO
2022-11-19,UFC Fight Night: Nzechukwu vs. Cutelaba,Light Heavyweight,Kennedy Nzechukwu,27,Ion Cutelaba,21,False,False,KO/TKO
2022-11-19,UFC Fight Night: Nzechukwu vs. Cutelaba,Welterweight,Jack Della Maddalena,22,Danny Roberts,67,False,False,KO/TKO
2022-12-03,UFC Fight Night: Thompson vs. Holland,Women's Strawweight,Angela Hill,999,Emily Ducote,14,False,False,U-DEC
2022-12-03,UFC Fight Night: Thompson vs. Holland,Featherweight,Marcelo Rojo,999,Francis Marshall,999,False,False,KO/TKO
2022-12-03,UFC Fight Night: Thompson vs. Holland,Women's Strawweight,Yazmin Jauregui,17,Istela Nunes,38,False,False,KO/TKO
2022-12-03,UFC Fight Night: Thompson vs. Holland,Lightweight,Natan Levy,70,Genaro Valdez,86,False,False,U-DEC
2022-12-03,UFC Fight Night: Thompson vs. Holland,Flyweight,Matheus Nicolau,14,Matt Schnell,15,False,True,KO/TKO
2022-12-03,UFC Fight Night: Thompson vs. Holland,Lightweight,Clay Guida,44,Scott Holtzman,999,False,False,S-DEC
2022-12-03,UFC Fight Night: Thompson vs. Holland,Welterweight,Niko Price,39,Phil Rowe,58,False,False,KO/TKO
2022-12-03,UFC Fight Night: Thompson vs. Holland,Lightweight,Michael Johnson,50,Marc Diakiese,37,False,False,U-DEC
2022-12-03,UFC Fight Night: Thompson vs. Holland,Heavyweight,Tai Tuivasa,8,Sergei Pavlovich,5,True,True,KO/TKO
2022-12-03,UFC Fight Night: Thompson vs. Holland,Welterweight,Stephen Thompson,10,Kevin Holland,999,False,False,KO/TKO
2022-12-03,UFC Fight Night: Thompson vs. Holland,Middleweight,Jack Hermansson,6,Roman Dolidze,11,True,True,KO/TKO
2022-12-03,UFC Fight Night: Thompson vs. Holland,Featherweight,Darren Elkins,26,Jonathan Pearce,14,False,False,U-DEC
2022-12-03,UFC Fight Night: Thompson vs. Holland,Middleweight,Eryk Anders,45,Kyle Daukaus,56,False,False,KO/TKO
2022-12-03,UFC Fight Night: Thompson vs. Holland,Welterweight,Bryan Barberena,36,Rafael Dos Anjos,999,False,False,SUB
2022-12-10,UFC 282: Blachowicz vs. Ankalaev,Lightweight,Paddy Pimblett,18,Jared Gordon,24,False,False,U-DEC
2022-12-10,UFC 282: Blachowicz vs. Ankalaev,Heavyweight,Jairzinho Rozenstruik,10,Chris Daukaus,8,True,True,KO/TKO
2022-12-10,UFC 282: Blachowicz vs. Ankalaev,Featherweight,TJ Brown,61,Erik Silva,999,False,False,SUB
2022-12-10,UFC 282: Blachowicz vs. Ankalaev,Light Heavyweight,Jan Blachowicz,1,Magomed Ankalaev,2,True,True,S-DEC
2022-12-10,UFC 282: Blachowicz vs. Ankalaev,Featherweight,Bryce Mitchell,8,Ilia Topuria,999,False,False,SUB
2022-12-10,UFC 282: Blachowicz vs. Ankalaev,Middleweight,Edmen Shahbazyan,28,Dalcha Lungiambula,67,False,False,KO/TKO
2022-12-10,UFC 282: Blachowicz vs. Ankalaev,Bantamweight,Cameron Saaiman,999,Steven Koslow,999,False,False,KO/TKO
2022-12-10,UFC 282: Blachowicz vs. Ankalaev,Featherweight,Billy Quarantillo,20,Alexander Hernandez,999,False,False,KO/TKO
2022-12-10,UFC 282: Blachowicz vs. Ankalaev,Middleweight,Chris Curtis,25,Joaquin Buckley,35,False,False,KO/TKO
2022-12-10,UFC 282: Blachowicz vs. Ankalaev,Middleweight,Darren Till,16,Dricus Du Plessis,12,False,True,SUB
2022-12-10,UFC 282: Blachowicz vs. Ankalaev,Bantamweight,Raul Rosas Jr.,999,Jay Perrin,67,False,False,SUB
2022-12-17,UFC Fight Night: Cannonier vs. Strickland,Middleweight,Jared Cannonier,8,Sean Strickland,14,False,True,S-DEC
2022-12-17,UFC Fight Night: Cannonier vs. Strickland,Welterweight,Jake Matthews,26,Matthew Semelsberger,35,False,False,U-DEC
2022-12-17,UFC Fight Night: Cannonier vs. Strickland,Welterweight,Bryan Battle,27,Rinat Fakhretdinov,54,False,False,U-DEC
2022-12-17,UFC Fight Night: Cannonier vs. Strickland,Featherweight,Alex Caceres,23,Julian Erosa,41,False,False,KO/TKO
2022-12-17,UFC Fight Night: Cannonier vs. Strickland,Lightweight,Drew Dober,13,King Green,999,False,False,KO/TKO
2022-12-17,UFC Fight Night: Cannonier vs. Strickland,Women's Strawweight,Cheyanne Vlismas,14,Cory McKenna,22,False,False,U-DEC
2022-12-17,UFC Fight Night: Cannonier vs. Strickland,Bantamweight,Sergey Morozov,52,Journey Newson,62,False,False,U-DEC
2022-12-17,UFC Fight Night: Cannonier vs. Strickland,Lightweight,Arman Tsarukyan,4,Damir Ismagulov,23,False,False,U-DEC
2022-12-17,UFC Fight Night: Cannonier vs. Strickland,Flyweight,Amir Albazi,13,Alessandro Costa,999,False,False,KO/TKO
2022-12-17,UFC Fight Night: Cannonier vs. Strickland,Middleweight,Cody Brundage,36,Michal Oleksiejczuk,35,False,False,KO/TKO
2022-12-17,UFC Fight Night: Cannonier vs. Strickland,Bantamweight,Said Nurmagomedov,6,Saidyokub Kakhramonov,20,False,False,SUB
2022-12-17,UFC Fight Night: Cannonier vs. Strickland,Lightweight,Rafa Garcia,67,Maheshate,26,False,False,U-DEC
2022-12-17,UFC Fight Night: Cannonier vs. Strickland,Flyweight,David Dvorak,15,Manel Kape,7,False,True,U-DEC
2023-01-14,UFC Fight Night: Strickland vs. Imavov,Middleweight,Claudio Ribeiro,999,Abdul Razak Alhassan,41,False,False,KO/TKO
2023-01-14,UFC Fight Night: Strickland vs. Imavov,Bantamweight,Javid Basharat,25,Mateus Mendonca,999,False,False,U-DEC
2023-01-14,UFC Fight Night: Strickland vs. Imavov,Women's Bantamweight,Ketlen Vieira,10,Raquel Pennington,2,True,True,S-DEC
2023-01-14,UFC Fight Night: Strickland vs. Imavov,Lightweight,Mateusz Rebecki,999,Nick Fiore,999,False,False,U-DEC
2023-01-14,UFC Fight Night: Strickland vs. Imavov,Light Heavyweight,Sean Strickland,999,Nassourdine Imavov,999,False,False,U-DEC
2023-01-14,UFC Fight Night: Strickland vs. Imavov,Featherweight,Dan Argueta,59,Nick Aguirre,999,False,False,U-DEC
2023-01-14,UFC Fight Night: Strickland vs. Imavov,Bantamweight,Umar Nurmagomedov,8,Raoni Barcelos,22,False,False,KO/TKO
2023-01-14,UFC Fight Night: Strickland vs. Imavov,Flyweight,Charles Johnson,29,Jimmy Flick,999,False,False,KO/TKO
2023-01-14,UFC Fight Night: Strickland vs. Imavov,Featherweight,Dan Ige,15,Damon Jackson,21,False,False,KO/TKO
2023-01-14,UFC Fight Night: Strickland vs. Imavov,Flyweight,Allan Nascimento,23,Carlos Hernandez,24,False,False,SUB
2023-01-14,UFC Fight Night: Strickland vs. Imavov,Middleweight,Punahele Soriano,39,Roman Kopylov,45,False,False,KO/TKO
2023-01-21,UFC 283: Teixeira vs. Hill,Women's Flyweight,Lauren Murphy,16,Jessica Andrade,999,False,False,U-DEC
2023-01-21,UFC 283: Teixeira vs. Hill,Flyweight,Deiveson Figueiredo,1,Brandon Moreno,3,True,True,KO/TKO
2023-01-21,UFC 283: Teixeira vs. Hill,Welterweight,Gilbert Burns,6,Neil Magny,9,True,True,SUB
2023-01-21,UFC 283: Teixeira vs. Hill,Bantamweight,Saimon Oliveira,74,Daniel Marcos,999,False,False,KO/TKO
2023-01-21,UFC 283: Teixeira vs. Hill,Light Heavyweight,Paul Craig,22,Johnny Walker,19,False,False,KO/TKO
2023-01-21,UFC 283: Teixeira vs. Hill,Bantamweight,Luan Lacerda,999,Cody Stamann,29,False,False,U-DEC
2023-01-21,UFC 283: Teixeira vs. Hill,Middleweight,Gregory Rodrigues,13,Brunno Ferreira,999,False,False,KO/TKO
2023-01-21,UFC 283: Teixeira vs. Hill,Welterweight,Gabriel Bonfim,999,Mounir Lazzez,43,False,False,SUB
2023-01-21,UFC 283: Teixeira vs. Hill,Lightweight,Thiago Moises,28,Melquizael Costa,999,False,False,SUB
2023-01-21,UFC 283: Teixeira vs. Hill,Lightweight,Ismael Bonfim,999,Terrance McKinney,21,False,False,KO/TKO
2023-01-21,UFC 283: Teixeira vs. Hill,Light Heavyweight,Mauricio Rua,28,Ihor Potieria,40,False,False,KO/TKO
2023-01-21,UFC 283: Teixeira vs. Hill,Light Heavyweight,Glover Teixeira,3,Jamahal Hill,7,True,True,U-DEC
2023-01-21,UFC 283: Teixeira vs. Hill,Welterweight,Warlley Alves,999,Nicolas Dalby,38,False,False,S-DEC
2023-01-21,UFC 283: Teixeira vs. Hill,Heavyweight,Shamil Abdurakhimov,24,Jailton Almeida,999,False,False,KO/TKO
2023-02-04,UFC Fight Night: Lewis vs. Spivac,Featherweight,Dooho Choi,999,Kyle Nelson,999,False,False,M-DEC
2023-02-04,UFC Fight Night: Lewis vs. Spivac,Featherweight,JeongYeong Lee,999,Yizha,999,False,False,S-DEC
2023-02-04,UFC Fight Night: Lewis vs. Spivac,Light Heavyweight,Da Woon Jung,13,Devin Clark,30,False,False,U-DEC
2023-02-04,UFC Fight Night: Lewis vs. Spivac,Heavyweight,Marcin Tybura,11,Blagoy Ivanov,19,False,False,U-DEC
2023-02-04,UFC Fight Night: Lewis vs. Spivac,Flyweight,SeungGuk Choi,999,HyunSung Park,999,False,False,SUB
2023-02-04,UFC Fight Night: Lewis vs. Spivac,Middleweight,JunYong Park,38,Denis Tiuliulin,52,False,False,SUB
2023-02-04,UFC Fight Night: Lewis vs. Spivac,Flyweight,Tatsuro Taira,13,Jesus Aguilar,999,False,False,SUB
2023-02-04,UFC Fight Night: Lewis vs. Spivac,Bantamweight,Toshiomi Kazama,999,Rinya Nakamura,999,False,False,KO/TKO
2023-02-04,UFC Fight Night: Lewis vs. Spivac,Lightweight,Jeka Saragih,999,Anshul Jubli,999,False,False,KO/TKO
2023-02-04,UFC Fight Night: Lewis vs. Spivac,Welterweight,Yusaku Kinoshita,999,Adam Fugitt,69,False,False,KO/TKO
2023-02-04,UFC Fight Night: Lewis vs. Spivac,Heavyweight,Derrick Lewis,10,Serghei Spivac,12,False,True,SUB
2023-02-11,UFC 284: Makhachev vs. Volkanovski,Lightweight,Zubaira Tukhugov,999,Elves Brener,999,False,False,S-DEC
2023-02-11,UFC 284: Makhachev vs. Volkanovski,Flyweight,Shannon Ross,999,Kleydson Rodrigues,29,False,False,KO/TKO
2023-02-11,UFC 284: Makhachev vs. Volkanovski,Featherweight,Yair Rodriguez,15,Josh Emmett,7,False,True,SUB
2023-02-11,UFC 284: Makhachev vs. Volkanovski,Lightweight,Islam Makhachev,1,Alexander Volkanovski,999,False,False,U-DEC
2023-02-11,UFC 284: Makhachev vs. Volkanovski,Featherweight,Jack Jenkins,999,Don Shainis,69,False,False,U-DEC
2023-02-11,UFC 284: Makhachev vs. Volkanovski,Welterweight,Jack Della Maddalena,13,Randy Brown,18,False,False,SUB
2023-02-11,UFC 284: Makhachev vs. Volkanovski,Women's Strawweight,Loma Lookboonmee,18,Elise Reed,33,False,False,SUB
2023-02-11,UFC 284: Makhachev vs. Volkanovski,Featherweight,Shane Young,999,Blake Bilder,999,False,False,U-DEC
2023-02-11,UFC 284: Makhachev vs. Volkanovski,Featherweight,Josh Culibao,35,Melsik Baghdasaryan,28,False,False,SUB
2023-02-11,UFC 284: Makhachev vs. Volkanovski,Lightweight,Jamie Mullarkey,32,Francisco Prado,999,False,False,U-DEC
2023-02-11,UFC 284: Makhachev vs. Volkanovski,Light Heavyweight,Tyson Pedro,29,Modestas Bukauskas,42,False,False,U-DEC
2023-02-11,UFC 284: Makhachev vs. Volkanovski,Heavyweight,Justin Tafa,36,Parker Porter,37,False,False,KO/TKO
2023-02-11,UFC 284: Makhachev vs. Volkanovski,Light Heavyweight,Jimmy Crute,19,Alonzo Menifield,18,False,False,M-DEC
2023-02-18,UFC Fight Night: Andrade vs. Blanchfield,Light Heavyweight,Ovince Saint Preux,28,Philipe Lins,37,False,False,KO/TKO
2023-02-18,UFC Fight Night: Andrade vs. Blanchfield,Heavyweight,Josh Parisian,38,Jamal Pogues,999,False,False,U-DEC
2023-02-18,UFC Fight Night: Andrade vs. Blanchfield,Light Heavyweight,Jordan Wright,999,Zac Pauga,999,False,False,U-DEC
2023-02-18,UFC Fight Night: Andrade vs. Blanchfield,Flyweight,Clayton Carpenter,999,Juancamilo Ronderos,999,False,False,SUB
2023-02-18,UFC Fight Night: Andrade vs. Blanchfield,Welterweight,AJ Fletcher,78,Themba Gorimbo,999,False,False,SUB
2023-02-18,UFC Fight Night: Andrade vs. Blanchfield,Featherweight,Jamall Emmers,47,Khusein Askhabov,999,False,False,U-DEC
2023-02-18,UFC Fight Night: Andrade vs. Blanchfield,Lightweight,Jim Miller,999,Alexander Hernandez,999,False,False,U-DEC
2023-02-18,UFC Fight Night: Andrade vs. Blanchfield,Women's Bantamweight,Lina Lansberg,19,Mayra Bueno Silva,12,False,False,SUB
2023-02-18,UFC Fight Night: Andrade vs. Blanchfield,Lightweight,Nazim Sadykhov,999,Evan Elder,999,False,False,KO/TKO
2023-02-18,UFC Fight Night: Andrade vs. Blanchfield,Light Heavyweight,William Knight,999,Marcin Prachnio,35,False,False,U-DEC
2023-02-18,UFC Fight Night: Andrade vs. Blanchfield,Women's Flyweight,Jessica Andrade,2,Erin Blanchfield,4,True,True,SUB
2023-02-25,UFC Fight Night: Muniz vs. Allen,Welterweight,Mike Malott,38,Yohan Lainesse,70,False,False,SUB
2023-02-25,UFC Fight Night: Muniz vs. Allen,Lightweight,Rafael Alves,59,Nurullo Aliev,999,False,False,M-DEC
2023-02-25,UFC Fight Night: Muniz vs. Allen,Lightweight,Joe Solecki,26,Carl Deaton,999,False,False,SUB
2023-02-25,UFC Fight Night: Muniz vs. Allen,Middleweight,Andre Muniz,6,Brendan Allen,15,False,True,SUB
2023-02-25,UFC Fight Night: Muniz vs. Allen,Women's Flyweight,Tatiana Suarez,999,Montana De La Rosa,25,False,False,SUB
2023-02-25,UFC Fight Night: Muniz vs. Allen,Lightweight,Erick Gonzalez,92,Trevor Peek,999,False,False,KO/TKO
2023-02-25,UFC Fight Night: Muniz vs. Allen,Lightweight,Jordan Leavitt,49,Victor Martinez,999,False,False,KO/TKO
2023-02-25,UFC Fight Night: Muniz vs. Allen,Heavyweight,Augusto Sakai,24,Don'Tale Mayes,33,False,False,U-DEC
2023-02-25,UFC Fight Night: Muniz vs. Allen,Women's Flyweight,Jasmine Jasudavicius,38,Gabriella Fernandes,999,False,False,U-DEC
2023-03-04,UFC 285: Jones vs. Gane,Women's Flyweight,Viviane Araujo,16,Amanda Ribas,7,False,True,U-DEC
2023-03-04,UFC 285: Jones vs. Gane,Bantamweight,Mana Martinez,54,Cameron Saaiman,43,False,False,M-DEC
2023-03-04,UFC 285: Jones vs. Gane,Welterweight,Geoff Neal,7,Shavkat Rakhmonov,6,True,True,SUB
2023-03-04,UFC 285: Jones vs. Gane,Middleweight,Bo Nickal,999,Jamie Pickett,66,False,False,SUB
2023-03-04,UFC 285: Jones vs. Gane,Heavyweight,Jon Jones,999,Ciryl Gane,2,False,False,SUB
2023-03-04,UFC 285: Jones vs. Gane,Women's Flyweight,Valentina Shevchenko,1,Alexa Grasso,8,True,True,SUB
2023-03-04,UFC 285: Jones vs. Gane,Middleweight,Julian Marquez,49,Marc-Andre Barriault,46,False,False,KO/TKO
2023-03-04,UFC 285: Jones vs. Gane,Middleweight,Derek Brunson,5,Dricus Du Plessis,4,True,True,KO/TKO
2023-03-04,UFC 285: Jones vs. Gane,Women's Strawweight,Jessica Penne,26,Tabatha Ricci,19,False,False,SUB
2023-03-04,UFC 285: Jones vs. Gane,Bantamweight,Da'Mon Blackshear,67,Farid Basharat,999,False,False,U-DEC
2023-03-04,UFC 285: Jones vs. Gane,Lightweight,Mateusz Gamrot,8,Jalin Turner,12,False,True,S-DEC
2023-03-04,UFC 285: Jones vs. Gane,Bantamweight,Cody Garbrandt,999,Trevin Jones,78,False,False,U-DEC
2023-03-04,UFC 285: Jones vs. Gane,Welterweight,Ian Machado Garry,34,Song Kenan,999,False,False,KO/TKO
2023-03-04,UFC 285: Jones vs. Gane,Lightweight,Esteban Ribovics,999,Loik Radzhabov,999,False,False,U-DEC
2023-03-11,UFC Fight Night: Yan vs. Dvalishvili,Bantamweight,Petr Yan,5,Merab Dvalishvili,3,True,True,U-DEC
2023-03-11,UFC Fight Night: Yan vs. Dvalishvili,Bantamweight,Mario Bautista,26,Guido Cannetti,53,False,False,SUB
2023-03-11,UFC Fight Night: Yan vs. Dvalishvili,Heavyweight,Alexander Volkov,6,Alexandr Romanov,8,True,True,KO/TKO
2023-03-11,UFC Fight Night: Yan vs. Dvalishvili,Middleweight,Sedriques Dumas,999,Josh Fremd,67,False,False,SUB
2023-03-11,UFC Fight Night: Yan vs. Dvalishvili,Bantamweight,Raphael Assuncao,28,Davey Grant,48,False,False,SUB
2023-03-11,UFC Fight Night: Yan vs. Dvalishvili,Light Heavyweight,Vitor Petrino,999,Anton Turkalj,999,False,False,U-DEC
2023-03-11,UFC Fight Night: Yan vs. Dvalishvili,Women's Flyweight,Ariane da Silva,999,JJ Aldrich,29,False,False,U-DEC
2023-03-11,UFC Fight Night: Yan vs. Dvalishvili,Bantamweight,Said Nurmagomedov,6,Jonathan Martinez,20,False,False,U-DEC
2023-03-11,UFC Fight Night: Yan vs. Dvalishvili,Flyweight,Tyson Nam,17,Bruno Silva,999,False,False,SUB
2023-03-11,UFC Fight Night: Yan vs. Dvalishvili,Bantamweight,Victor Henry,38,Tony Gravely,42,False,False,S-DEC
2023-03-11,UFC Fight Night: Yan vs. Dvalishvili,Welterweight,Carlston Harris,39,Jared Gooden,63,False,False,U-DEC
2023-03-11,UFC Fight Night: Yan vs. Dvalishvili,Heavyweight,Karl Williams,999,Lukasz Brzeski,32,False,False,U-DEC
2023-03-18,UFC 286: Edwards vs. Usman 3,Welterweight,Gunnar Nelson,37,Bryan Barberena,39,False,False,SUB
2023-03-18,UFC 286: Edwards vs. Usman 3,Featherweight,Jack Shore,999,Makwan Amirkhani,50,False,False,SUB
2023-03-18,UFC 286: Edwards vs. Usman 3,Middleweight,Christian Leroy Duncan,999,Dusko Todorovic,45,False,False,KO/TKO
2023-03-18,UFC 286: Edwards vs. Usman 3,Featherweight,Lerone Murphy,20,Gabriel Santos,999,False,False,S-DEC
2023-03-18,UFC 286: Edwards vs. Usman 3,Women's Flyweight,Juliana Miller,19,Veronica Hardy,999,False,False,U-DEC
2023-03-18,UFC 286: Edwards vs. Usman 3,Middleweight,Marvin Vettori,9,Roman Dolidze,5,True,True,U-DEC
2023-03-18,UFC 286: Edwards vs. Usman 3,Flyweight,Jake Hadley,27,Malcolm Gordon,28,False,False,KO/TKO
2023-03-18,UFC 286: Edwards vs. Usman 3,Women's Flyweight,Joanne Wood,23,Luana Carolina,38,False,False,S-DEC
2023-03-18,UFC 286: Edwards vs. Usman 3,Lightweight,Justin Gaethje,7,Rafael Fiziev,10,True,True,M-DEC
2023-03-18,UFC 286: Edwards vs. Usman 3,Lightweight,Jai Herbert,59,Ludovit Klein,56,False,False,M-DEC
2023-03-18,UFC 286: Edwards vs. Usman 3,Lightweight,Sam Patterson,999,Yanal Ashmouz,999,False,False,KO/TKO
2023-03-18,UFC 286: Edwards vs. Usman 3,Welterweight,Leon Edwards,17,Kamaru Usman,1,False,False,M-DEC
2023-03-18,UFC 286: Edwards vs. Usman 3,Lightweight,Chris Duncan,999,Omar Morales,84,False,False,S-DEC
2023-03-18,UFC 286: Edwards vs. Usman 3,Women's Flyweight,Jennifer Maia,18,Casey O'Neill,8,False,False,U-DEC
2023-03-18,UFC 286: Edwards vs. Usman 3,Flyweight,Muhammad Mokaev,6,Jafel Filho,999,False,False,SUB
2023-03-25,UFC Fight Night: Vera vs. Sandhagen,Welterweight,Trevin Giles,55,Preston Parsons,49,False,False,S-DEC
2023-03-25,UFC Fight Night: Vera vs. Sandhagen,Flyweight,CJ Vergara,31,Daniel Lacerda,46,False,False,KO/TKO
2023-03-25,UFC Fight Night: Vera vs. Sandhagen,Women's Bantamweight,Holly Holm,5,Yana Santos,999,False,False,U-DEC
2023-03-25,UFC Fight Night: Vera vs. Sandhagen,Middleweight,Chidi Njokuani,31,Albert Duraev,48,False,False,S-DEC
2023-03-25,UFC Fight Night: Vera vs. Sandhagen,Bantamweight,Marlon Vera,11,Cory Sandhagen,3,True,True,S-DEC
2023-03-25,UFC Fight Night: Vera vs. Sandhagen,Flyweight,Victor Altamirano,21,Vinicius Salvador,999,False,False,U-DEC
2023-03-25,UFC Fight Night: Vera vs. Sandhagen,Women's Flyweight,Andrea Lee,12,Maycee Barber,10,False,True,S-DEC
2023-03-25,UFC Fight Night: Vera vs. Sandhagen,Featherweight,Steven Peterson,60,Lucas Alexander,74,False,False,U-DEC
2023-03-25,UFC Fight Night: Vera vs. Sandhagen,Featherweight,Nate Landwehr,39,Austin Lingo,999,False,False,SUB
2023-03-25,UFC Fight Night: Vera vs. Sandhagen,Featherweight,Daniel Pineda,999,Tucker Lutz,51,False,False,SUB
2023-04-08,UFC 287: Pereira vs. Adesanya 2,Featherweight,Shayilan Nuerdanbieke,27,Steve Garcia,34,False,False,KO/TKO
2023-04-08,UFC 287: Pereira vs. Adesanya 2,Middleweight,Gerald Meerschaert,26,Joe Pyfer,45,False,False,KO/TKO
2023-04-08,UFC 287: Pereira vs. Adesanya 2,Bantamweight,Raul Rosas Jr.,43,Christian Rodriguez,48,False,False,U-DEC
2023-04-08,UFC 287: Pereira vs. Adesanya 2,Welterweight,Kevin Holland,27,Santiago Ponzinibbio,999,False,False,KO/TKO
2023-04-08,UFC 287: Pereira vs. Adesanya 2,Women's Strawweight,Jaqueline Amorim,999,Sam Hughes,23,False,False,U-DEC
2023-04-08,UFC 287: Pereira vs. Adesanya 2,Bantamweight,Rob Font,5,Adrian Yanez,10,True,True,KO/TKO
2023-04-08,UFC 287: Pereira vs. Adesanya 2,Welterweight,Gilbert Burns,6,Jorge Masvidal,7,True,True,U-DEC
2023-04-08,UFC 287: Pereira vs. Adesanya 2,Women's Strawweight,Cynthia Calvillo,999,Loopy Godinez,999,False,False,S-DEC
2023-04-08,UFC 287: Pereira vs. Adesanya 2,Women's Strawweight,Michelle Waterson-Gomez,17,Luana Pinheiro,15,False,False,S-DEC
2023-04-08,UFC 287: Pereira vs. Adesanya 2,Middleweight,Chris Curtis,13,Kelvin Gastelum,999,False,False,U-DEC
2023-04-08,UFC 287: Pereira vs. Adesanya 2,Middleweight,Alex Pereira,3,Israel Adesanya,4,True,True,KO/TKO
2023-04-15,UFC Fight Night: Holloway vs. Allen,Bantamweight,Aaron Phillips,999,Gaston Bolanos,999,False,False,U-DEC
2023-04-15,UFC Fight Night: Holloway vs. Allen,Light Heavyweight,Zak Cummings,999,Ed Herman,999,False,False,KO/TKO
2023-04-15,UFC Fight Night: Holloway vs. Allen,Women's Strawweight,Bruna Brasil,999,Denise Gomes,33,False,False,KO/TKO
2023-04-15,UFC Fight Night: Holloway vs. Allen,Featherweight,Max Holloway,1,Arnold Allen,4,True,True,U-DEC
2023-04-15,UFC Fight Night: Holloway vs. Allen,Women's Strawweight,Gillian Robertson,999,Piera Rodriguez,15,False,False,SUB
2023-04-15,UFC Fight Night: Holloway vs. Allen,Light Heavyweight,Dustin Jacoby,13,Azamat Murzakanov,15,False,True,U-DEC
2023-04-15,UFC Fight Night: Holloway vs. Allen,Featherweight,Edson Barboza,22,Billy Quarantillo,16,False,False,KO/TKO
2023-04-15,UFC Fight Night: Holloway vs. Allen,Women's Bantamweight,Joselyne Edwards,7,Lucie Pudilova,16,False,True,S-DEC
2023-04-15,UFC Fight Night: Holloway vs. Allen,Light Heavyweight,Tanner Boser,999,Ion Cutelaba,26,False,False,KO/TKO
2023-04-15,UFC Fight Night: Holloway vs. Allen,Featherweight,Bill Algeo,28,TJ Brown,60,False,False,SUB
2023-04-15,UFC Fight Night: Holloway vs. Allen,Flyweight,Brandon Royval,19,Matheus Nicolau,10,False,False,KO/TKO
2023-04-15,UFC Fight Night: Holloway vs. Allen,Lightweight,Clay Guida,42,Rafa Garcia,50,False,False,U-DEC
2023-04-15,UFC Fight Night: Holloway vs. Allen,Lightweight,Lando Vannata,999,Daniel Zellhuber,84,False,False,U-DEC
2023-04-15,UFC Fight Night: Holloway vs. Allen,Bantamweight,Pedro Munhoz,19,Chris Gutierrez,10,False,False,U-DEC
2023-04-22,UFC Fight Night: Pavlovich vs. Blaydes,Bantamweight,Rani Yahya,31,Montel Jackson,18,False,False,KO/TKO
2023-04-22,UFC Fight Night: Pavlovich vs. Blaydes,Welterweight,Jeremiah Wells,16,Matthew Semelsberger,29,False,False,S-DEC
2023-04-22,UFC Fight Night: Pavlovich vs. Blaydes,Lightweight,Ricky Glenn,999,Christos Giagos,64,False,False,KO/TKO
2023-04-22,UFC Fight Night: Pavlovich vs. Blaydes,Women's Flyweight,Iasmin Lucindo,999,Brogan Walker,43,False,False,U-DEC
2023-04-22,UFC Fight Night: Pavlovich vs. Blaydes,Bantamweight,Brady Hiestand,62,Batgerel Danaa,32,False,False,KO/TKO
2023-04-22,UFC Fight Night: Pavlovich vs. Blaydes,Lightweight,King Green,14,Jared Gordon,22,False,False,NC
2023-04-22,UFC Fight Night: Pavlovich vs. Blaydes,Heavyweight,Sergei Pavlovich,5,Curtis Blaydes,2,True,True,KO/TKO
2023-04-22,UFC Fight Night: Pavlovich vs. Blaydes,Heavyweight,Mohammed Usman,24,Junior Tafa,999,False,False,U-DEC
2023-04-22,UFC Fight Night: Pavlovich vs. Blaydes,Featherweight,Francis Marshall,48,William Gomis,43,False,False,S-DEC
2023-04-22,UFC Fight Night: Pavlovich vs. Blaydes,Middleweight,Brad Tavares,27,Bruno Silva,999,False,False,KO/TKO
2023-04-29,UFC Fight Night: Song vs. Simon,Bantamweight,Song Yadong,10,Ricky Simon,13,False,True,KO/TKO
2023-04-29,UFC Fight Night: Song vs. Simon,Middleweight,Rodolfo Vieira,46,Cody Brundage,47,False,False,SUB
2023-04-29,UFC Fight Night: Song vs. Simon,Heavyweight,Martin Buday,24,Jake Collier,34,False,False,U-DEC
2023-04-29,UFC Fight Night: Song vs. Simon,Heavyweight,Marcos Rogerio de Lima,14,Waldo Cortes Acosta,19,False,False,U-DEC
2023-04-29,UFC Fight Night: Song vs. Simon,Welterweight,Josh Quinlan,999,Trey Waters,999,False,False,U-DEC
2023-04-29,UFC Fight Night: Song vs. Simon,Flyweight,Cody Durden,26,Charles Johnson,999,False,False,U-DEC
2023-04-29,UFC Fight Night: Song vs. Simon,Featherweight,Julian Erosa,50,Fernando Padilla,999,False,False,KO/TKO
2023-04-29,UFC Fight Night: Song vs. Simon,Women's Bantamweight,Hailey Cowan,999,Jamey-Lyn Horth,999,False,False,U-DEC
2023-04-29,UFC Fight Night: Song vs. Simon,Middleweight,Caio Borralho,21,Michal Oleksiejczuk,27,False,False,SUB
2023-04-29,UFC Fight Night: Song vs. Simon,Women's Bantamweight,Stephanie Egger,999,Irina Alekseeva,999,False,False,SUB
2023-05-06,UFC 288: Sterling vs. Cejudo,Featherweight,Movsar Evloev,2,Diego Lopes,999,False,False,U-DEC
2023-05-06,UFC 288: Sterling vs. Cejudo,Featherweight,Kron Gracie,999,Charles Jourdain,30,False,False,U-DEC
2023-05-06,UFC 288: Sterling vs. Cejudo,Women's Strawweight,Jessica Andrade,999,Yan Xiaonan,7,False,False,KO/TKO
2023-05-06,UFC 288: Sterling vs. Cejudo,Heavyweight,Braxton Smith,999,Parker Porter,39,False,False,KO/TKO
2023-05-06,UFC 288: Sterling vs. Cejudo,Lightweight,Drew Dober,13,Matt Frevola,46,False,False,KO/TKO
2023-05-06,UFC 288: Sterling vs. Cejudo,Welterweight,Khaos Williams,17,Rolando Bedoya,999,False,False,S-DEC
2023-05-06,UFC 288: Sterling vs. Cejudo,Women's Strawweight,Marina Rodriguez,4,Virna Jandiroba,14,False,True,U-DEC
2023-05-06,UFC 288: Sterling vs. Cejudo,Middleweight,Joseph Holmes,50,Claudio Ribeiro,54,False,False,KO/TKO
2023-05-06,UFC 288: Sterling vs. Cejudo,Light Heavyweight,Kennedy Nzechukwu,24,Devin Clark,27,False,False,SUB
2023-05-06,UFC 288: Sterling vs. Cejudo,Middleweight,Phil Hawes,21,Ikram Aliskerov,999,False,False,KO/TKO
2023-05-06,UFC 288: Sterling vs. Cejudo,Bantamweight,Aljamain Sterling,1,Henry Cejudo,999,False,False,S-DEC
2023-05-06,UFC 288: Sterling vs. Cejudo,Welterweight,Belal Muhammad,6,Gilbert Burns,4,True,True,U-DEC
2023-05-13,UFC Fight Night: Rozenstruik vs. Almeida,Heavyweight,Karl Williams,21,Chase Sherman,40,False,False,U-DEC
2023-05-13,UFC Fight Night: Rozenstruik vs. Almeida,Women's Flyweight,Ji Yeon Kim,999,Mandy Bohm,47,False,False,S-DEC
2023-05-13,UFC Fight Night: Rozenstruik vs. Almeida,Heavyweight,Jairzinho Rozenstruik,9,Jailton Almeida,7,True,True,SUB
2023-05-13,UFC Fight Night: Rozenstruik vs. Almeida,Welterweight,Bryan Battle,51,Gabe Green,63,False,False,KO/TKO
2023-05-13,UFC Fight Night: Rozenstruik vs. Almeida,Welterweight,Tim Means,32,Alex Morono,999,False,False,SUB
2023-05-13,UFC Fight Night: Rozenstruik vs. Almeida,Women's Bantamweight,Jessica-Rose Clark,21,Tainara Lisboa,999,False,False,SUB
2023-05-13,UFC Fight Night: Rozenstruik vs. Almeida,Welterweight,Daniel Rodriguez,15,Ian Machado Garry,20,False,False,KO/TKO
2023-05-13,UFC Fight Night: Rozenstruik vs. Almeida,Light Heavyweight,Anthony Smith,8,Johnny Walker,9,True,True,U-DEC
2023-05-13,UFC Fight Night: Rozenstruik vs. Almeida,Light Heavyweight,Carlos Ulberg,13,Ihor Potieria,30,False,False,KO/TKO
2023-05-13,UFC Fight Night: Rozenstruik vs. Almeida,Welterweight,Matt Brown,52,Court McGee,47,False,False,KO/TKO
2023-05-20,UFC Fight Night: Dern vs. Hill,Lightweight,Diego Ferreira,16,Michael Johnson,41,False,False,KO/TKO
2023-05-20,UFC Fight Night: Dern vs. Hill,Women's Strawweight,Karolina Kowalkiewicz,26,Vanessa Demopoulos,28,False,False,U-DEC
2023-05-20,UFC Fight Night: Dern vs. Hill,Middleweight,Edmen Shahbazyan,23,Anthony Hernandez,22,False,False,KO/TKO
2023-05-20,UFC Fight Night: Dern vs. Hill,Lightweight,Maheshate,74,Viacheslav Borshchev,89,False,False,KO/TKO
2023-05-20,UFC Fight Night: Dern vs. Hill,Welterweight,Andre Fialho,67,Joaquin Buckley,999,False,False,KO/TKO
2023-05-20,UFC Fight Night: Dern vs. Hill,Women's Flyweight,Natalia Silva,10,Victoria Leonardo,46,False,False,KO/TKO
2023-05-20,UFC Fight Night: Dern vs. Hill,Welterweight,Orion Cosce,77,Gilbert Urbina,999,False,False,KO/TKO
2023-05-20,UFC Fight Night: Dern vs. Hill,Welterweight,Takashi Sato,72,Themba Gorimbo,76,False,False,U-DEC
2023-05-20,UFC Fight Night: Dern vs. Hill,Women's Strawweight,Mackenzie Dern,14,Angela Hill,13,False,True,U-DEC
2023-05-20,UFC Fight Night: Dern vs. Hill,Lightweight,Chase Hooper,999,Nick Fiore,91,False,False,U-DEC
2023-05-20,UFC Fight Night: Dern vs. Hill,Heavyweight,Ilir Latifi,15,Rodrigo Nascimento,31,False,False,S-DEC
2023-06-03,UFC Fight Night: Kara-France vs. Albazi,Women's Flyweight,Karine Silva,24,Ketlen Souza,999,False,False,SUB
2023-06-03,UFC Fight Night: Kara-France vs. Albazi,Heavyweight,Andrei Arlovski,28,Don'Tale Mayes,36,False,False,KO/TKO
2023-06-03,UFC Fight Night: Kara-France vs. Albazi,Bantamweight,Da'Mon Blackshear,72,Luan Lacerda,60,False,False,KO/TKO
2023-06-03,UFC Fight Night: Kara-France vs. Albazi,Featherweight,Alex Caceres,20,Daniel Pineda,42,False,False,U-DEC
2023-06-03,UFC Fight Night: Kara-France vs. Albazi,Bantamweight,Daniel Santos,999,Johnny Munoz,53,False,False,U-DEC
2023-06-03,UFC Fight Night: Kara-France vs. Albazi,Flyweight,Tim Elliott,22,Victor Altamirano,17,False,False,U-DEC
2023-06-03,UFC Fight Night: Kara-France vs. Albazi,Light Heavyweight,Philipe Lins,23,Maxim Grishin,999,False,False,U-DEC
2023-06-03,UFC Fight Night: Kara-France vs. Albazi,Welterweight,Abubakar Nurmagomedov,64,Elizeu Zaleski dos Santos,999,False,False,S-DEC
2023-06-03,UFC Fight Night: Kara-France vs. Albazi,Lightweight,Jamie Mullarkey,29,Muhammad Naimov,999,False,False,KO/TKO
2023-06-03,UFC Fight Night: Kara-France vs. Albazi,Bantamweight,John Castaneda,999,Muin Gafurov,999,False,False,U-DEC
2023-06-03,UFC Fight Night: Kara-France vs. Albazi,Flyweight,Kai Kara-France,10,Amir Albazi,6,True,True,S-DEC
2023-06-03,UFC Fight Night: Kara-France vs. Albazi,Women's Strawweight,Elise Reed,35,Jinh Yu Frey,38,False,False,U-DEC
2023-06-03,UFC Fight Night: Kara-France vs. Albazi,Lightweight,Jim Miller,28,Jesse Butler,999,False,False,KO/TKO
2023-06-10,UFC 289: Nunes vs. Aldana,Women's Strawweight,Diana Belbita,38,Maria Oliveira,30,False,False,U-DEC
2023-06-10,UFC 289: Nunes vs. Aldana,Lightweight,Charles Oliveira,3,Beneil Dariush,6,True,True,KO/TKO
2023-06-10,UFC 289: Nunes vs. Aldana,Featherweight,Dan Ige,9,Nate Landwehr,33,False,False,U-DEC
2023-06-10,UFC 289: Nunes vs. Aldana,Women's Flyweight,Miranda Maverick,13,Jasmine Jasudavicius,29,False,False,U-DEC
2023-06-10,UFC 289: Nunes vs. Aldana,Middleweight,Marc-Andre Barriault,47,Eryk Anders,43,False,False,U-DEC
2023-06-10,UFC 289: Nunes vs. Aldana,Women's Bantamweight,Amanda Nunes,1,Irene Aldana,999,False,False,U-DEC
2023-06-10,UFC 289: Nunes vs. Aldana,Featherweight,Kyle Nelson,68,Blake Bilder,41,False,False,U-DEC
2023-06-10,UFC 289: Nunes vs. Aldana,Flyweight,David Dvorak,23,Steve Erceg,999,False,False,U-DEC
2023-06-10,UFC 289: Nunes vs. Aldana,Middleweight,Nassourdine Imavov,999,Chris Curtis,20,False,False,NC
2023-06-10,UFC 289: Nunes vs. Aldana,Bantamweight,Aiemann Zahabi,41,Aoriqileng,63,False,False,KO/TKO
2023-06-10,UFC 289: Nunes vs. Aldana,Welterweight,Mike Malott,36,Adam Fugitt,52,False,False,SUB
2023-06-17,UFC Fight Night: Vettori vs. Cannonier,Middleweight,Marvin Vettori,5,Jared Cannonier,6,True,True,U-DEC
2023-06-17,UFC Fight Night: Vettori vs. Cannonier,Middleweight,Armen Petrosyan,27,Christian Leroy Duncan,34,False,False,U-DEC
2023-06-17,UFC Fight Night: Vettori vs. Cannonier,Lightweight,Arman Tsarukyan,5,Joaquim Silva,69,False,False,KO/TKO
2023-06-17,UFC Fight Night: Vettori vs. Cannonier,Featherweight,Pat Sabatini,44,Lucas Almeida,30,False,False,SUB
2023-06-17,UFC Fight Night: Vettori vs. Cannonier,Bantamweight,Kyung Ho Kang,40,Cristian Quinonez,47,False,False,SUB
2023-06-17,UFC Fight Night: Vettori vs. Cannonier,Welterweight,Nicolas Dalby,36,Muslim Salikhov,23,False,False,U-DEC
2023-06-17,UFC Fight Night: Vettori vs. Cannonier,Light Heavyweight,Zac Pauga,34,Modestas Bukauskas,39,False,False,U-DEC
2023-06-17,UFC Fight Night: Vettori vs. Cannonier,Flyweight,Carlos Hernandez,36,Denys Bondar,41,False,False,U-DEC
2023-06-17,UFC Fight Night: Vettori vs. Cannonier,Lightweight,Manuel Torres,41,Nikolas Motta,64,False,False,KO/TKO
2023-06-17,UFC Fight Night: Vettori vs. Cannonier,Bantamweight,Dan Argueta,999,Ronnie Lawrence,53,False,False,NC
2023-06-17,UFC Fight Night: Vettori vs. Cannonier,Women's Flyweight,Tereza Bleda,36,Gabriella Fernandes,41,False,False,U-DEC
2023-06-17,UFC Fight Night: Vettori vs. Cannonier,Flyweight,Jimmy Flick,43,Alessandro Costa,35,False,False,KO/TKO
2023-06-24,UFC Fight Night: Emmett vs. Topuria,Women's Flyweight,Amanda Ribas,6,Maycee Barber,8,True,True,KO/TKO
2023-06-24,UFC Fight Night: Emmett vs. Topuria,Heavyweight,Austen Lane,999,Justin Tafa,27,False,False,NC
2023-06-24,UFC Fight Night: Emmett vs. Topuria,Welterweight,Randy Brown,23,Wellington Turman,999,False,False,U-DEC
2023-06-24,UFC Fight Night: Emmett vs. Topuria,Featherweight,David Onama,49,Gabriel Santos,55,False,False,KO/TKO
2023-06-24,UFC Fight Night: Emmett vs. Topuria,Middleweight,Cody Brundage,54,Sedriques Dumas,63,False,False,U-DEC
2023-06-24,UFC Fight Night: Emmett vs. Topuria,Lightweight,Mateusz Rebecki,38,Loik Radzhabov,68,False,False,KO/TKO
2023-06-24,UFC Fight Night: Emmett vs. Topuria,Middleweight,Brendan Allen,13,Bruno Silva,20,False,False,SUB
2023-06-24,UFC Fight Night: Emmett vs. Topuria,Women's Strawweight,Tabatha Ricci,12,Gillian Robertson,13,False,True,U-DEC
2023-06-24,UFC Fight Night: Emmett vs. Topuria,Flyweight,Zhalgas Zhumagulov,42,Joshua Van,999,False,False,S-DEC
2023-06-24,UFC Fight Night: Emmett vs. Topuria,Featherweight,Josh Emmett,14,Ilia Topuria,3,False,True,U-DEC
2023-06-24,UFC Fight Night: Emmett vs. Topuria,Welterweight,Neil Magny,16,Phil Rowe,40,False,False,S-DEC
2023-06-24,UFC Fight Night: Emmett vs. Topuria,Lightweight,Trevor Peek,47,Chepe Mariscal,999,False,False,U-DEC
2023-06-24,UFC Fight Night: Emmett vs. Topuria,Featherweight,Jamall Emmers,32,Jack Jenkins,38,False,False,S-DEC
2023-07-01,UFC Fight Night: Strickland vs. Magomedov,Welterweight,Max Griffin,21,Michael Morales,35,False,False,U-DEC
2023-07-01,UFC Fight Night: Strickland vs. Magomedov,Middleweight,Brunno Ferreira,27,Nursulton Ruziboev,999,False,False,KO/TKO
2023-07-01,UFC Fight Night: Strickland vs. Magomedov,Lightweight,Guram Kutateladze,72,Elves Brener,59,False,False,KO/TKO
2023-07-01,UFC Fight Night: Strickland vs. Magomedov,Lightweight,Damir Ismagulov,27,Grant Dawson,9,False,False,U-DEC
2023-07-01,UFC Fight Night: Strickland vs. Magomedov,Welterweight,Kevin Lee,999,Rinat Fakhretdinov,25,False,False,SUB
2023-07-01,UFC Fight Night: Strickland vs. Magomedov,Heavyweight,Alexandr Romanov,11,Blagoy Ivanov,19,False,False,U-DEC
2023-07-01,UFC Fight Night: Strickland vs. Magomedov,Lightweight,Ismael Bonfim,30,Benoit Saint Denis,37,False,False,SUB
2023-07-01,UFC Fight Night: Strickland vs. Magomedov,Women's Flyweight,Ivana Petrovic,999,Luana Carolina,37,False,False,U-DEC
2023-07-01,UFC Fight Night: Strickland vs. Magomedov,Women's Flyweight,Ariane da Silva,35,Melissa Gatto,18,False,False,S-DEC
2023-07-01,UFC Fight Night: Strickland vs. Magomedov,Middleweight,Sean Strickland,999,Abus Magomedov,30,False,False,KO/TKO
2023-07-01,UFC Fight Night: Strickland vs. Magomedov,Featherweight,Joanderson Brito,20,Westin Wilson,999,False,False,KO/TKO
2023-07-08,UFC 290: Volkanovski vs. Rodriguez,Flyweight,Brandon Moreno,1,Alexandre Pantoja,2,True,True,S-DEC
2023-07-08,UFC 290: Volkanovski vs. Rodriguez,Middleweight,Bo Nickal,46,Val Woodburn,999,False,False,KO/TKO
2023-07-08,UFC 290: Volkanovski vs. Rodriguez,Welterweight,Robbie Lawler,53,Niko Price,51,False,False,KO/TKO
2023-07-08,UFC 290: Volkanovski vs. Rodriguez,Flyweight,Shannon Ross,44,Jesus Aguilar,34,False,False,KO/TKO
2023-07-08,UFC 290: Volkanovski vs. Rodriguez,Featherweight,Alexander Volkanovski,999,Yair Rodriguez,5,False,False,KO/TKO
2023-07-08,UFC 290: Volkanovski vs. Rodriguez,Middleweight,Robert Whittaker,3,Dricus Du Plessis,2,True,True,KO/TKO
2023-07-08,UFC 290: Volkanovski vs. Rodriguez,Lightweight,Kamuela Kirk,999,Esteban Ribovics,78,False,False,U-DEC
2023-07-08,UFC 290: Volkanovski vs. Rodriguez,Light Heavyweight,Vitor Petrino,31,Marcin Prachnio,28,False,False,SUB
2023-07-08,UFC 290: Volkanovski vs. Rodriguez,Light Heavyweight,Jimmy Crute,19,Alonzo Menifield,14,False,False,SUB
2023-07-08,UFC 290: Volkanovski vs. Rodriguez,Lightweight,Jalin Turner,12,Dan Hooker,18,False,False,S-DEC
2023-07-08,UFC 290: Volkanovski vs. Rodriguez,Bantamweight,Cameron Saaiman,31,Terrence Mitchell,999,False,False,KO/TKO
2023-07-08,UFC 290: Volkanovski vs. Rodriguez,Women's Strawweight,Yazmin Jauregui,13,Denise Gomes,22,False,False,KO/TKO
2023-07-15,UFC Fight Night: Holm vs. Bueno Silva,Welterweight,Jack Della Maddalena,5,Bassil Hafez,999,False,False,S-DEC
2023-07-15,UFC Fight Night: Holm vs. Bueno Silva,Lightweight,Evan Elder,99,Genaro Valdez,100,False,False,U-DEC
2023-07-15,UFC Fight Night: Holm vs. Bueno Silva,Lightweight,Alexander Munoz,999,Carl Deaton,78,False,False,U-DEC
2023-07-15,UFC Fight Night: Holm vs. Bueno Silva,Middleweight,Albert Duraev,43,JunYong Park,30,False,False,SUB
2023-07-15,UFC Fight Night: Holm vs. Bueno Silva,Women's Bantamweight,Holly Holm,4,Mayra Bueno Silva,11,True,True,NC
2023-07-15,UFC Fight Night: Holm vs. Bueno Silva,Featherweight,Tucker Lutz,65,Melsik Baghdasaryan,42,False,False,U-DEC
2023-07-15,UFC Fight Night: Holm vs. Bueno Silva,Featherweight,Austin Lingo,64,Melquizael Costa,999,False,False,U-DEC
2023-07-15,UFC Fight Night: Holm vs. Bueno Silva,Lightweight,Ottman Azaitar,56,Francisco Prado,82,False,False,KO/TKO
2023-07-15,UFC Fight Night: Holm vs. Bueno Silva,Women's Bantamweight,Ashlee Evans-Smith,999,Ailin Perez,999,False,False,U-DEC
2023-07-15,UFC Fight Night: Holm vs. Bueno Silva,Flyweight,Tyson Nam,26,Azat Maksum,999,False,False,S-DEC
2023-07-15,UFC Fight Night: Holm vs. Bueno Silva,Lightweight,Nazim Sadykhov,67,Terrance McKinney,63,False,False,SUB
2023-07-15,UFC Fight Night: Holm vs. Bueno Silva,Women's Strawweight,Viktoriia Dudakova,999,Istela Nunes,40,False,False,KO/TKO
2023-07-22,UFC Fight Night: Aspinall vs. Tybura,Lightweight,Marc Diakiese,56,Joel Alvarez,14,False,False,SUB
2023-07-22,UFC Fight Night: Aspinall vs. Tybura,Featherweight,Lerone Murphy,21,Josh Culibao,26,False,False,U-DEC
2023-07-22,UFC Fight Night: Aspinall vs. Tybura,Women's Flyweight,Molly McCann,23,Julija Stoliarenko,999,False,False,SUB
2023-07-22,UFC Fight Night: Aspinall vs. Tybura,Middleweight,Paul Craig,999,Andre Muniz,13,False,False,KO/TKO
2023-07-22,UFC Fight Night: Aspinall vs. Tybura,Heavyweight,Mick Parkin,999,Jamal Pogues,28,False,False,U-DEC
2023-07-22,UFC Fight Night: Aspinall vs. Tybura,Middleweight,Makhmud Muradov,41,Bryan Barberena,999,False,False,U-DEC
2023-07-22,UFC Fight Night: Aspinall vs. Tybura,Heavyweight,Tom Aspinall,2,Marcin Tybura,11,True,True,KO/TKO
2023-07-22,UFC Fight Night: Aspinall vs. Tybura,Featherweight,Nathaniel Wood,16,Andre Fili,47,False,False,U-DEC
2023-07-22,UFC Fight Night: Aspinall vs. Tybura,Women's Bantamweight,Ketlen Vieira,12,Pannie Kianzad,5,False,True,U-DEC
2023-07-22,UFC Fight Night: Aspinall vs. Tybura,Lightweight,Chris Duncan,65,Yanal Ashmouz,33,False,False,U-DEC
2023-07-22,UFC Fight Night: Aspinall vs. Tybura,Bantamweight,Davey Grant,39,Daniel Marcos,44,False,False,S-DEC
2023-07-22,UFC Fight Night: Aspinall vs. Tybura,Lightweight,Jai Herbert,62,Fares Ziam,50,False,False,U-DEC
2023-07-22,UFC Fight Night: Aspinall vs. Tybura,Women's Strawweight,Shauna Bannon,999,Bruna Brasil,39,False,False,U-DEC
2023-07-22,UFC Fight Night: Aspinall vs. Tybura,Welterweight,Danny Roberts,74,Jonny Parsons,999,False,False,KO/TKO
2023-07-22,UFC Fight Night: Aspinall vs. Tybura,Flyweight,Jafel Filho,32,Daniel Barez,999,False,False,SUB
2023-07-29,UFC 291: Poirier vs. Gaethje 2,Welterweight,Matthew Semelsberger,35,Uros Medic,999,False,False,KO/TKO
2023-07-29,UFC 291: Poirier vs. Gaethje 2,Welterweight,Gabriel Bonfim,44,Trevin Giles,54,False,False,SUB
2023-07-29,UFC 291: Poirier vs. Gaethje 2,Middleweight,Roman Kopylov,27,Claudio Ribeiro,45,False,False,KO/TKO
2023-07-29,UFC 291: Poirier vs. Gaethje 2,Women's Flyweight,Miranda Maverick,16,Priscila Cachoeira,999,False,False,SUB
2023-07-29,UFC 291: Poirier vs. Gaethje 2,Welterweight,Jake Matthews,36,Darrius Flowers,999,False,False,SUB
2023-07-29,UFC 291: Poirier vs. Gaethje 2,Light Heavyweight,Jan Blachowicz,2,Alex Pereira,999,False,False,S-DEC
2023-07-29,UFC 291: Poirier vs. Gaethje 2,Lightweight,Dustin Poirier,3,Justin Gaethje,5,True,True,KO/TKO
2023-07-29,UFC 291: Poirier vs. Gaethje 2,Welterweight,Michael Chiesa,999,Kevin Holland,20,False,False,SUB
2023-07-29,UFC 291: Poirier vs. Gaethje 2,Flyweight,CJ Vergara,33,Vinicius Salvador,36,False,False,U-DEC
2023-07-29,UFC 291: Poirier vs. Gaethje 2,Heavyweight,Derrick Lewis,15,Marcos Rogerio de Lima,13,False,True,KO/TKO
2023-07-29,UFC 291: Poirier vs. Gaethje 2,Lightweight,Tony Ferguson,999,King Green,12,False,False,SUB
2023-08-05,UFC Fight Night: Sandhagen vs. Font,Featherweight,Billy Quarantillo,23,Damon Jackson,25,False,False,U-DEC
2023-08-05,UFC Fight Night: Sandhagen vs. Font,Light Heavyweight,Tanner Boser,27,Aleksa Camur,999,False,False,U-DEC
2023-08-05,UFC Fight Night: Sandhagen vs. Font,Light Heavyweight,Dustin Jacoby,16,Kennedy Nzechukwu,21,False,False,KO/TKO
2023-08-05,UFC Fight Night: Sandhagen vs. Font,Flyweight,Cody Durden,19,Jake Hadley,13,False,False,U-DEC
2023-08-05,UFC Fight Night: Sandhagen vs. Font,Featherweight,Sean Woodson,47,Dennis Buzukja,999,False,False,U-DEC
2023-08-05,UFC Fight Night: Sandhagen vs. Font,Lightweight,Ignacio Bahamondes,999,Ludovit Klein,56,False,False,U-DEC
2023-08-05,UFC Fight Night: Sandhagen vs. Font,Flyweight,Ode Osbourne,999,Asu Almabayev,999,False,False,SUB
2023-08-05,UFC Fight Night: Sandhagen vs. Font,Featherweight,Diego Lopes,57,Gavin Tucker,999,False,False,SUB
2023-08-05,UFC Fight Night: Sandhagen vs. Font,Welterweight,Jeremiah Wells,11,Carlston Harris,39,False,False,SUB
2023-08-05,UFC Fight Night: Sandhagen vs. Font,Bantamweight,Kyler Phillips,24,Raoni Barcelos,30,False,False,U-DEC
2023-08-05,UFC Fight Night: Sandhagen vs. Font,Women's Strawweight,Jessica Andrade,5,Tatiana Suarez,999,False,False,SUB
2023-08-12,UFC Fight Night: Luque vs. Dos Anjos,Featherweight,Cub Swanson,999,Hakeem Dawodu,26,False,False,U-DEC
2023-08-12,UFC Fight Night: Luque vs. Dos Anjos,Bantamweight,JP Buys,999,Marcus McGhee,999,False,False,KO/TKO
2023-08-12,UFC Fight Night: Luque vs. Dos Anjos,Middleweight,AJ Dobson,68,Tafon Nchukwi,999,False,False,U-DEC
2023-08-12,UFC Fight Night: Luque vs. Dos Anjos,Bantamweight,Da'Mon Blackshear,51,Jose Johnson,999,False,False,SUB
2023-08-12,UFC Fight Night: Luque vs. Dos Anjos,Featherweight,Francis Marshall,52,Isaac Dulgarian,999,False,False,KO/TKO
2023-08-12,UFC Fight Night: Luque vs. Dos Anjos,Lightweight,Terrance McKinney,75,Mike Breeden,93,False,False,KO/TKO
2023-08-12,UFC Fight Night: Luque vs. Dos Anjos,Middleweight,Josh Fremd,53,Jamie Pickett,70,False,False,U-DEC
2023-08-12,UFC Fight Night: Luque vs. Dos Anjos,Women's Strawweight,Polyana Viana,25,Iasmin Lucindo,999,False,False,SUB
2023-08-12,UFC Fight Night: Luque vs. Dos Anjos,Light Heavyweight,Khalil Rountree Jr.,24,Chris Daukaus,999,False,False,KO/TKO
2023-08-12,UFC Fight Night: Luque vs. Dos Anjos,Women's Strawweight,Jaqueline Amorim,36,Montserrat Conejo Ruiz,999,False,False,KO/TKO
2023-08-12,UFC Fight Night: Luque vs. Dos Anjos,Heavyweight,Josh Parisian,37,Martin Buday,22,False,False,SUB
2023-08-12,UFC Fight Night: Luque vs. Dos Anjos,Welterweight,Vicente Luque,15,Rafael Dos Anjos,14,False,True,U-DEC
2023-08-12,UFC Fight Night: Luque vs. Dos Anjos,Women's Flyweight,Juliana Miller,38,Luana Santos,999,False,False,KO/TKO
2023-08-19,UFC 292: Sterling vs. O'Malley,Middleweight,Chris Weidman,999,Brad Tavares,39,False,False,U-DEC
2023-08-19,UFC 292: Sterling vs. O'Malley,Bantamweight,Marlon Vera,9,Pedro Munhoz,18,False,False,U-DEC
2023-08-19,UFC 292: Sterling vs. O'Malley,Lightweight,Kurt Holobaugh,999,Austin Hubbard,999,False,False,SUB
2023-08-19,UFC 292: Sterling vs. O'Malley,Welterweight,Neil Magny,16,Ian Machado Garry,6,False,True,U-DEC
2023-08-19,UFC 292: Sterling vs. O'Malley,Women's Strawweight,Zhang Weili,1,Amanda Lemos,3,True,True,U-DEC
2023-08-19,UFC 292: Sterling vs. O'Malley,Women's Flyweight,Andrea Lee,12,Natalia Silva,7,False,True,U-DEC
2023-08-19,UFC 292: Sterling vs. O'Malley,Middleweight,Andre Petroski,16,Gerald Meerschaert,37,False,False,S-DEC
2023-08-19,UFC 292: Sterling vs. O'Malley,Bantamweight,Brad Katona,999,Cody Gibson,999,False,False,U-DEC
2023-08-19,UFC 292: Sterling vs. O'Malley,Bantamweight,Aljamain Sterling,1,Sean O'Malley,6,True,True,KO/TKO
2023-08-19,UFC 292: Sterling vs. O'Malley,Women's Flyweight,Karine Silva,13,Maryna Moroz,25,False,False,SUB
2023-08-19,UFC 292: Sterling vs. O'Malley,Middleweight,Gregory Rodrigues,17,Denis Tiuliulin,64,False,False,KO/TKO
2023-08-19,UFC 292: Sterling vs. O'Malley,Bantamweight,Da'Mon Blackshear,28,Mario Bautista,21,False,False,U-DEC
2023-08-26,UFC Fight Night: Holloway vs. The Korean Zombie,Women's Flyweight,Liang Na,999,JJ Aldrich,34,False,False,KO/TKO
2023-08-26,UFC Fight Night: Holloway vs. The Korean Zombie,Middleweight,Chidi Njokuani,45,Michal Oleksiejczuk,36,False,False,KO/TKO
2023-08-26,UFC Fight Night: Holloway vs. The Korean Zombie,Bantamweight,Toshiomi Kazama,80,Garrett Armfield,999,False,False,KO/TKO
2023-08-26,UFC Fight Night: Holloway vs. The Korean Zombie,Women's Flyweight,Erin Blanchfield,1,Taila Santos,4,True,True,U-DEC
2023-08-26,UFC Fight Night: Holloway vs. The Korean Zombie,Featherweight,Max Holloway,2,Chan Sung Jung,9,True,True,KO/TKO
2023-08-26,UFC Fight Night: Holloway vs. The Korean Zombie,Welterweight,Billy Ray Goff,999,Yusaku Kinoshita,86,False,False,KO/TKO
2023-08-26,UFC Fight Night: Holloway vs. The Korean Zombie,Featherweight,SeungWoo Choi,52,Jarno Errens,65,False,False,U-DEC
2023-08-26,UFC Fight Night: Holloway vs. The Korean Zombie,Heavyweight,Waldo Cortes Acosta,17,Lukasz Brzeski,34,False,False,KO/TKO
2023-08-26,UFC Fight Night: Holloway vs. The Korean Zombie,Light Heavyweight,Anthony Smith,15,Ryan Spann,999,False,False,S-DEC
2023-08-26,UFC Fight Night: Holloway vs. The Korean Zombie,Welterweight,Song Kenan,62,Rolando Bedoya,55,False,False,U-DEC
2023-08-26,UFC Fight Night: Holloway vs. The Korean Zombie,Featherweight,Giga Chikadze,999,Alex Caceres,18,False,False,U-DEC
2023-08-26,UFC Fight Night: Holloway vs. The Korean Zombie,Bantamweight,Rinya Nakamura,32,Fernie Garcia,82,False,False,U-DEC
2023-08-26,UFC Fight Night: Holloway vs. The Korean Zombie,Heavyweight,Junior Tafa,31,Parker Porter,33,False,False,KO/TKO
2023-09-02,UFC Fight Night: Gane vs. Spivac,Featherweight,Morgan Charriere,999,Manolo Zecchini,999,False,False,KO/TKO
2023-09-02,UFC Fight Night: Gane vs. Spivac,Bantamweight,Taylor Lapilus,999,Caolan Loughran,999,False,False,U-DEC
2023-09-02,UFC Fight Night: Gane vs. Spivac,Welterweight,Ange Loosa,60,Rhys McKee,999,False,False,U-DEC
2023-09-02,UFC Fight Night: Gane vs. Spivac,Featherweight,William Gomis,41,Yanis Ghemmouri,999,False,False,KO/TKO
2023-09-02,UFC Fight Night: Gane vs. Spivac,Women's Flyweight,Manon Fiorot,3,Rose Namajunas,999,False,False,U-DEC
2023-09-02,UFC Fight Night: Gane vs. Spivac,Light Heavyweight,Volkan Oezdemir,16,Bogdan Guskov,999,False,False,SUB
2023-09-02,UFC Fight Night: Gane vs. Spivac,Bantamweight,Farid Basharat,50,Kleydson Rodrigues,999,False,False,SUB
2023-09-02,UFC Fight Night: Gane vs. Spivac,Lightweight,Benoit Saint Denis,22,Thiago Moises,33,False,False,KO/TKO
2023-09-02,UFC Fight Night: Gane vs. Spivac,Women's Bantamweight,Nora Cornolle,999,Joselyne Edwards,8,False,False,U-DEC
2023-09-02,UFC Fight Night: Gane vs. Spivac,Heavyweight,Ciryl Gane,3,Serghei Spivac,8,True,True,KO/TKO
2023-09-09,UFC 293: Adesanya vs. Strickland,Featherweight,Jack Jenkins,38,Chepe Mariscal,999,False,False,KO/TKO
2023-09-09,UFC 293: Adesanya vs. Strickland,Lightweight,Jamie Mullarkey,51,John Makdessi,34,False,False,U-DEC
2023-09-09,UFC 293: Adesanya vs. Strickland,Flyweight,Manel Kape,4,Felipe dos Santos,999,False,False,U-DEC
2023-09-09,UFC 293: Adesanya vs. Strickland,Light Heavyweight,Tyson Pedro,32,Anton Turkalj,46,False,False,KO/TKO
2023-09-09,UFC 293: Adesanya vs. Strickland,Welterweight,Blood Diamond,80,Charles Radtke,999,False,False,U-DEC
2023-09-09,UFC 293: Adesanya vs. Strickland,Featherweight,Shane Young,77,Gabriel Miranda,999,False,False,SUB
2023-09-09,UFC 293: Adesanya vs. Strickland,Welterweight,Kevin Jousset,999,Kiefer Crosbie,999,False,False,SUB
2023-09-09,UFC 293: Adesanya vs. Strickland,Middleweight,Israel Adesanya,2,Sean Strickland,5,True,True,U-DEC
2023-09-09,UFC 293: Adesanya vs. Strickland,Light Heavyweight,Carlos Ulberg,9,Da Woon Jung,20,False,False,SUB
2023-09-09,UFC 293: Adesanya vs. Strickland,Lightweight,Nasrat Haqparast,48,Landon Quinones,999,False,False,U-DEC
2023-09-09,UFC 293: Adesanya vs. Strickland,Heavyweight,Tai Tuivasa,12,Alexander Volkov,6,False,True,SUB
2023-09-09,UFC 293: Adesanya vs. Strickland,Heavyweight,Justin Tafa,26,Austen Lane,999,False,False,KO/TKO
2023-09-16,Noche UFC: Grasso vs. Shevchenko 2,Women's Strawweight,Josefine Knutsson,999,Marnic Mann,999,False,False,U-DEC
2023-09-16,Noche UFC: Grasso vs. Shevchenko 2,Lightweight,Daniel Zellhuber,63,Christos Giagos,39,False,False,SUB
2023-09-16,Noche UFC: Grasso vs. Shevchenko 2,Lightweight,Alex Reyes,999,Charlie Campbell,999,False,False,KO/TKO
2023-09-16,Noche UFC: Grasso vs. Shevchenko 2,Flyweight,Edgar Chairez,999,Daniel Lacerda,51,False,False,NC
2023-09-16,Noche UFC: Grasso vs. Shevchenko 2,Welterweight,Kevin Holland,14,Jack Della Maddalena,5,False,True,S-DEC
2023-09-16,Noche UFC: Grasso vs. Shevchenko 2,Women's Strawweight,Loopy Godinez,999,Elise Reed,35,False,False,SUB
2023-09-16,Noche UFC: Grasso vs. Shevchenko 2,Middleweight,Roman Kopylov,21,Josh Fremd,50,False,False,KO/TKO
2023-09-16,Noche UFC: Grasso vs. Shevchenko 2,Featherweight,Fernando Padilla,33,Kyle Nelson,61,False,False,U-DEC
2023-09-16,Noche UFC: Grasso vs. Shevchenko 2,Women's Flyweight,Alexa Grasso,8,Valentina Shevchenko,3,True,True,S-DEC
2023-09-16,Noche UFC: Grasso vs. Shevchenko 2,Women's Flyweight,Tracy Cortez,11,Jasmine Jasudavicius,18,False,False,U-DEC
2023-09-16,Noche UFC: Grasso vs. Shevchenko 2,Bantamweight,Raul Rosas Jr.,57,Terrence Mitchell,74,False,False,KO/TKO
2023-09-23,UFC Fight Night: Fiziev vs. Gamrot,Women's Bantamweight,Tamires Vidal,15,Montse Rendon,999,False,False,S-DEC
2023-09-23,UFC Fight Night: Fiziev vs. Gamrot,Middleweight,Jacob Malkoun,19,Cody Brundage,62,False,False,DQ
2023-09-23,UFC Fight Night: Fiziev vs. Gamrot,Lightweight,Rafael Fiziev,12,Mateusz Gamrot,7,False,True,KO/TKO
2023-09-23,UFC Fight Night: Fiziev vs. Gamrot,Heavyweight,Mohammed Usman,24,Jake Collier,31,False,False,U-DEC
2023-09-23,UFC Fight Night: Fiziev vs. Gamrot,Featherweight,Ricardo Ramos,48,Charles Jourdain,28,False,False,SUB
2023-09-23,UFC Fight Night: Fiziev vs. Gamrot,Women's Strawweight,Mizuki,999,Hannah Goldy,999,False,False,U-DEC
2023-09-23,UFC Fight Night: Fiziev vs. Gamrot,Welterweight,Tim Means,40,Andre Fialho,75,False,False,KO/TKO
2023-09-23,UFC Fight Night: Fiziev vs. Gamrot,Bantamweight,Dan Argueta,999,Miles Johns,49,False,False,NC
2023-09-23,UFC Fight Night: Fiziev vs. Gamrot,Welterweight,Bryan Battle,39,AJ Fletcher,70,False,False,SUB
2023-09-23,UFC Fight Night: Fiziev vs. Gamrot,Women's Strawweight,Marina Rodriguez,12,Michelle Waterson-Gomez,23,False,False,KO/TKO
2023-09-23,UFC Fight Night: Fiziev vs. Gamrot,Featherweight,Bryce Mitchell,12,Dan Ige,8,False,True,U-DEC
2023-10-07,UFC Fight Night: Dawson vs. Green,Lightweight,Grant Dawson,8,King Green,9,True,True,KO/TKO
2023-10-07,UFC Fight Night: Dawson vs. Green,Women's Strawweight,Vanessa Demopoulos,41,Kanako Murata,999,False,False,U-DEC
2023-10-07,UFC Fight Night: Dawson vs. Green,Lightweight,Drew Dober,21,Ricky Glenn,64,False,False,KO/TKO
2023-10-07,UFC Fight Night: Dawson vs. Green,Featherweight,Alexander Hernandez,999,Bill Algeo,25,False,False,U-DEC
2023-10-07,UFC Fight Night: Dawson vs. Green,Women's Strawweight,Karolina Kowalkiewicz,21,Diana Belbita,31,False,False,U-DEC
2023-10-07,UFC Fight Night: Dawson vs. Green,Women's Flyweight,Montana De La Rosa,26,JJ Aldrich,30,False,False,U-DEC
2023-10-07,UFC Fight Night: Dawson vs. Green,Bantamweight,Aoriqileng,77,Johnny Munoz,71,False,False,U-DEC
2023-10-07,UFC Fight Night: Dawson vs. Green,Middleweight,Joe Pyfer,36,Abdul Razak Alhassan,40,False,False,SUB
2023-10-07,UFC Fight Night: Dawson vs. Green,Welterweight,Alex Morono,26,Joaquin Buckley,47,False,False,U-DEC
2023-10-07,UFC Fight Night: Dawson vs. Green,Flyweight,Nate Maness,36,Mateus Mendonca,999,False,False,KO/TKO
2023-10-14,UFC Fight Night: Yusuff vs. Barboza,Bantamweight,Christian Rodriguez,34,Cameron Saaiman,17,False,False,U-DEC
2023-10-14,UFC Fight Night: Yusuff vs. Barboza,Bantamweight,Jonathan Martinez,15,Adrian Yanez,11,False,True,KO/TKO
2023-10-14,UFC Fight Night: Yusuff vs. Barboza,Women's Bantamweight,Irina Alekseeva,6,Melissa Mullins,999,False,False,U-DEC
2023-10-14,UFC Fight Night: Yusuff vs. Barboza,Featherweight,Darren Elkins,37,TJ Brown,68,False,False,SUB
2023-10-14,UFC Fight Night: Yusuff vs. Barboza,Women's Bantamweight,Tainara Lisboa,14,Ravena Oliveira,999,False,False,U-DEC
2023-10-14,UFC Fight Night: Yusuff vs. Barboza,Middleweight,Andre Petroski,20,Michel Pereira,999,False,False,KO/TKO
2023-10-14,UFC Fight Night: Yusuff vs. Barboza,Women's Flyweight,Jennifer Maia,14,Viviane Araujo,20,False,False,U-DEC
2023-10-14,UFC Fight Night: Yusuff vs. Barboza,Lightweight,Terrance McKinney,58,Brendon Marotte,999,False,False,KO/TKO
2023-10-14,UFC Fight Night: Yusuff vs. Barboza,Featherweight,Sodiq Yusuff,6,Edson Barboza,20,False,False,U-DEC
2023-10-14,UFC Fight Night: Yusuff vs. Barboza,Women's Strawweight,Ashley Yoder,999,Emily Ducote,999,False,False,U-DEC
2023-10-14,UFC Fight Night: Yusuff vs. Barboza,Bantamweight,Chris Gutierrez,10,Alatengheili,39,False,False,U-DEC
2023-10-21,UFC 294: Makhachev vs. Volkanovski 2,Bantamweight,Javid Basharat,13,Victor Henry,23,False,False,NC
2023-10-21,UFC 294: Makhachev vs. Volkanovski 2,Lightweight,Islam Makhachev,1,Alexander Volkanovski,999,False,False,KO/TKO
2023-10-21,UFC 294: Makhachev vs. Volkanovski 2,Women's Strawweight,Viktoriia Dudakova,23,Jinh Yu Frey,47,False,False,U-DEC
2023-10-21,UFC 294: Makhachev vs. Volkanovski 2,Lightweight,Mohammad Yahya,999,Trevor Peek,76,False,False,U-DEC
2023-10-21,UFC 294: Makhachev vs. Volkanovski 2,Middleweight,Abu Azaitar,999,Sedriques Dumas,61,False,False,U-DEC
2023-10-21,UFC 294: Makhachev vs. Volkanovski 2,Middleweight,Shara Magomedov,999,Bruno Silva,30,False,False,U-DEC
2023-10-21,UFC 294: Makhachev vs. Volkanovski 2,Middleweight,Ikram Aliskerov,29,Warlley Alves,999,False,False,KO/TKO
2023-10-21,UFC 294: Makhachev vs. Volkanovski 2,Lightweight,Mike Breeden,99,Anshul Jubli,40,False,False,KO/TKO
2023-10-21,UFC 294: Makhachev vs. Volkanovski 2,Light Heavyweight,Magomed Ankalaev,1,Johnny Walker,8,True,True,NC
2023-10-21,UFC 294: Makhachev vs. Volkanovski 2,Featherweight,Nathaniel Wood,16,Muhammad Naimov,999,False,False,U-DEC
2023-10-21,UFC 294: Makhachev vs. Volkanovski 2,Flyweight,Tim Elliott,15,Muhammad Mokaev,5,False,True,SUB
2023-10-21,UFC 294: Makhachev vs. Volkanovski 2,Bantamweight,Said Nurmagomedov,7,Muin Gafurov,59,False,False,SUB
2023-10-21,UFC 294: Makhachev vs. Volkanovski 2,Middleweight,Kamaru Usman,999,Khamzat Chimaev,999,False,False,M-DEC
2023-11-04,UFC Fight Night: Almeida vs. Lewis,Heavyweight,Rodrigo Nascimento,21,Don'Tale Mayes,30,False,False,U-DEC
2023-11-04,UFC Fight Night: Almeida vs. Lewis,Welterweight,Gabriel Bonfim,25,Nicolas Dalby,23,False,False,KO/TKO
2023-11-04,UFC Fight Night: Almeida vs. Lewis,Lightweight,Kaue Fernandes,999,Marc Diakiese,62,False,False,S-DEC
2023-11-04,UFC Fight Night: Almeida vs. Lewis,Light Heavyweight,Vitor Petrino,28,Modestas Bukauskas,40,False,False,KO/TKO
2023-11-04,UFC Fight Night: Almeida vs. Lewis,Middleweight,Caio Borralho,17,Abus Magomedov,45,False,False,U-DEC
2023-11-04,UFC Fight Night: Almeida vs. Lewis,Women's Strawweight,Angela Hill,17,Denise Gomes,6,False,False,U-DEC
2023-11-04,UFC Fight Night: Almeida vs. Lewis,Women's Strawweight,Eduarda Moura,999,Montserrat Conejo Ruiz,49,False,False,KO/TKO
2023-11-04,UFC Fight Night: Almeida vs. Lewis,Heavyweight,Jailton Almeida,6,Derrick Lewis,11,True,True,U-DEC
2023-11-04,UFC Fight Night: Almeida vs. Lewis,Welterweight,Rinat Fakhretdinov,6,Elizeu Zaleski dos Santos,26,False,False,M-DEC
2023-11-11,UFC 295: Prochazka vs. Pereira,Featherweight,Diego Lopes,38,Pat Sabatini,36,False,False,KO/TKO
2023-11-11,UFC 295: Prochazka vs. Pereira,Featherweight,Dennis Buzukja,77,Jamall Emmers,44,False,False,KO/TKO
2023-11-11,UFC 295: Prochazka vs. Pereira,Lightweight,Mateusz Rebecki,21,Roosevelt Roberts,999,False,False,SUB
2023-11-11,UFC 295: Prochazka vs. Pereira,Lightweight,Jared Gordon,25,Mark Madsen,41,False,False,KO/TKO
2023-11-11,UFC 295: Prochazka vs. Pereira,Flyweight,Steve Erceg,21,Alessandro Costa,20,False,False,U-DEC
2023-11-11,UFC 295: Prochazka vs. Pereira,Women's Strawweight,Jessica Andrade,11,Mackenzie Dern,10,True,True,KO/TKO
2023-11-11,UFC 295: Prochazka vs. Pereira,Lightweight,Nazim Sadykhov,46,Viacheslav Borshchev,58,False,False,M-DEC
2023-11-11,UFC 295: Prochazka vs. Pereira,Flyweight,Joshua Van,28,Kevin Borjas,999,False,False,U-DEC
2023-11-11,UFC 295: Prochazka vs. Pereira,Lightweight,Matt Frevola,27,Benoit Saint Denis,10,False,False,KO/TKO
2023-11-11,UFC 295: Prochazka vs. Pereira,Women's Strawweight,Tabatha Ricci,5,Loopy Godinez,8,True,True,S-DEC
2023-11-11,UFC 295: Prochazka vs. Pereira,Light Heavyweight,Jiri Prochazka,5,Alex Pereira,3,True,True,KO/TKO
2023-11-11,UFC 295: Prochazka vs. Pereira,Heavyweight,Sergei Pavlovich,1,Tom Aspinall,3,True,True,KO/TKO
2023-11-18,UFC Fight Night: Allen vs. Craig,Middleweight,Christian Leroy Duncan,50,Denis Tiuliulin,73,False,False,KO/TKO
2023-11-18,UFC Fight Night: Allen vs. Craig,Bantamweight,Payton Talbott,999,Nick Aguirre,999,False,False,SUB
2023-11-18,UFC Fight Night: Allen vs. Craig,Heavyweight,Mick Parkin,18,Caio Machado,999,False,False,U-DEC
2023-11-18,UFC Fight Night: Allen vs. Craig,Lightweight,Chase Hooper,68,Jordan Leavitt,36,False,False,SUB
2023-11-18,UFC Fight Night: Allen vs. Craig,Featherweight,Jonathan Pearce,10,Joanderson Brito,9,True,True,SUB
2023-11-18,UFC Fight Night: Allen vs. Craig,Women's Bantamweight,Lucie Pudilova,19,Ailin Perez,15,False,False,U-DEC
2023-11-18,UFC Fight Night: Allen vs. Craig,Lightweight,Trey Ogden,999,Nikolas Motta,82,False,False,NC
2023-11-18,UFC Fight Night: Allen vs. Craig,Welterweight,Michael Morales,15,Jake Matthews,26,False,False,U-DEC
2023-11-18,UFC Fight Night: Allen vs. Craig,Middleweight,Brendan Allen,10,Paul Craig,24,False,False,SUB
2023-11-18,UFC Fight Night: Allen vs. Craig,Flyweight,Charles Johnson,36,Rafael Estevam,999,False,False,U-DEC
2023-11-18,UFC Fight Night: Allen vs. Craig,Welterweight,Uros Medic,35,Myktybek Orolbai,999,False,False,SUB
2023-11-18,UFC Fight Night: Allen vs. Craig,Women's Strawweight,Luana Pinheiro,19,Amanda Ribas,999,False,False,KO/TKO
2023-11-18,UFC Fight Night: Allen vs. Craig,Bantamweight,Chad Anheliger,57,Jose Johnson,73,False,False,SUB
2023-11-18,UFC Fight Night: Allen vs. Craig,Featherweight,Jeka Saragih,999,Lucas Alexander,49,False,False,KO/TKO
2023-12-02,UFC Fight Night: Dariush vs. Tsarukyan,Middleweight,Punahele Soriano,53,Dustin Stoltzfus,75,False,False,SUB
2023-12-02,UFC Fight Night: Dariush vs. Tsarukyan,Middleweight,Zach Reese,999,Cody Brundage,62,False,False,KO/TKO
2023-12-02,UFC Fight Night: Dariush vs. Tsarukyan,Lightweight,Jalin Turner,16,King Green,8,False,True,KO/TKO
2023-12-02,UFC Fight Night: Dariush vs. Tsarukyan,Light Heavyweight,Rodolfo Bellato,999,Ihor Potieria,39,False,False,KO/TKO
2023-12-02,UFC Fight Night: Dariush vs. Tsarukyan,Lightweight,Clay Guida,63,Joaquim Silva,68,False,False,U-DEC
2023-12-02,UFC Fight Night: Dariush vs. Tsarukyan,Bantamweight,Rob Font,999,Deiveson Figueiredo,999,False,False,U-DEC
2023-12-02,UFC Fight Night: Dariush vs. Tsarukyan,Welterweight,Wellington Turman,65,Jared Gooden,69,False,False,SUB
2023-12-02,UFC Fight Night: Dariush vs. Tsarukyan,Welterweight,Sean Brady,12,Kelvin Gastelum,999,False,False,SUB
2023-12-02,UFC Fight Night: Dariush vs. Tsarukyan,Women's Bantamweight,Miesha Tate,999,Julia Avila,999,False,False,SUB
2023-12-02,UFC Fight Night: Dariush vs. Tsarukyan,Lightweight,Beneil Dariush,9,Arman Tsarukyan,5,True,True,KO/TKO
2023-12-02,UFC Fight Night: Dariush vs. Tsarukyan,Lightweight,Drakkar Klose,27,Joe Solecki,26,False,False,KO/TKO
2023-12-02,UFC Fight Night: Dariush vs. Tsarukyan,Women's Flyweight,Veronica Hardy,29,Jamey-Lyn Horth,999,False,False,S-DEC
2023-12-09,UFC Fight Night: Song vs. Gutierrez,Middleweight,JunYong Park,25,Andre Muniz,17,False,False,S-DEC
2023-12-09,UFC Fight Night: Song vs. Gutierrez,Flyweight,HyunSung Park,18,Shannon Ross,49,False,False,KO/TKO
2023-12-09,UFC Fight Night: Song vs. Gutierrez,Welterweight,Song Kenan,58,Kevin Jousset,51,False,False,U-DEC
2023-12-09,UFC Fight Night: Song vs. Gutierrez,Women's Bantamweight,Luana Santos,999,Stephanie Egger,17,False,False,U-DEC
2023-12-09,UFC Fight Night: Song vs. Gutierrez,Lightweight,Steve Garcia,999,Melquizael Costa,999,False,False,KO/TKO
2023-12-09,UFC Fight Night: Song vs. Gutierrez,Flyweight,Tatsuro Taira,999,Carlos Hernandez,31,False,False,KO/TKO
2023-12-09,UFC Fight Night: Song vs. Gutierrez,Light Heavyweight,Anthony Smith,9,Khalil Rountree Jr.,19,False,False,KO/TKO
2023-12-09,UFC Fight Night: Song vs. Gutierrez,Lightweight,Nasrat Haqparast,37,Jamie Mullarkey,38,False,False,KO/TKO
2023-12-09,UFC Fight Night: Song vs. Gutierrez,Women's Strawweight,Rayanne dos Santos,999,Talita Alencar,999,False,False,S-DEC
2023-12-09,UFC Fight Night: Song vs. Gutierrez,Bantamweight,Song Yadong,7,Chris Gutierrez,10,True,True,U-DEC
2023-12-09,UFC Fight Night: Song vs. Gutierrez,Bantamweight,Tim Elliott,999,Sumudaerji,999,False,False,SUB
2023-12-16,UFC 296: Edwards vs. Covington,Welterweight,Shavkat Rakhmonov,1,Stephen Thompson,7,True,True,SUB
2023-12-16,UFC 296: Edwards vs. Covington,Featherweight,Josh Emmett,20,Bryce Mitchell,6,False,False,KO/TKO
2023-12-16,UFC 296: Edwards vs. Covington,Welterweight,Leon Edwards,8,Colby Covington,999,False,False,U-DEC
2023-12-16,UFC 296: Edwards vs. Covington,Flyweight,Alexandre Pantoja,2,Brandon Royval,9,True,True,U-DEC
2023-12-16,UFC 296: Edwards vs. Covington,Flyweight,Tagir Ulanbekov,14,Cody Durden,15,False,True,SUB
2023-12-16,UFC 296: Edwards vs. Covington,Light Heavyweight,Alonzo Menifield,14,Dustin Jacoby,11,False,True,U-DEC
2023-12-16,UFC 296: Edwards vs. Covington,Women's Bantamweight,Irene Aldana,5,Karol Rosa,999,False,False,U-DEC
2023-12-16,UFC 296: Edwards vs. Covington,Featherweight,Andre Fili,53,Lucas Almeida,62,False,False,KO/TKO
2023-12-16,UFC 296: Edwards vs. Covington,Lightweight,Tony Ferguson,28,Paddy Pimblett,19,False,False,U-DEC
2023-12-16,UFC 296: Edwards vs. Covington,Women's Flyweight,Casey O'Neill,12,Ariane da Silva,31,False,False,SUB
2023-12-16,UFC 296: Edwards vs. Covington,Bantamweight,Cody Garbrandt,31,Brian Kelleher,63,False,False,KO/TKO
2023-12-16,UFC 296: Edwards vs. Covington,Heavyweight,Martin Buday,15,Shamil Gaziev,999,False,False,KO/TKO
2024-01-13,UFC Fight Night: Ankalaev vs. Walker 2,Bantamweight,Marcus McGhee,44,Gaston Bolanos,48,False,False,KO/TKO
2024-01-13,UFC Fight Night: Ankalaev vs. Walker 2,Featherweight,Westin Wilson,67,Jean Silva,999,False,False,KO/TKO
2024-01-13,UFC Fight Night: Ankalaev vs. Walker 2,Bantamweight,Farid Basharat,33,Taylor Lapilus,47,False,False,U-DEC
2024-01-13,UFC Fight Night: Ankalaev vs. Walker 2,Lightweight,Nikolas Motta,83,Tom Nolan,999,False,False,KO/TKO
2024-01-13,UFC Fight Night: Ankalaev vs. Walker 2,Welterweight,Matthew Semelsberger,43,Preston Parsons,56,False,False,U-DEC
2024-01-13,UFC Fight Night: Ankalaev vs. Walker 2,Lightweight,Jim Miller,25,Gabriel Benitez,62,False,False,SUB
2024-01-13,UFC Fight Night: Ankalaev vs. Walker 2,Heavyweight,Andrei Arlovski,29,Waldo Cortes Acosta,16,False,False,U-DEC
2024-01-13,UFC Fight Night: Ankalaev vs. Walker 2,Bantamweight,Ricky Simon,17,Mario Bautista,23,False,False,U-DEC
2024-01-13,UFC Fight Night: Ankalaev vs. Walker 2,Middleweight,Phil Hawes,41,Brunno Ferreira,52,False,False,KO/TKO
2024-01-13,UFC Fight Night: Ankalaev vs. Walker 2,Light Heavyweight,Magomed Ankalaev,1,Johnny Walker,6,True,True,KO/TKO
2024-01-13,UFC Fight Night: Ankalaev vs. Walker 2,Flyweight,Joshua Van,12,Felipe Bunes,999,False,False,KO/TKO
2024-01-20,UFC 297: Strickland vs. Du Plessis,Middleweight,Sean Strickland,6,Dricus Du Plessis,1,True,True,S-DEC
2024-01-20,UFC 297: Strickland vs. Du Plessis,Featherweight,Arnold Allen,5,Movsar Evloev,2,True,True,U-DEC
2024-01-20,UFC 297: Strickland vs. Du Plessis,Featherweight,Charles Jourdain,25,Sean Woodson,44,False,False,S-DEC
2024-01-20,UFC 297: Strickland vs. Du Plessis,Bantamweight,Serhiy Sidey,999,Ramon Taveras,999,False,False,S-DEC
2024-01-20,UFC 297: Strickland vs. Du Plessis,Bantamweight,Brad Katona,54,Garrett Armfield,51,False,False,U-DEC
2024-01-20,UFC 297: Strickland vs. Du Plessis,Women's Bantamweight,Jasmine Jasudavicius,999,Priscila Cachoeira,999,False,False,SUB
2024-01-20,UFC 297: Strickland vs. Du Plessis,Welterweight,Neil Magny,20,Mike Malott,21,False,False,KO/TKO
2024-01-20,UFC 297: Strickland vs. Du Plessis,Welterweight,Yohan Lainesse,78,Sam Patterson,999,False,False,SUB
2024-01-20,UFC 297: Strickland vs. Du Plessis,Flyweight,Malcolm Gordon,38,Jimmy Flick,48,False,False,SUB
2024-01-20,UFC 297: Strickland vs. Du Plessis,Middleweight,Chris Curtis,23,Marc-Andre Barriault,43,False,False,S-DEC
2024-01-20,UFC 297: Strickland vs. Du Plessis,Women's Strawweight,Gillian Robertson,18,Polyana Viana,30,False,False,KO/TKO
2024-01-20,UFC 297: Strickland vs. Du Plessis,Women's Bantamweight,Raquel Pennington,2,Mayra Bueno Silva,12,False,True,U-DEC
2024-02-03,UFC Fight Night: Dolidze vs. Imavov,Welterweight,Gilbert Urbina,52,Charles Radtke,60,False,False,KO/TKO
2024-02-03,UFC Fight Night: Dolidze vs. Imavov,Middleweight,Aliaskhab Khizriev,999,Makhmud Muradov,35,False,False,NC
2024-02-03,UFC Fight Night: Dolidze vs. Imavov,Welterweight,Themba Gorimbo,67,Pete Rodriguez,56,False,False,KO/TKO
2024-02-03,UFC Fight Night: Dolidze vs. Imavov,Lightweight,Renato Moicano,21,Drew Dober,18,False,False,U-DEC
2024-02-03,UFC Fight Night: Dolidze vs. Imavov,Middleweight,Roman Dolidze,13,Nassourdine Imavov,999,False,False,M-DEC
2024-02-03,UFC Fight Night: Dolidze vs. Imavov,Women's Flyweight,Viviane Araujo,16,Natalia Silva,7,False,True,U-DEC
2024-02-03,UFC Fight Night: Dolidze vs. Imavov,Welterweight,Randy Brown,23,Muslim Salikhov,30,False,False,KO/TKO
2024-02-03,UFC Fight Night: Dolidze vs. Imavov,Women's Flyweight,Luana Carolina,29,Julija Stoliarenko,30,False,False,KO/TKO
2024-02-03,UFC Fight Night: Dolidze vs. Imavov,Flyweight,Azat Maksum,27,Charles Johnson,32,False,False,U-DEC
2024-02-03,UFC Fight Night: Dolidze vs. Imavov,Women's Strawweight,Molly McCann,999,Diana Belbita,37,False,False,SUB
2024-02-03,UFC Fight Night: Dolidze vs. Imavov,Heavyweight,Thomas Petersen,999,Jamal Pogues,34,False,False,U-DEC
2024-02-03,UFC Fight Night: Dolidze vs. Imavov,Featherweight,JeongYeong Lee,54,Blake Bilder,60,False,False,U-DEC
2024-02-03,UFC Fight Night: Dolidze vs. Imavov,Lightweight,Landon Quinones,80,MarQuel Mederos,999,False,False,U-DEC
2024-02-10,UFC Fight Night: Hermansson vs. Pyfer,Welterweight,Max Griffin,28,Jeremiah Wells,24,False,False,S-DEC
2024-02-10,UFC Fight Night: Hermansson vs. Pyfer,Middleweight,Robert Bryczek,999,Ihor Potieria,999,False,False,U-DEC
2024-02-10,UFC Fight Night: Hermansson vs. Pyfer,Welterweight,Trevin Giles,59,Carlos Prates,999,False,False,KO/TKO
2024-02-10,UFC Fight Night: Hermansson vs. Pyfer,Featherweight,Dan Ige,11,Andre Fili,44,False,False,KO/TKO
2024-02-10,UFC Fight Night: Hermansson vs. Pyfer,Middleweight,Jack Hermansson,11,Joe Pyfer,21,False,False,U-DEC
2024-02-10,UFC Fight Night: Hermansson vs. Pyfer,Featherweight,Fernie Garcia,999,Hyder Amil,999,False,False,KO/TKO
2024-02-10,UFC Fight Night: Hermansson vs. Pyfer,Lightweight,Michael Johnson,46,Darrius Flowers,999,False,False,U-DEC
2024-02-10,UFC Fight Night: Hermansson vs. Pyfer,Bantamweight,Daniel Marcos,42,Aoriqileng,67,False,False,NC
2024-02-10,UFC Fight Night: Hermansson vs. Pyfer,Middleweight,Rodolfo Vieira,45,Armen Petrosyan,22,False,False,SUB
2024-02-10,UFC Fight Night: Hermansson vs. Pyfer,Light Heavyweight,Zac Pauga,36,Bogdan Guskov,39,False,False,KO/TKO
2024-02-10,UFC Fight Night: Hermansson vs. Pyfer,Women's Strawweight,Loma Lookboonmee,23,Bruna Brasil,39,False,False,U-DEC
2024-02-10,UFC Fight Night: Hermansson vs. Pyfer,Light Heavyweight,Devin Clark,29,Marcin Prachnio,31,False,False,U-DEC
2024-02-10,UFC Fight Night: Hermansson vs. Pyfer,Middleweight,Brad Tavares,32,Gregory Rodrigues,19,False,False,KO/TKO
2024-02-10,UFC Fight Night: Hermansson vs. Pyfer,Lightweight,Bolaji Oki,999,Timmy Cuamba,999,False,False,S-DEC
2024-02-17,UFC 298: Volkanovski vs. Topuria,Middleweight,Robert Whittaker,5,Paulo Costa,999,False,False,U-DEC
2024-02-17,UFC 298: Volkanovski vs. Topuria,Heavyweight,Marcos Rogerio de Lima,16,Junior Tafa,18,False,False,KO/TKO
2024-02-17,UFC 298: Volkanovski vs. Topuria,Women's Strawweight,Amanda Lemos,3,Mackenzie Dern,13,False,True,U-DEC
2024-02-17,UFC 298: Volkanovski vs. Topuria,Welterweight,Geoff Neal,14,Ian Machado Garry,3,False,True,S-DEC
2024-02-17,UFC 298: Volkanovski vs. Topuria,Bantamweight,Merab Dvalishvili,1,Henry Cejudo,17,False,False,U-DEC
2024-02-17,UFC 298: Volkanovski vs. Topuria,Welterweight,Oban Elliott,999,Val Woodburn,999,False,False,U-DEC
2024-02-17,UFC 298: Volkanovski vs. Topuria,Light Heavyweight,Zhang Mingyang,999,Brendson Ribeiro,999,False,False,KO/TKO
2024-02-17,UFC 298: Volkanovski vs. Topuria,Women's Flyweight,Andrea Lee,13,Miranda Maverick,12,False,True,U-DEC
2024-02-17,UFC 298: Volkanovski vs. Topuria,Featherweight,Alexander Volkanovski,999,Ilia Topuria,3,False,False,KO/TKO
2024-02-17,UFC 298: Volkanovski vs. Topuria,Bantamweight,Rinya Nakamura,29,Carlos Vera,999,False,False,U-DEC
2024-02-17,UFC 298: Volkanovski vs. Topuria,Welterweight,Josh Quinlan,69,Danny Barlow,999,False,False,KO/TKO
2024-02-17,UFC 298: Volkanovski vs. Topuria,Middleweight,Anthony Hernandez,19,Roman Kopylov,21,False,False,SUB
2024-02-24,UFC Fight Night: Moreno vs. Royval 2,Bantamweight,Cristian Quinonez,63,Raoni Barcelos,34,False,False,SUB
2024-02-24,UFC Fight Night: Moreno vs. Royval 2,Flyweight,Edgar Chairez,999,Daniel Lacerda,48,False,False,SUB
2024-02-24,UFC Fight Night: Moreno vs. Royval 2,Featherweight,Yair Rodriguez,7,Brian Ortega,999,False,False,SUB
2024-02-24,UFC Fight Night: Moreno vs. Royval 2,Featherweight,Erik Silva,70,Muhammad Naimov,25,False,False,KO/TKO
2024-02-24,UFC Fight Night: Moreno vs. Royval 2,Flyweight,Ronaldo Rodriguez,999,Denys Bondar,44,False,False,SUB
2024-02-24,UFC Fight Night: Moreno vs. Royval 2,Lightweight,Manuel Torres,22,Chris Duncan,27,False,False,SUB
2024-02-24,UFC Fight Night: Moreno vs. Royval 2,Women's Strawweight,Yazmin Jauregui,36,Sam Hughes,29,False,False,U-DEC
2024-02-24,UFC Fight Night: Moreno vs. Royval 2,Flyweight,Brandon Moreno,1,Brandon Royval,10,True,True,S-DEC
2024-02-24,UFC Fight Night: Moreno vs. Royval 2,Flyweight,Victor Altamirano,25,Felipe dos Santos,29,False,False,S-DEC
2024-02-24,UFC Fight Night: Moreno vs. Royval 2,Lightweight,Claudio Puelles,37,Fares Ziam,44,False,False,S-DEC
2024-02-24,UFC Fight Night: Moreno vs. Royval 2,Flyweight,Jesus Aguilar,16,Mateus Mendonca,45,False,False,S-DEC
2024-02-24,UFC Fight Night: Moreno vs. Royval 2,Lightweight,Daniel Zellhuber,34,Francisco Prado,43,False,False,U-DEC
2024-03-02,UFC Fight Night: Rozenstruik vs. Gaziev,Flyweight,Matt Schnell,18,Steve Erceg,12,False,False,KO/TKO
2024-03-02,UFC Fight Night: Rozenstruik vs. Gaziev,Middleweight,Eryk Anders,48,Jamie Pickett,72,False,False,U-DEC
2024-03-02,UFC Fight Night: Rozenstruik vs. Gaziev,Middleweight,Christian Leroy Duncan,42,Claudio Ribeiro,51,False,False,KO/TKO
2024-03-02,UFC Fight Night: Rozenstruik vs. Gaziev,Lightweight,Ludovit Klein,35,AJ Cunningham,999,False,False,KO/TKO
2024-03-02,UFC Fight Night: Rozenstruik vs. Gaziev,Flyweight,Alex Perez,999,Muhammad Mokaev,4,False,False,U-DEC
2024-03-02,UFC Fight Night: Rozenstruik vs. Gaziev,Heavyweight,Jairzinho Rozenstruik,9,Shamil Gaziev,15,False,True,KO/TKO
2024-03-02,UFC Fight Night: Rozenstruik vs. Gaziev,Bantamweight,Aiemann Zahabi,33,Javid Basharat,15,False,False,U-DEC
2024-03-02,UFC Fight Night: Rozenstruik vs. Gaziev,Lightweight,Abdul-Kareem Al-Selwady,999,Loik Radzhabov,83,False,False,KO/TKO
2024-03-02,UFC Fight Night: Rozenstruik vs. Gaziev,Bantamweight,Vinicius Oliveira,999,Benardo Sopaj,999,False,False,KO/TKO
2024-03-02,UFC Fight Night: Rozenstruik vs. Gaziev,Bantamweight,Umar Nurmagomedov,4,Bekzat Almakhan,999,False,False,U-DEC
2024-03-02,UFC Fight Night: Rozenstruik vs. Gaziev,Light Heavyweight,Vitor Petrino,22,Tyson Pedro,28,False,False,U-DEC
2024-03-09,UFC 299: O'Malley vs. Vera 2,Heavyweight,Curtis Blaydes,6,Jailton Almeida,4,True,True,KO/TKO
2024-03-09,UFC 299: O'Malley vs. Vera 2,Welterweight,Kevin Holland,13,Michael Page,999,False,False,U-DEC
2024-03-09,UFC 299: O'Malley vs. Vera 2,Women's Flyweight,Katlyn Cerminara,11,Maycee Barber,7,True,True,U-DEC
2024-03-09,UFC 299: O'Malley vs. Vera 2,Women's Flyweight,Joanne Wood,15,Maryna Moroz,27,False,False,S-DEC
2024-03-09,UFC 299: O'Malley vs. Vera 2,Flyweight,CJ Vergara,21,Asu Almabayev,13,False,False,U-DEC
2024-03-09,UFC 299: O'Malley vs. Vera 2,Welterweight,Gilbert Burns,5,Jack Della Maddalena,4,True,True,KO/TKO
2024-03-09,UFC 299: O'Malley vs. Vera 2,Lightweight,Dustin Poirier,5,Benoit Saint Denis,8,True,True,KO/TKO
2024-03-09,UFC 299: O'Malley vs. Vera 2,Light Heavyweight,Ion Cutelaba,19,Philipe Lins,17,False,False,U-DEC
2024-03-09,UFC 299: O'Malley vs. Vera 2,Bantamweight,Sean O'Malley,4,Marlon Vera,9,True,True,U-DEC
2024-03-09,UFC 299: O'Malley vs. Vera 2,Lightweight,Mateusz Gamrot,6,Rafael Dos Anjos,999,False,False,U-DEC
2024-03-09,UFC 299: O'Malley vs. Vera 2,Bantamweight,Petr Yan,7,Song Yadong,5,True,True,U-DEC
2024-03-09,UFC 299: O'Malley vs. Vera 2,Heavyweight,Robelis Despaigne,999,Josh Parisian,40,False,False,KO/TKO
2024-03-09,UFC 299: O'Malley vs. Vera 2,Bantamweight,Pedro Munhoz,21,Kyler Phillips,17,False,False,U-DEC
2024-03-09,UFC 299: O'Malley vs. Vera 2,Middleweight,Michel Pereira,13,Michal Oleksiejczuk,29,False,False,SUB
2024-03-16,UFC Fight Night: Tuivasa vs. Tybura,Women's Bantamweight,Pannie Kianzad,6,Macy Chiasson,999,False,False,SUB
2024-03-16,UFC Fight Night: Tuivasa vs. Tybura,Light Heavyweight,Ovince Saint Preux,34,Kennedy Nzechukwu,26,False,False,S-DEC
2024-03-16,UFC Fight Night: Tuivasa vs. Tybura,Flyweight,Jafel Filho,19,Ode Osbourne,29,False,False,SUB
2024-03-16,UFC Fight Night: Tuivasa vs. Tybura,Lightweight,Natan Levy,69,Mike Davis,43,False,False,SUB
2024-03-16,UFC Fight Night: Tuivasa vs. Tybura,Lightweight,Thiago Moises,48,Mitch Ramirez,999,False,False,KO/TKO
2024-03-16,UFC Fight Night: Tuivasa vs. Tybura,Middleweight,Gerald Meerschaert,40,Bryan Barberena,47,False,False,SUB
2024-03-16,UFC Fight Night: Tuivasa vs. Tybura,Women's Strawweight,Jaqueline Amorim,25,Cory McKenna,21,False,False,SUB
2024-03-16,UFC Fight Night: Tuivasa vs. Tybura,Women's Bantamweight,Josiane Nunes,999,Chelsea Chandler,999,False,False,U-DEC
2024-03-16,UFC Fight Night: Tuivasa vs. Tybura,Heavyweight,Tai Tuivasa,14,Marcin Tybura,12,False,True,SUB
2024-03-16,UFC Fight Night: Tuivasa vs. Tybura,Welterweight,Bryan Battle,32,Ange Loosa,50,False,False,NC
2024-03-16,UFC Fight Night: Tuivasa vs. Tybura,Featherweight,Christian Rodriguez,999,Isaac Dulgarian,33,False,False,S-DEC
2024-03-16,UFC Fight Night: Tuivasa vs. Tybura,Featherweight,Josh Culibao,37,Danny Silva,999,False,False,S-DEC
2024-03-16,UFC Fight Night: Tuivasa vs. Tybura,Bantamweight,Charalampos Grigoriou,999,Chad Anheliger,78,False,False,U-DEC
2024-03-23,UFC Fight Night: Ribas vs. Namajunas,Featherweight,Jarno Errens,76,Steven Nguyen,999,False,False,U-DEC
2024-03-23,UFC Fight Night: Ribas vs. Namajunas,Bantamweight,Payton Talbott,50,Cameron Saaiman,31,False,False,KO/TKO
2024-03-23,UFC Fight Night: Ribas vs. Namajunas,Heavyweight,Mohammed Usman,22,Mick Parkin,23,False,False,U-DEC
2024-03-23,UFC Fight Night: Ribas vs. Namajunas,Bantamweight,Miles Johns,47,Cody Gibson,62,False,False,U-DEC
2024-03-23,UFC Fight Night: Ribas vs. Namajunas,Featherweight,Billy Quarantillo,24,Youssef Zalal,999,False,False,SUB
2024-03-23,UFC Fight Night: Ribas vs. Namajunas,Featherweight,Ricardo Ramos,52,Julian Erosa,65,False,False,SUB
2024-03-23,UFC Fight Night: Ribas vs. Namajunas,Featherweight,Fernando Padilla,54,Luis Pajuelo,999,False,False,SUB
2024-03-23,UFC Fight Night: Ribas vs. Namajunas,Heavyweight,Karl Williams,17,Justin Tafa,20,False,False,U-DEC
2024-03-23,UFC Fight Night: Ribas vs. Namajunas,Middleweight,Edmen Shahbazyan,41,AJ Dobson,62,False,False,KO/TKO
2024-03-23,UFC Fight Night: Ribas vs. Namajunas,Lightweight,Kurt Holobaugh,52,Trey Ogden,999,False,False,U-DEC
2024-03-23,UFC Fight Night: Ribas vs. Namajunas,Women's Bantamweight,Montse Rendon,19,Daria Zhelezniakova,999,False,False,U-DEC
2024-03-23,UFC Fight Night: Ribas vs. Namajunas,Flyweight,Igor Severino,999,Andre Lima,999,False,False,DQ
2024-03-23,UFC Fight Night: Ribas vs. Namajunas,Women's Flyweight,Amanda Ribas,999,Rose Namajunas,4,False,False,U-DEC
2024-03-30,UFC Fight Night: Blanchfield vs. Fiorot,Bantamweight,Angel Pacheco,999,Caolan Loughran,73,False,False,U-DEC
2024-03-30,UFC Fight Night: Blanchfield vs. Fiorot,Featherweight,Nate Landwehr,42,Jamall Emmers,38,False,False,KO/TKO
2024-03-30,UFC Fight Night: Blanchfield vs. Fiorot,Light Heavyweight,Ibo Aslan,999,Anton Turkalj,44,False,False,KO/TKO
2024-03-30,UFC Fight Night: Blanchfield vs. Fiorot,Middleweight,Chris Weidman,32,Bruno Silva,42,False,False,U-DEC
2024-03-30,UFC Fight Night: Blanchfield vs. Fiorot,Featherweight,Bill Algeo,22,Kyle Nelson,56,False,False,KO/TKO
2024-03-30,UFC Fight Night: Blanchfield vs. Fiorot,Featherweight,Julio Arce,999,Herbert Burns,999,False,False,KO/TKO
2024-03-30,UFC Fight Night: Blanchfield vs. Fiorot,Women's Strawweight,Virna Jandiroba,10,Loopy Godinez,6,True,True,U-DEC
2024-03-30,UFC Fight Night: Blanchfield vs. Fiorot,Middleweight,Andre Petroski,31,Jacob Malkoun,27,False,False,KO/TKO
2024-03-30,UFC Fight Night: Blanchfield vs. Fiorot,Welterweight,Vicente Luque,10,Joaquin Buckley,36,False,False,KO/TKO
2024-03-30,UFC Fight Night: Blanchfield vs. Fiorot,Middleweight,Nursulton Ruziboev,30,Sedriques Dumas,54,False,False,KO/TKO
2024-03-30,UFC Fight Night: Blanchfield vs. Fiorot,Women's Flyweight,Erin Blanchfield,1,Manon Fiorot,2,True,True,U-DEC
2024-03-30,UFC Fight Night: Blanchfield vs. Fiorot,Welterweight,Chidi Njokuani,999,Rhys McKee,78,False,False,S-DEC
2024-03-30,UFC Fight Night: Blanchfield vs. Fiorot,Featherweight,Dennis Buzukja,88,Connor Matthews,999,False,False,KO/TKO
2024-04-06,UFC Fight Night: Allen vs. Curtis 2,Welterweight,Court McGee,57,Alex Morono,36,False,False,U-DEC
2024-04-06,UFC Fight Night: Allen vs. Curtis 2,Women's Bantamweight,Melissa Mullins,16,Nora Cornolle,18,False,False,KO/TKO
2024-04-06,UFC Fight Night: Allen vs. Curtis 2,Women's Bantamweight,Norma Dumont,999,Germaine de Randamie,999,False,False,U-DEC
2024-04-06,UFC Fight Night: Allen vs. Curtis 2,Bantamweight,Dan Argueta,999,Jean Matsumoto,999,False,False,SUB
2024-04-06,UFC Fight Night: Allen vs. Curtis 2,Featherweight,Morgan Charriere,38,Chepe Mariscal,26,False,False,S-DEC
2024-04-06,UFC Fight Night: Allen vs. Curtis 2,Middleweight,Brendan Allen,8,Chris Curtis,23,False,False,S-DEC
2024-04-06,UFC Fight Night: Allen vs. Curtis 2,Middleweight,Dylan Budka,999,Cesar Almeida,999,False,False,KO/TKO
2024-04-06,UFC Fight Night: Allen vs. Curtis 2,Lightweight,Trevor Peek,57,Charlie Campbell,36,False,False,U-DEC
2024-04-06,UFC Fight Night: Allen vs. Curtis 2,Bantamweight,Pedro Falcao,999,Victor Hugo,999,False,False,U-DEC
2024-04-06,UFC Fight Night: Allen vs. Curtis 2,Lightweight,Ignacio Bahamondes,32,Christos Giagos,53,False,False,KO/TKO
2024-04-06,UFC Fight Night: Allen vs. Curtis 2,Featherweight,Alexander Hernandez,31,Damon Jackson,33,False,False,S-DEC
2024-04-06,UFC Fight Night: Allen vs. Curtis 2,Heavyweight,Valter Walker,999,Lukasz Brzeski,36,False,False,U-DEC
2024-04-13,UFC 300: Pereira vs. Hill,Lightweight,Charles Oliveira,2,Arman Tsarukyan,3,True,True,S-DEC
2024-04-13,UFC 300: Pereira vs. Hill,Middleweight,Bo Nickal,27,Cody Brundage,52,False,False,SUB
2024-04-13,UFC 300: Pereira vs. Hill,Lightweight,Jalin Turner,7,Renato Moicano,19,False,False,KO/TKO
2024-04-13,UFC 300: Pereira vs. Hill,Bantamweight,Deiveson Figueiredo,11,Cody Garbrandt,29,False,False,SUB
2024-04-13,UFC 300: Pereira vs. Hill,Featherweight,Sodiq Yusuff,7,Diego Lopes,18,False,False,KO/TKO
2024-04-13,UFC 300: Pereira vs. Hill,Women's Strawweight,Jessica Andrade,5,Marina Rodriguez,4,True,True,S-DEC
2024-04-13,UFC 300: Pereira vs. Hill,Women's Strawweight,Zhang Weili,1,Yan Xiaonan,2,True,True,U-DEC
2024-04-13,UFC 300: Pereira vs. Hill,Women's Bantamweight,Holly Holm,4,Kayla Harrison,999,False,False,SUB
2024-04-13,UFC 300: Pereira vs. Hill,Lightweight,Justin Gaethje,4,Max Holloway,999,False,False,KO/TKO
2024-04-13,UFC 300: Pereira vs. Hill,Featherweight,Calvin Kattar,13,Aljamain Sterling,999,False,False,U-DEC
2024-04-13,UFC 300: Pereira vs. Hill,Light Heavyweight,Alex Pereira,2,Jamahal Hill,4,True,True,KO/TKO
2024-04-13,UFC 300: Pereira vs. Hill,Light Heavyweight,Jiri Prochazka,7,Aleksandar Rakic,999,False,False,KO/TKO
2024-04-13,UFC 300: Pereira vs. Hill,Lightweight,King Green,11,Jim Miller,24,False,False,U-DEC
2024-04-27,UFC Fight Night: Nicolau vs. Perez,Lightweight,Gabriel Benitez,63,Maheshate,101,False,False,S-DEC
2024-04-27,UFC Fight Night: Nicolau vs. Perez,Lightweight,James Llontop,999,Chris Padilla,999,False,False,SUB
2024-04-27,UFC Fight Night: Nicolau vs. Perez,Women's Flyweight,Ivana Petrovic,30,Liang Na,39,False,False,SUB
2024-04-27,UFC Fight Night: Nicolau vs. Perez,Heavyweight,Don'Tale Mayes,30,Caio Machado,25,False,False,U-DEC
2024-04-27,UFC Fight Night: Nicolau vs. Perez,Women's Flyweight,Ariane da Silva,19,Karine Silva,9,False,False,U-DEC
2024-04-27,UFC Fight Night: Nicolau vs. Perez,Women's Strawweight,Marnic Mann,45,Ketlen Souza,999,False,False,U-DEC
2024-04-27,UFC Fight Night: Nicolau vs. Perez,Bantamweight,Rani Yahya,37,Victor Henry,20,False,False,KO/TKO
2024-04-27,UFC Fight Night: Nicolau vs. Perez,Lightweight,Austin Hubbard,77,Michal Figlak,999,False,False,U-DEC
2024-04-27,UFC Fight Night: Nicolau vs. Perez,Welterweight,Tim Means,30,Uros Medic,57,False,False,KO/TKO
2024-04-27,UFC Fight Night: Nicolau vs. Perez,Featherweight,Jonathan Pearce,15,David Onama,49,False,False,U-DEC
2024-04-27,UFC Fight Night: Nicolau vs. Perez,Flyweight,Matheus Nicolau,16,Alex Perez,15,False,True,KO/TKO
2024-04-27,UFC Fight Night: Nicolau vs. Perez,Heavyweight,Austen Lane,38,Jhonata Diniz,999,False,False,KO/TKO
2024-04-27,UFC Fight Night: Nicolau vs. Perez,Light Heavyweight,Ryan Spann,17,Bogdan Guskov,35,False,False,KO/TKO
2024-05-04,UFC 301: Pantoja vs. Erceg,Middleweight,Paul Craig,30,Caio Borralho,17,False,False,KO/TKO
2024-05-04,UFC 301: Pantoja vs. Erceg,Lightweight,Joaquim Silva,62,Drakkar Klose,28,False,False,U-DEC
2024-05-04,UFC 301: Pantoja vs. Erceg,Middleweight,Michel Pereira,9,Ihor Potieria,49,False,False,SUB
2024-05-04,UFC 301: Pantoja vs. Erceg,Flyweight,Alexandre Pantoja,1,Steve Erceg,6,True,True,U-DEC
2024-05-04,UFC 301: Pantoja vs. Erceg,Women's Flyweight,Dione Barbosa,999,Ernesta Kareckaite,999,False,False,U-DEC
2024-05-04,UFC 301: Pantoja vs. Erceg,Lightweight,Ismael Bonfim,56,Vinc Pichel,999,False,False,U-DEC
2024-05-04,UFC 301: Pantoja vs. Erceg,Lightweight,Elves Brener,999,Myktybek Orolbai,999,False,False,U-DEC
2024-05-04,UFC 301: Pantoja vs. Erceg,Light Heavyweight,Anthony Smith,15,Vitor Petrino,19,False,False,SUB
2024-05-04,UFC 301: Pantoja vs. Erceg,Bantamweight,Jose Aldo,999,Jonathan Martinez,10,False,False,U-DEC
2024-05-04,UFC 301: Pantoja vs. Erceg,Lightweight,Mauricio Ruffy,999,Jamie Mullarkey,60,False,False,KO/TKO
2024-05-04,UFC 301: Pantoja vs. Erceg,Featherweight,Jack Shore,15,Joanderson Brito,6,False,True,KO/TKO
2024-05-04,UFC 301: Pantoja vs. Erceg,Women's Strawweight,Karolina Kowalkiewicz,17,Iasmin Lucindo,20,False,False,U-DEC
2024-05-04,UFC 301: Pantoja vs. Erceg,Flyweight,Alessandro Costa,34,Kevin Borjas,46,False,False,KO/TKO
2024-05-11,UFC Fight Night: Lewis vs. Nascimento,Women's Strawweight,Tabatha Ricci,8,Tecia Pennington,999,False,False,S-DEC
2024-05-11,UFC Fight Night: Lewis vs. Nascimento,Lightweight,Chase Hooper,59,Viacheslav Borshchev,45,False,False,SUB
2024-05-11,UFC Fight Night: Lewis vs. Nascimento,Flyweight,Charles Johnson,24,Jake Hadley,21,False,False,U-DEC
2024-05-11,UFC Fight Night: Lewis vs. Nascimento,Lightweight,Diego Ferreira,21,Mateusz Rebecki,14,False,False,KO/TKO
2024-05-11,UFC Fight Night: Lewis vs. Nascimento,Heavyweight,Derrick Lewis,12,Rodrigo Nascimento,21,False,False,KO/TKO
2024-05-11,UFC Fight Night: Lewis vs. Nascimento,Featherweight,Alex Caceres,22,Sean Woodson,38,False,False,U-DEC
2024-05-11,UFC Fight Night: Lewis vs. Nascimento,Lightweight,Terrance McKinney,44,Esteban Ribovics,55,False,False,KO/TKO
2024-05-11,UFC Fight Night: Lewis vs. Nascimento,Light Heavyweight,Alonzo Menifield,13,Carlos Ulberg,5,False,True,KO/TKO
2024-05-11,UFC Fight Night: Lewis vs. Nascimento,Welterweight,Joaquin Buckley,22,Nursulton Ruziboev,999,False,False,U-DEC
2024-05-11,UFC Fight Night: Lewis vs. Nascimento,Women's Flyweight,JJ Aldrich,25,Veronica Hardy,24,False,False,U-DEC
2024-05-11,UFC Fight Night: Lewis vs. Nascimento,Heavyweight,Waldo Cortes Acosta,18,Robelis Despaigne,19,False,False,U-DEC
2024-05-11,UFC Fight Night: Lewis vs. Nascimento,Welterweight,Billy Ray Goff,50,Trey Waters,44,False,False,U-DEC
2024-05-18,UFC Fight Night: Barboza vs. Murphy,Women's Strawweight,Vanessa Demopoulos,40,Emily Ducote,29,False,False,S-DEC
2024-05-18,UFC Fight Night: Barboza vs. Murphy,Featherweight,Edson Barboza,13,Lerone Murphy,16,False,True,U-DEC
2024-05-18,UFC Fight Night: Barboza vs. Murphy,Welterweight,Themba Gorimbo,43,Ramiz Brahimaj,999,False,False,U-DEC
2024-05-18,UFC Fight Night: Barboza vs. Murphy,Women's Strawweight,Piera Rodriguez,28,Ariane Carnelossi,999,False,False,DQ
2024-05-18,UFC Fight Night: Barboza vs. Murphy,Women's Strawweight,Luana Pinheiro,25,Angela Hill,12,False,False,SUB
2024-05-18,UFC Fight Night: Barboza vs. Murphy,Women's Bantamweight,Tamires Vidal,24,Melissa Gatto,999,False,False,KO/TKO
2024-05-18,UFC Fight Night: Barboza vs. Murphy,Bantamweight,Adrian Yanez,17,Vinicius Salvador,999,False,False,KO/TKO
2024-05-18,UFC Fight Night: Barboza vs. Murphy,Bantamweight,Alatengheili,45,Kleydson Rodrigues,50,False,False,U-DEC
2024-05-18,UFC Fight Night: Barboza vs. Murphy,Light Heavyweight,Oumar Sy,999,Tuco Tokkos,999,False,False,SUB
2024-05-18,UFC Fight Night: Barboza vs. Murphy,Welterweight,Khaos Williams,17,Carlston Harris,16,False,False,KO/TKO
2024-05-18,UFC Fight Night: Barboza vs. Murphy,Lightweight,Victor Martinez,101,Tom Nolan,107,False,False,KO/TKO
2024-05-18,UFC Fight Night: Barboza vs. Murphy,Middleweight,Abus Magomedov,43,Warlley Alves,49,False,False,U-DEC
2024-06-01,UFC 302: Makhachev vs. Poirier,Lightweight,Islam Makhachev,1,Dustin Poirier,5,True,True,SUB
2024-06-01,UFC 302: Makhachev vs. Poirier,Women's Bantamweight,Ailin Perez,14,Joselyne Edwards,17,False,False,U-DEC
2024-06-01,UFC 302: Makhachev vs. Poirier,Middleweight,Kevin Holland,999,Michal Oleksiejczuk,38,False,False,SUB
2024-06-01,UFC 302: Makhachev vs. Poirier,Welterweight,Mickey Gall,999,Bassil Hafez,61,False,False,U-DEC
2024-06-01,UFC 302: Makhachev vs. Poirier,Middleweight,Sean Strickland,6,Paulo Costa,16,False,True,S-DEC
2024-06-01,UFC 302: Makhachev vs. Poirier,Welterweight,Niko Price,59,Alex Morono,39,False,False,U-DEC
2024-06-01,UFC 302: Makhachev vs. Poirier,Welterweight,Phil Rowe,35,Jake Matthews,33,False,False,U-DEC
2024-06-01,UFC 302: Makhachev vs. Poirier,Heavyweight,Jailton Almeida,6,Alexandr Romanov,9,True,True,SUB
2024-06-01,UFC 302: Makhachev vs. Poirier,Lightweight,Grant Dawson,15,Joe Solecki,37,False,False,U-DEC
2024-06-01,UFC 302: Makhachev vs. Poirier,Middleweight,Cesar Almeida,42,Roman Kopylov,27,False,False,S-DEC
2024-06-01,UFC 302: Makhachev vs. Poirier,Flyweight,Mitch Raposo,999,Andre Lima,31,False,False,S-DEC
2024-06-01,UFC 302: Makhachev vs. Poirier,Welterweight,Randy Brown,17,Elizeu Zaleski dos Santos,26,False,False,U-DEC
2024-06-08,UFC Fight Night: Cannonier vs. Imavov,Middleweight,Jared Cannonier,7,Nassourdine Imavov,12,False,True,KO/TKO
2024-06-08,UFC Fight Night: Cannonier vs. Imavov,Lightweight,Thiago Moises,42,Ludovit Klein,31,False,False,U-DEC
2024-06-08,UFC Fight Night: Cannonier vs. Imavov,Light Heavyweight,Dominick Reyes,999,Dustin Jacoby,10,False,False,KO/TKO
2024-06-08,UFC Fight Night: Cannonier vs. Imavov,Welterweight,Miguel Baeza,999,Punahele Soriano,999,False,False,U-DEC
2024-06-08,UFC Fight Night: Cannonier vs. Imavov,Middleweight,Julian Marquez,55,Zach Reese,63,False,False,KO/TKO
2024-06-08,UFC Fight Night: Cannonier vs. Imavov,Bantamweight,Brad Katona,58,Jesse Butler,999,False,False,U-DEC
2024-06-08,UFC Fight Night: Cannonier vs. Imavov,Bantamweight,Cody Stamann,999,Taylor Lapilus,48,False,False,U-DEC
2024-06-08,UFC Fight Night: Cannonier vs. Imavov,Women's Strawweight,Eduarda Moura,21,Denise Gomes,18,False,False,S-DEC
2024-06-08,UFC Fight Night: Cannonier vs. Imavov,Welterweight,Charles Radtke,38,Carlos Prates,54,False,False,KO/TKO
2024-06-08,UFC Fight Night: Cannonier vs. Imavov,Women's Flyweight,Andrea Lee,17,Montana De La Rosa,25,False,False,S-DEC
2024-06-08,UFC Fight Night: Cannonier vs. Imavov,Women's Strawweight,Rayanne dos Santos,30,Puja Tomar,999,False,False,S-DEC
2024-06-08,UFC Fight Night: Cannonier vs. Imavov,Bantamweight,Raul Rosas Jr.,35,Ricky Turcios,999,False,False,SUB
2024-06-08,UFC Fight Night: Cannonier vs. Imavov,Middleweight,Brunno Ferreira,37,Dustin Stoltzfus,56,False,False,KO/TKO
2024-06-08,UFC Fight Night: Cannonier vs. Imavov,Bantamweight,John Castaneda,999,Daniel Marcos,37,False,False,U-DEC
2024-06-15,UFC Fight Night: Perez vs. Taira,Women's Strawweight,Josefine Knutsson,17,Julia Polastri,999,False,False,U-DEC
2024-06-15,UFC Fight Night: Perez vs. Taira,Women's Flyweight,Carli Judice,999,Gabriella Fernandes,36,False,False,S-DEC
2024-06-15,UFC Fight Night: Perez vs. Taira,Flyweight,Asu Almabayev,7,Jose Johnson,999,False,False,U-DEC
2024-06-15,UFC Fight Night: Perez vs. Taira,Bantamweight,Douglas Silva de Andrade,999,Miles Johns,46,False,False,U-DEC
2024-06-15,UFC Fight Night: Perez vs. Taira,Flyweight,Jimmy Flick,44,Nate Maness,29,False,False,U-DEC
2024-06-15,UFC Fight Night: Perez vs. Taira,Featherweight,Timmy Cuamba,999,Lucas Almeida,81,False,False,U-DEC
2024-06-15,UFC Fight Night: Perez vs. Taira,Flyweight,Alex Perez,14,Tatsuro Taira,2,False,True,KO/TKO
2024-06-15,UFC Fight Night: Perez vs. Taira,Featherweight,Melquizael Costa,999,Shayilan Nuerdanbieke,51,False,False,SUB
2024-06-15,UFC Fight Night: Perez vs. Taira,Welterweight,Josh Quinlan,81,Adam Fugitt,61,False,False,S-DEC
2024-06-15,UFC Fight Night: Perez vs. Taira,Featherweight,Jeka Saragih,62,Westin Wilson,86,False,False,SUB
2024-06-15,UFC Fight Night: Perez vs. Taira,Bantamweight,Brady Hiestand,40,Garrett Armfield,34,False,False,SUB
2024-06-22,UFC Fight Night: Whittaker vs. Aliskerov,Light Heavyweight,Magomed Gadzhiyasulov,999,Brendson Ribeiro,44,False,False,M-DEC
2024-06-22,UFC Fight Night: Whittaker vs. Aliskerov,Lightweight,Nasrat Haqparast,31,Jared Gordon,27,False,False,S-DEC
2024-06-22,UFC Fight Night: Whittaker vs. Aliskerov,Featherweight,Muhammad Naimov,17,Felipe Lima,999,False,False,SUB
2024-06-22,UFC Fight Night: Whittaker vs. Aliskerov,Bantamweight,Kyung Ho Kang,999,Muin Gafurov,61,False,False,U-DEC
2024-06-22,UFC Fight Night: Whittaker vs. Aliskerov,Middleweight,Kelvin Gastelum,999,Daniel Rodriguez,999,False,False,U-DEC
2024-06-22,UFC Fight Night: Whittaker vs. Aliskerov,Light Heavyweight,Johnny Walker,8,Volkan Oezdemir,10,True,True,KO/TKO
2024-06-22,UFC Fight Night: Whittaker vs. Aliskerov,Bantamweight,Xiao Long,999,ChangHo Lee,999,False,False,S-DEC
2024-06-22,UFC Fight Night: Whittaker vs. Aliskerov,Heavyweight,Sergei Pavlovich,6,Alexander Volkov,4,True,True,U-DEC
2024-06-22,UFC Fight Night: Whittaker vs. Aliskerov,Welterweight,Rinat Fakhretdinov,9,Nicolas Dalby,19,False,False,S-DEC
2024-06-22,UFC Fight Night: Whittaker vs. Aliskerov,Middleweight,Robert Whittaker,4,Ikram Aliskerov,17,False,False,KO/TKO
2024-06-22,UFC Fight Night: Whittaker vs. Aliskerov,Middleweight,Shara Magomedov,34,Antonio Trocoli,999,False,False,KO/TKO
2024-06-29,UFC 303: Pereira vs. Prochazka 2,Featherweight,Cub Swanson,21,Andre Fili,54,False,False,S-DEC
2024-06-29,UFC 303: Pereira vs. Prochazka 2,Women's Strawweight,Michelle Waterson-Gomez,26,Gillian Robertson,16,False,False,U-DEC
2024-06-29,UFC 303: Pereira vs. Prochazka 2,Featherweight,Charles Jourdain,31,Jean Silva,43,False,False,KO/TKO
2024-06-29,UFC 303: Pereira vs. Prochazka 2,Heavyweight,Andrei Arlovski,29,Martin Buday,32,False,False,S-DEC
2024-06-29,UFC 303: Pereira vs. Prochazka 2,Bantamweight,Payton Talbott,21,Yanis Ghemmouri,999,False,False,KO/TKO
2024-06-29,UFC 303: Pereira vs. Prochazka 2,Flyweight,Rei Tsuruya,999,Carlos Hernandez,39,False,False,U-DEC
2024-06-29,UFC 303: Pereira vs. Prochazka 2,Women's Bantamweight,Mayra Bueno Silva,21,Macy Chiasson,8,False,False,KO/TKO
2024-06-29,UFC 303: Pereira vs. Prochazka 2,Bantamweight,Ricky Simon,24,Vinicius Oliveira,46,False,False,U-DEC
2024-06-29,UFC 303: Pereira vs. Prochazka 2,Light Heavyweight,Alex Pereira,1,Jiri Prochazka,5,True,True,KO/TKO
2024-06-29,UFC 303: Pereira vs. Prochazka 2,Light Heavyweight,Anthony Smith,10,Roman Dolidze,999,False,False,U-DEC
2024-06-29,UFC 303: Pereira vs. Prochazka 2,Middleweight,Joe Pyfer,31,Marc-Andre Barriault,45,False,False,KO/TKO
2024-06-29,UFC 303: Pereira vs. Prochazka 2,Welterweight,Ian Machado Garry,3,Michael Page,40,False,False,U-DEC
2024-07-13,UFC Fight Night: Namajunas vs. Cortez,Women's Flyweight,Rose Namajunas,4,Tracy Cortez,10,True,True,U-DEC
2024-07-13,UFC Fight Night: Namajunas vs. Cortez,Welterweight,Evan Elder,999,Darrius Flowers,999,False,False,SUB
2024-07-13,UFC Fight Night: Namajunas vs. Cortez,Middleweight,Abdul Razak Alhassan,44,Cody Brundage,53,False,False,NC
2024-07-13,UFC Fight Night: Namajunas vs. Cortez,Lightweight,Drew Dober,22,Jean Silva,999,False,False,KO/TKO
2024-07-13,UFC Fight Night: Namajunas vs. Cortez,Women's Flyweight,Jasmine Jasudavicius,999,Fatima Kline,999,False,False,U-DEC
2024-07-13,UFC Fight Night: Namajunas vs. Cortez,Bantamweight,Montel Jackson,15,Da'Mon Blackshear,28,False,False,KO/TKO
2024-07-13,UFC Fight Night: Namajunas vs. Cortez,Flyweight,Joshua Van,7,Charles Johnson,19,False,False,KO/TKO
2024-07-13,UFC Fight Night: Namajunas vs. Cortez,Featherweight,Julian Erosa,61,Christian Rodriguez,13,False,False,SUB
2024-07-13,UFC Fight Night: Namajunas vs. Cortez,Middleweight,Josh Fremd,54,Andre Petroski,39,False,False,U-DEC
2024-07-13,UFC Fight Night: Namajunas vs. Cortez,Welterweight,Gabriel Bonfim,32,Ange Loosa,48,False,False,U-DEC
2024-07-13,UFC Fight Night: Namajunas vs. Cortez,Welterweight,Santiago Ponzinibbio,21,Muslim Salikhov,33,False,False,S-DEC
2024-07-13,UFC Fight Night: Namajunas vs. Cortez,Women's Flyweight,Luana Santos,999,Mariya Agapova,999,False,False,SUB
2024-07-20,UFC Fight Night: Lemos vs. Jandiroba,Featherweight,Steve Garcia,999,SeungWoo Choi,54,False,False,KO/TKO
2024-07-20,UFC Fight Night: Lemos vs. Jandiroba,Bantamweight,Brian Kelleher,64,Cody Gibson,68,False,False,SUB
2024-07-20,UFC Fight Night: Lemos vs. Jandiroba,Women's Strawweight,Amanda Lemos,2,Virna Jandiroba,7,True,True,SUB
2024-07-20,UFC Fight Night: Lemos vs. Jandiroba,Featherweight,JeongYeong Lee,49,Hyder Amil,46,False,False,KO/TKO
2024-07-20,UFC Fight Night: Lemos vs. Jandiroba,Heavyweight,Mohammed Usman,25,Thomas Petersen,35,False,False,U-DEC
2024-07-20,UFC Fight Night: Lemos vs. Jandiroba,Flyweight,Cody Durden,16,Bruno Silva,999,False,False,KO/TKO
2024-07-20,UFC Fight Night: Lemos vs. Jandiroba,Lightweight,Kurt Holobaugh,67,Kaynan Kruschewsky,999,False,False,U-DEC
2024-07-20,UFC Fight Night: Lemos vs. Jandiroba,Lightweight,Loik Radzhabov,73,Trey Ogden,54,False,False,U-DEC
2024-07-20,UFC Fight Night: Lemos vs. Jandiroba,Women's Flyweight,Luana Carolina,25,Lucie Pudilova,999,False,False,U-DEC
2024-07-20,UFC Fight Night: Lemos vs. Jandiroba,Women's Flyweight,Miranda Maverick,12,Dione Barbosa,26,False,False,U-DEC
2024-07-20,UFC Fight Night: Lemos vs. Jandiroba,Featherweight,Dooho Choi,58,Bill Algeo,22,False,False,KO/TKO
2024-07-27,UFC 304: Edwards vs. Muhammad 2,Light Heavyweight,Modestas Bukauskas,39,Marcin Prachnio,30,False,False,SUB
2024-07-27,UFC 304: Edwards vs. Muhammad 2,Welterweight,Oban Elliott,51,Preston Parsons,34,False,False,U-DEC
2024-07-27,UFC 304: Edwards vs. Muhammad 2,Welterweight,Sam Patterson,62,Kiefer Crosbie,71,False,False,SUB
2024-07-27,UFC 304: Edwards vs. Muhammad 2,Lightweight,King Green,8,Paddy Pimblett,9,True,True,SUB
2024-07-27,UFC 304: Edwards vs. Muhammad 2,Featherweight,Nathaniel Wood,21,Daniel Pineda,54,False,False,U-DEC
2024-07-27,UFC 304: Edwards vs. Muhammad 2,Women's Strawweight,Molly McCann,25,Bruna Brasil,44,False,False,U-DEC
2024-07-27,UFC 304: Edwards vs. Muhammad 2,Featherweight,Arnold Allen,6,Giga Chikadze,9,True,True,U-DEC
2024-07-27,UFC 304: Edwards vs. Muhammad 2,Bantamweight,Jake Hadley,999,Caolan Loughran,49,False,False,U-DEC
2024-07-27,UFC 304: Edwards vs. Muhammad 2,Heavyweight,Mick Parkin,17,Lukasz Brzeski,33,False,False,KO/TKO
2024-07-27,UFC 304: Edwards vs. Muhammad 2,Flyweight,Muhammad Mokaev,3,Manel Kape,6,True,True,U-DEC
2024-07-27,UFC 304: Edwards vs. Muhammad 2,Women's Strawweight,Shauna Bannon,42,Alice Ardelean,999,False,False,S-DEC
2024-07-27,UFC 304: Edwards vs. Muhammad 2,Heavyweight,Tom Aspinall,1,Curtis Blaydes,4,True,True,KO/TKO
2024-07-27,UFC 304: Edwards vs. Muhammad 2,Welterweight,Leon Edwards,5,Belal Muhammad,2,True,True,U-DEC
2024-07-27,UFC 304: Edwards vs. Muhammad 2,Middleweight,Christian Leroy Duncan,25,Gregory Rodrigues,17,False,False,U-DEC
2024-08-03,UFC Fight Night: Sandhagen vs. Nurmagomedov,Lightweight,Mohammad Yahya,91,Kaue Fernandes,80,False,False,KO/TKO
2024-08-03,UFC Fight Night: Sandhagen vs. Nurmagomedov,Welterweight,Tony Ferguson,999,Michael Chiesa,26,False,False,SUB
2024-08-03,UFC Fight Night: Sandhagen vs. Nurmagomedov,Bantamweight,Cory Sandhagen,999,Umar Nurmagomedov,3,False,False,U-DEC
2024-08-03,UFC Fight Night: Sandhagen vs. Nurmagomedov,Heavyweight,Shamil Gaziev,21,Don'Tale Mayes,26,False,False,U-DEC
2024-08-03,UFC Fight Night: Sandhagen vs. Nurmagomedov,Lightweight,Guram Kutateladze,84,Jordan Vucenic,999,False,False,U-DEC
2024-08-03,UFC Fight Night: Sandhagen vs. Nurmagomedov,Middleweight,Shara Magomedov,23,Michal Oleksiejczuk,41,False,False,U-DEC
2024-08-03,UFC Fight Night: Sandhagen vs. Nurmagomedov,Bantamweight,Marlon Vera,13,Deiveson Figueiredo,10,False,True,U-DEC
2024-08-03,UFC Fight Night: Sandhagen vs. Nurmagomedov,Lightweight,Jai Herbert,68,Rolando Bedoya,999,False,False,U-DEC
2024-08-03,UFC Fight Night: Sandhagen vs. Nurmagomedov,Women's Strawweight,Mackenzie Dern,17,Loopy Godinez,8,False,False,U-DEC
2024-08-03,UFC Fight Night: Sandhagen vs. Nurmagomedov,Lightweight,Joel Alvarez,21,Elves Brener,52,False,False,KO/TKO
2024-08-03,UFC Fight Night: Sandhagen vs. Nurmagomedov,Middleweight,Sedriques Dumas,61,Denis Tiuliulin,68,False,False,U-DEC
2024-08-03,UFC Fight Night: Sandhagen vs. Nurmagomedov,Women's Strawweight,Viktoriia Dudakova,20,Sam Hughes,27,False,False,S-DEC
2024-08-03,UFC Fight Night: Sandhagen vs. Nurmagomedov,Light Heavyweight,Azamat Murzakanov,9,Alonzo Menifield,16,False,True,KO/TKO
2024-08-10,UFC Fight Night: Tybura vs. Spivac 2,Bantamweight,Toshiomi Kazama,88,Charalampos Grigoriou,82,False,False,SUB
2024-08-10,UFC Fight Night: Tybura vs. Spivac 2,Women's Strawweight,Stephanie Luciano,999,Talita Alencar,27,False,False,U-DEC
2024-08-10,UFC Fight Night: Tybura vs. Spivac 2,Bantamweight,Chris Gutierrez,10,Quang Le,999,False,False,U-DEC
2024-08-10,UFC Fight Night: Tybura vs. Spivac 2,Heavyweight,Jhonata Diniz,24,Karl Williams,14,False,False,U-DEC
2024-08-10,UFC Fight Night: Tybura vs. Spivac 2,Welterweight,Danny Barlow,46,Nikolay Veretennikov,999,False,False,S-DEC
2024-08-10,UFC Fight Night: Tybura vs. Spivac 2,Heavyweight,Marcin Tybura,9,Serghei Spivac,11,True,True,SUB
2024-08-10,UFC Fight Night: Tybura vs. Spivac 2,Women's Bantamweight,Karol Rosa,11,Pannie Kianzad,15,False,True,U-DEC
2024-08-10,UFC Fight Night: Tybura vs. Spivac 2,Featherweight,Youssef Zalal,44,Jarno Errens,58,False,False,SUB
2024-08-10,UFC Fight Night: Tybura vs. Spivac 2,Women's Bantamweight,Yana Santos,999,Chelsea Chandler,9,False,False,U-DEC
2024-08-10,UFC Fight Night: Tybura vs. Spivac 2,Featherweight,Damon Jackson,28,Chepe Mariscal,19,False,False,U-DEC
2024-08-17,UFC 305: Du Plessis vs. Adesanya,Lightweight,Mateusz Gamrot,5,Dan Hooker,21,False,False,S-DEC
2024-08-17,UFC 305: Du Plessis vs. Adesanya,Flyweight,Stewart Nicoll,999,Jesus Aguilar,23,False,False,SUB
2024-08-17,UFC 305: Du Plessis vs. Adesanya,Welterweight,Li Jingliang,999,Carlos Prates,34,False,False,KO/TKO
2024-08-17,UFC 305: Du Plessis vs. Adesanya,Featherweight,Josh Culibao,41,Ricardo Ramos,60,False,False,S-DEC
2024-08-17,UFC 305: Du Plessis vs. Adesanya,Middleweight,Dricus Du Plessis,1,Israel Adesanya,5,True,True,SUB
2024-08-17,UFC 305: Du Plessis vs. Adesanya,Women's Flyweight,Casey O'Neill,20,Luana Santos,13,False,False,U-DEC
2024-08-17,UFC 305: Du Plessis vs. Adesanya,Flyweight,Kai Kara-France,10,Steve Erceg,12,False,True,KO/TKO
2024-08-17,UFC 305: Du Plessis vs. Adesanya,Featherweight,Jack Jenkins,54,Herbert Burns,74,False,False,KO/TKO
2024-08-17,UFC 305: Du Plessis vs. Adesanya,Lightweight,Tom Nolan,85,Alex Reyes,100,False,False,U-DEC
2024-08-17,UFC 305: Du Plessis vs. Adesanya,Heavyweight,Tai Tuivasa,18,Jairzinho Rozenstruik,9,False,False,S-DEC
2024-08-17,UFC 305: Du Plessis vs. Adesanya,Heavyweight,Junior Tafa,28,Valter Walker,35,False,False,SUB
2024-08-17,UFC 305: Du Plessis vs. Adesanya,Welterweight,Song Kenan,64,Ricky Glenn,999,False,False,U-DEC
2024-08-24,UFC Fight Night: Cannonier vs. Borralho,Middleweight,Jared Cannonier,10,Caio Borralho,15,False,True,U-DEC
2024-08-24,UFC Fight Night: Cannonier vs. Borralho,Middleweight,Edmen Shahbazyan,34,Gerald Meerschaert,36,False,False,SUB
2024-08-24,UFC Fight Night: Cannonier vs. Borralho,Lightweight,Dennis Buzukja,999,Francis Marshall,999,False,False,S-DEC
2024-08-24,UFC Fight Night: Cannonier vs. Borralho,Middleweight,Robert Valentin,999,Ryan Loder,999,False,False,KO/TKO
2024-08-24,UFC Fight Night: Cannonier vs. Borralho,Women's Strawweight,Angela Hill,11,Tabatha Ricci,8,True,True,U-DEC
2024-08-24,UFC Fight Night: Cannonier vs. Borralho,Women's Bantamweight,Jacqueline Cavalcanti,999,Josiane Nunes,22,False,False,S-DEC
2024-08-24,UFC Fight Night: Cannonier vs. Borralho,Welterweight,Neil Magny,17,Michael Morales,10,False,False,KO/TKO
2024-08-24,UFC Fight Night: Cannonier vs. Borralho,Lightweight,Viacheslav Borshchev,60,James Llontop,85,False,False,S-DEC
2024-08-24,UFC Fight Night: Cannonier vs. Borralho,Featherweight,Kaan Ofli,999,Mairon Santos,999,False,False,KO/TKO
2024-08-24,UFC Fight Night: Cannonier vs. Borralho,Middleweight,Zach Reese,46,Jose Daniel Medina,999,False,False,U-DEC
2024-08-24,UFC Fight Night: Cannonier vs. Borralho,Women's Flyweight,Wang Cong,999,Victoria Leonardo,42,False,False,KO/TKO
2024-09-07,UFC Fight Night: Burns vs. Brady,Featherweight,Zygimantas Ramaska,999,Nathan Fletcher,999,False,False,SUB
2024-09-07,UFC Fight Night: Burns vs. Brady,Featherweight,Steve Garcia,12,Kyle Nelson,45,False,False,KO/TKO
2024-09-07,UFC Fight Night: Burns vs. Brady,Flyweight,Felipe dos Santos,31,Andre Lima,21,False,False,U-DEC
2024-09-07,UFC Fight Night: Burns vs. Brady,Featherweight,Yizha,999,Gabriel Santos,70,False,False,U-DEC
2024-09-07,UFC Fight Night: Burns vs. Brady,Lightweight,Trevor Peek,65,Yanal Ashmouz,73,False,False,U-DEC
2024-09-07,UFC Fight Night: Burns vs. Brady,Featherweight,Isaac Dulgarian,33,Brendon Marotte,999,False,False,SUB
2024-09-07,UFC Fight Night: Burns vs. Brady,Lightweight,Rongzhu,999,Chris Padilla,54,False,False,KO/TKO
2024-09-07,UFC Fight Night: Burns vs. Brady,Women's Flyweight,Jessica Andrade,999,Natalia Silva,8,False,False,U-DEC
2024-09-07,UFC Fight Night: Burns vs. Brady,Welterweight,Gilbert Burns,9,Sean Brady,7,True,True,U-DEC
2024-09-07,UFC Fight Night: Burns vs. Brady,Women's Strawweight,Jaqueline Amorim,17,Vanessa Demopoulos,43,False,False,SUB
2024-09-07,UFC Fight Night: Burns vs. Brady,Middleweight,Andre Petroski,37,Dylan Budka,60,False,False,U-DEC
2024-09-07,UFC Fight Night: Burns vs. Brady,Bantamweight,Matt Schnell,999,Cody Durden,999,False,False,SUB
2024-09-14,UFC 306: Riyadh Season Noche UFC,Featherweight,Brian Ortega,11,Diego Lopes,999,False,False,U-DEC
2024-09-14,UFC 306: Riyadh Season Noche UFC,Women's Bantamweight,Irene Aldana,9,Norma Dumont,3,True,True,U-DEC
2024-09-14,UFC 306: Riyadh Season Noche UFC,Lightweight,Daniel Zellhuber,26,Esteban Ribovics,23,False,False,S-DEC
2024-09-14,UFC 306: Riyadh Season Noche UFC,Bantamweight,Sean O'Malley,4,Merab Dvalishvili,1,True,True,U-DEC
2024-09-14,UFC 306: Riyadh Season Noche UFC,Lightweight,Manuel Torres,14,Ignacio Bahamondes,25,False,False,KO/TKO
2024-09-14,UFC 306: Riyadh Season Noche UFC,Bantamweight,Raul Rosas Jr.,30,Aoriqileng,71,False,False,U-DEC
2024-09-14,UFC 306: Riyadh Season Noche UFC,Women's Flyweight,Alexa Grasso,8,Valentina Shevchenko,3,True,True,U-DEC
2024-09-14,UFC 306: Riyadh Season Noche UFC,Flyweight,Ronaldo Rodriguez,25,Ode Osbourne,35,False,False,U-DEC
2024-09-14,UFC 306: Riyadh Season Noche UFC,Women's Strawweight,Yazmin Jauregui,21,Ketlen Souza,30,False,False,SUB
2024-09-14,UFC 306: Riyadh Season Noche UFC,Flyweight,Edgar Chairez,32,Joshua Van,15,False,False,U-DEC
2024-09-28,UFC Fight Night: Moicano vs. Saint Denis,Featherweight,William Gomis,31,Joanderson Brito,6,False,False,S-DEC
2024-09-28,UFC Fight Night: Moicano vs. Saint Denis,Light Heavyweight,Oumar Sy,29,Da Woon Jung,17,False,False,U-DEC
2024-09-28,UFC Fight Night: Moicano vs. Saint Denis,Welterweight,Kevin Jousset,33,Bryan Battle,30,False,False,KO/TKO
2024-09-28,UFC Fight Night: Moicano vs. Saint Denis,Flyweight,Daniel Barez,37,Victor Altamirano,27,False,False,U-DEC
2024-09-28,UFC Fight Night: Moicano vs. Saint Denis,Middleweight,Nassourdine Imavov,8,Brendan Allen,9,True,True,U-DEC
2024-09-28,UFC Fight Night: Moicano vs. Saint Denis,Women's Bantamweight,Ailin Perez,4,Daria Zhelezniakova,15,False,True,SUB
2024-09-28,UFC Fight Night: Moicano vs. Saint Denis,Lightweight,Renato Moicano,13,Benoit Saint Denis,12,False,True,KO/TKO
2024-09-28,UFC Fight Night: Moicano vs. Saint Denis,Light Heavyweight,Ion Cutelaba,23,Ivan Erslan,999,False,False,S-DEC
2024-09-28,UFC Fight Night: Moicano vs. Saint Denis,Women's Bantamweight,Nora Cornolle,7,Jacqueline Cavalcanti,8,True,True,S-DEC
2024-09-28,UFC Fight Night: Moicano vs. Saint Denis,Bantamweight,Taylor Lapilus,37,Vince Morales,999,False,False,U-DEC
2024-09-28,UFC Fight Night: Moicano vs. Saint Denis,Lightweight,Fares Ziam,40,Matt Frevola,31,False,False,KO/TKO
2024-09-28,UFC Fight Night: Moicano vs. Saint Denis,Lightweight,Ludovit Klein,24,Roosevelt Roberts,74,False,False,U-DEC
2024-09-28,UFC Fight Night: Moicano vs. Saint Denis,Lightweight,Bolaji Oki,57,Chris Duncan,52,False,False,SUB
2024-09-28,UFC Fight Night: Moicano vs. Saint Denis,Featherweight,Morgan Charriere,52,Gabriel Miranda,64,False,False,KO/TKO
2024-10-05,UFC 307: Pereira vs. Rountree Jr.,Women's Bantamweight,Raquel Pennington,3,Julianna Pena,999,False,False,S-DEC
2024-10-05,UFC 307: Pereira vs. Rountree Jr.,Bantamweight,Jose Aldo,11,Mario Bautista,15,False,True,S-DEC
2024-10-05,UFC 307: Pereira vs. Rountree Jr.,Light Heavyweight,Ryan Spann,21,Ovince Saint Preux,33,False,False,SUB
2024-10-05,UFC 307: Pereira vs. Rountree Jr.,Women's Strawweight,Carla Esparza,999,Tecia Pennington,14,False,False,U-DEC
2024-10-05,UFC 307: Pereira vs. Rountree Jr.,Middleweight,Roman Dolidze,999,Kevin Holland,15,False,False,KO/TKO
2024-10-05,UFC 307: Pereira vs. Rountree Jr.,Welterweight,Stephen Thompson,10,Joaquin Buckley,15,False,True,KO/TKO
2024-10-05,UFC 307: Pereira vs. Rountree Jr.,Welterweight,Court McGee,51,Tim Means,36,False,False,SUB
2024-10-05,UFC 307: Pereira vs. Rountree Jr.,Light Heavyweight,Alex Pereira,1,Khalil Rountree Jr.,14,False,True,KO/TKO
2024-10-05,UFC 307: Pereira vs. Rountree Jr.,Women's Bantamweight,Ketlen Vieira,12,Kayla Harrison,6,False,True,U-DEC
2024-10-05,UFC 307: Pereira vs. Rountree Jr.,Lightweight,Austin Hubbard,71,Alexander Hernandez,999,False,False,S-DEC
2024-10-05,UFC 307: Pereira vs. Rountree Jr.,Women's Strawweight,Marina Rodriguez,5,Iasmin Lucindo,8,True,True,S-DEC
2024-10-05,UFC 307: Pereira vs. Rountree Jr.,Middleweight,Cesar Almeida,44,Ihor Potieria,50,False,False,U-DEC
2024-10-12,UFC Fight Night: Royval vs. Taira,Women's Strawweight,Julia Polastri,41,Cory McKenna,32,False,False,S-DEC
2024-10-12,UFC Fight Night: Royval vs. Taira,Welterweight,Themba Gorimbo,27,Niko Price,50,False,False,U-DEC
2024-10-12,UFC Fight Night: Royval vs. Taira,Featherweight,Jonathan Pearce,20,Pat Sabatini,57,False,False,SUB
2024-10-12,UFC Fight Night: Royval vs. Taira,Middleweight,Brad Tavares,41,JunYong Park,31,False,False,S-DEC
2024-10-12,UFC Fight Night: Royval vs. Taira,Heavyweight,Junior Tafa,35,Sean Sharaf,999,False,False,KO/TKO
2024-10-12,UFC Fight Night: Royval vs. Taira,Lightweight,Grant Dawson,12,Rafa Garcia,999,False,False,KO/TKO
2024-10-12,UFC Fight Night: Royval vs. Taira,Flyweight,Brandon Royval,10,Tatsuro Taira,2,True,True,S-DEC
2024-10-12,UFC Fight Night: Royval vs. Taira,Bantamweight,Dan Argueta,62,Cody Haddon,999,False,False,U-DEC
2024-10-12,UFC Fight Night: Royval vs. Taira,Flyweight,Clayton Carpenter,999,Lucas Rocha,999,False,False,SUB
2024-10-12,UFC Fight Night: Royval vs. Taira,Welterweight,Chidi Njokuani,65,Jared Gooden,62,False,False,U-DEC
2024-10-12,UFC Fight Night: Royval vs. Taira,Flyweight,CJ Vergara,27,Ramazan Temirov,999,False,False,KO/TKO
2024-10-12,UFC Fight Night: Royval vs. Taira,Welterweight,Daniel Rodriguez,999,Alex Morono,45,False,False,S-DEC
2024-10-19,UFC Fight Night: Hernandez vs. Pereira,Featherweight,Darren Elkins,37,Daniel Pineda,60,False,False,U-DEC
2024-10-19,UFC Fight Night: Hernandez vs. Pereira,Bantamweight,Brad Katona,53,Jean Matsumoto,43,False,False,U-DEC
2024-10-19,UFC Fight Night: Hernandez vs. Pereira,Heavyweight,Austen Lane,39,Robelis Despaigne,26,False,False,U-DEC
2024-10-19,UFC Fight Night: Hernandez vs. Pereira,Women's Strawweight,Melissa Martinez,999,Alice Ardelean,41,False,False,U-DEC
2024-10-19,UFC Fight Night: Hernandez vs. Pereira,Flyweight,Charles Johnson,16,Sumudaerji,999,False,False,U-DEC
2024-10-19,UFC Fight Night: Hernandez vs. Pereira,Women's Strawweight,Jessica Penne,999,Elise Reed,46,False,False,U-DEC
2024-10-19,UFC Fight Night: Hernandez vs. Pereira,Middleweight,Anthony Hernandez,20,Michel Pereira,8,False,False,KO/TKO
2024-10-19,UFC Fight Night: Hernandez vs. Pereira,Bantamweight,Jake Hadley,58,Cameron Smotherman,999,False,False,U-DEC
2024-10-19,UFC Fight Night: Hernandez vs. Pereira,Flyweight,Matheus Nicolau,21,Asu Almabayev,6,False,False,U-DEC
2024-10-19,UFC Fight Night: Hernandez vs. Pereira,Bantamweight,Rob Font,7,Kyler Phillips,15,False,True,U-DEC
2024-10-19,UFC Fight Night: Hernandez vs. Pereira,Women's Bantamweight,Joselyne Edwards,20,Tamires Vidal,32,False,False,SUB
2024-10-26,UFC 308: Topuria vs. Holloway,Middleweight,Shara Magomedov,22,Armen Petrosyan,40,False,False,KO/TKO
2024-10-26,UFC 308: Topuria vs. Holloway,Welterweight,Geoff Neal,11,Rafael Dos Anjos,999,False,False,KO/TKO
2024-10-26,UFC 308: Topuria vs. Holloway,Featherweight,Farid Basharat,999,Victor Hugo,999,False,False,U-DEC
2024-10-26,UFC 308: Topuria vs. Holloway,Welterweight,Rinat Fakhretdinov,7,Carlos Leal,999,False,False,U-DEC
2024-10-26,UFC 308: Topuria vs. Holloway,Light Heavyweight,Ibo Aslan,31,Rafael Cerquiera,999,False,False,KO/TKO
2024-10-26,UFC 308: Topuria vs. Holloway,Middleweight,Abus Magomedov,39,Brunno Ferreira,33,False,False,SUB
2024-10-26,UFC 308: Topuria vs. Holloway,Light Heavyweight,Magomed Ankalaev,2,Aleksandar Rakic,10,True,True,U-DEC
2024-10-26,UFC 308: Topuria vs. Holloway,Middleweight,Robert Whittaker,4,Khamzat Chimaev,2,True,True,SUB
2024-10-26,UFC 308: Topuria vs. Holloway,Middleweight,Ismail Naurdiev,999,Bruno Silva,999,False,False,U-DEC
2024-10-26,UFC 308: Topuria vs. Holloway,Featherweight,Lerone Murphy,9,Dan Ige,999,False,False,U-DEC
2024-10-26,UFC 308: Topuria vs. Holloway,Heavyweight,Kennedy Nzechukwu,999,Chris Barnett,999,False,False,KO/TKO
2024-10-26,UFC 308: Topuria vs. Holloway,Featherweight,Ilia Topuria,3,Max Holloway,999,False,False,KO/TKO
2024-11-02,UFC Fight Night: Moreno vs. Albazi,Women's Flyweight,Erin Blanchfield,3,Rose Namajunas,4,True,True,U-DEC
2024-11-02,UFC Fight Night: Moreno vs. Albazi,Bantamweight,Charles Jourdain,999,Victor Henry,13,False,False,SUB
2024-11-02,UFC Fight Night: Moreno vs. Albazi,Featherweight,Jack Shore,22,Youssef Zalal,40,False,False,SUB
2024-11-02,UFC Fight Night: Moreno vs. Albazi,Middleweight,Marc-Andre Barriault,51,Dustin Stoltzfus,58,False,False,KO/TKO
2024-11-02,UFC Fight Night: Moreno vs. Albazi,Flyweight,Brandon Moreno,3,Amir Albazi,9,True,True,U-DEC
2024-11-02,UFC Fight Night: Moreno vs. Albazi,Light Heavyweight,Caio Machado,999,Brendson Ribeiro,41,False,False,S-DEC
2024-11-02,UFC Fight Night: Moreno vs. Albazi,Bantamweight,Aiemann Zahabi,25,Pedro Munhoz,29,False,False,U-DEC
2024-11-02,UFC Fight Night: Moreno vs. Albazi,Bantamweight,Chad Anheliger,53,Cody Gibson,55,False,False,U-DEC
2024-11-02,UFC Fight Night: Moreno vs. Albazi,Welterweight,Mike Malott,30,Trevin Giles,67,False,False,U-DEC
2024-11-02,UFC Fight Night: Moreno vs. Albazi,Heavyweight,Alexandr Romanov,9,Rodrigo Nascimento,22,False,False,U-DEC
2024-11-02,UFC Fight Night: Moreno vs. Albazi,Women's Flyweight,Ariane da Silva,21,Jasmine Jasudavicius,17,False,False,SUB
2024-11-02,UFC Fight Night: Moreno vs. Albazi,Women's Flyweight,Jamey-Lyn Horth,28,Ivana Petrovic,35,False,False,S-DEC
2024-11-02,UFC Fight Night: Moreno vs. Albazi,Bantamweight,Serhiy Sidey,58,Garrett Armfield,51,False,False,S-DEC
2024-11-09,UFC Fight Night: Magny vs. Prates,Middleweight,Gerald Meerschaert,31,Reinier de Ridder,999,False,False,SUB
2024-11-09,UFC Fight Night: Magny vs. Prates,Women's Bantamweight,Melissa Mullins,27,Klaudia Sygula,999,False,False,KO/TKO
2024-11-09,UFC Fight Night: Magny vs. Prates,Middleweight,Tresean Gore,999,Antonio Trocoli,60,False,False,SUB
2024-11-09,UFC Fight Night: Magny vs. Prates,Welterweight,Matthew Semelsberger,48,Charles Radtke,54,False,False,KO/TKO
2024-11-09,UFC Fight Night: Magny vs. Prates,Bantamweight,Cody Stamann,41,Da'Mon Blackshear,42,False,False,SUB
2024-11-09,UFC Fight Night: Magny vs. Prates,Welterweight,Neil Magny,23,Carlos Prates,18,False,False,KO/TKO
2024-11-09,UFC Fight Night: Magny vs. Prates,Women's Strawweight,Luana Pinheiro,30,Gillian Robertson,11,False,False,U-DEC
2024-11-09,UFC Fight Night: Magny vs. Prates,Welterweight,Elizeu Zaleski dos Santos,32,Zachary Scroggin,999,False,False,KO/TKO
2024-11-09,UFC Fight Night: Magny vs. Prates,Women's Strawweight,Karolina Kowalkiewicz,21,Denise Gomes,16,False,False,U-DEC
2024-11-09,UFC Fight Night: Magny vs. Prates,Bantamweight,Gaston Bolanos,67,Cortavious Romious,999,False,False,U-DEC
2024-11-09,UFC Fight Night: Magny vs. Prates,Middleweight,Mansur Abdul-Malik,999,Dusko Todorovic,999,False,False,KO/TKO
2024-11-16,UFC 309: Jones vs. Miocic,Welterweight,Mickey Gall,69,Ramiz Brahimaj,68,False,False,KO/TKO
2024-11-16,UFC 309: Jones vs. Miocic,Bantamweight,Jonathan Martinez,16,Marcus McGhee,22,False,False,U-DEC
2024-11-16,UFC 309: Jones vs. Miocic,Lightweight,Jim Miller,29,Damon Jackson,999,False,False,SUB
2024-11-16,UFC 309: Jones vs. Miocic,Women's Flyweight,Veronica Hardy,26,Eduarda Moura,999,False,False,U-DEC
2024-11-16,UFC 309: Jones vs. Miocic,Lightweight,Charles Oliveira,3,Michael Chandler,999,False,False,U-DEC
2024-11-16,UFC 309: Jones vs. Miocic,Heavyweight,Marcin Tybura,12,Jhonata Diniz,15,False,True,KO/TKO
2024-11-16,UFC 309: Jones vs. Miocic,Women's Flyweight,Viviane Araujo,19,Karine Silva,9,False,False,U-DEC
2024-11-16,UFC 309: Jones vs. Miocic,Welterweight,Bassil Hafez,53,Oban Elliott,36,False,False,KO/TKO
2024-11-16,UFC 309: Jones vs. Miocic,Heavyweight,Jon Jones,999,Stipe Miocic,999,False,False,KO/TKO
2024-11-16,UFC 309: Jones vs. Miocic,Lightweight,David Onama,999,Roberto Romero,999,False,False,U-DEC
2024-11-16,UFC 309: Jones vs. Miocic,Middleweight,Bo Nickal,23,Paul Craig,34,False,False,U-DEC
2024-11-23,UFC Fight Night: Yan vs. Figueiredo,Light Heavyweight,Volkan Oezdemir,6,Carlos Ulberg,4,True,True,U-DEC
2024-11-23,UFC Fight Night: Yan vs. Figueiredo,Flyweight,Lone'er Kavanagh,999,Jose Ochoa,999,False,False,U-DEC
2024-11-23,UFC Fight Night: Yan vs. Figueiredo,Light Heavyweight,Zhang Mingyang,25,Ozzy Diaz,999,False,False,KO/TKO
2024-11-23,UFC Fight Night: Yan vs. Figueiredo,Flyweight,Nyamjargal Tumendemberel,999,Carlos Hernandez,41,False,False,S-DEC
2024-11-23,UFC Fight Night: Yan vs. Figueiredo,Women's Flyweight,Wang Cong,20,Gabriella Fernandes,40,False,False,SUB
2024-11-23,UFC Fight Night: Yan vs. Figueiredo,Flyweight,Kiru Sahota,999,DongHun Choi,999,False,False,KO/TKO
2024-11-23,UFC Fight Night: Yan vs. Figueiredo,Lightweight,Maheshate,94,Nikolas Motta,50,False,False,U-DEC
2024-11-23,UFC Fight Night: Yan vs. Figueiredo,Bantamweight,Baergeng Jieleyisi,999,SuYoung You,999,False,False,U-DEC
2024-11-23,UFC Fight Night: Yan vs. Figueiredo,Women's Strawweight,Shi Ming,999,Feng Xiaocan,999,False,False,KO/TKO
2024-11-23,UFC Fight Night: Yan vs. Figueiredo,Welterweight,Song Kenan,57,Muslim Salikhov,35,False,False,KO/TKO
2024-11-23,UFC Fight Night: Yan vs. Figueiredo,Women's Strawweight,Yan Xiaonan,2,Tabatha Ricci,7,True,True,U-DEC
2024-11-23,UFC Fight Night: Yan vs. Figueiredo,Bantamweight,Petr Yan,5,Deiveson Figueiredo,10,True,True,U-DEC
2024-11-23,UFC Fight Night: Yan vs. Figueiredo,Bantamweight,Xiao Long,67,Quang Le,59,False,False,KO/TKO
2024-12-07,UFC 310: Pantoja vs. Asakura,Featherweight,Bryce Mitchell,16,Kron Gracie,999,False,False,KO/TKO
2024-12-07,UFC 310: Pantoja vs. Asakura,Featherweight,Nate Landwehr,38,Dooho Choi,54,False,False,KO/TKO
2024-12-07,UFC 310: Pantoja vs. Asakura,Welterweight,Shavkat Rakhmonov,1,Ian Machado Garry,4,True,True,U-DEC
2024-12-07,UFC 310: Pantoja vs. Asakura,Welterweight,Vicente Luque,18,Themba Gorimbo,17,False,False,SUB
2024-12-07,UFC 310: Pantoja vs. Asakura,Lightweight,Clay Guida,66,Chase Hooper,36,False,False,SUB
2024-12-07,UFC 310: Pantoja vs. Asakura,Welterweight,Randy Brown,14,Bryan Battle,21,False,False,S-DEC
2024-12-07,UFC 310: Pantoja vs. Asakura,Light Heavyweight,Dominick Reyes,9,Anthony Smith,15,False,True,KO/TKO
2024-12-07,UFC 310: Pantoja vs. Asakura,Welterweight,Michael Chiesa,26,Max Griffin,29,False,False,SUB
2024-12-07,UFC 310: Pantoja vs. Asakura,Flyweight,Cody Durden,999,Joshua Van,12,False,False,U-DEC
2024-12-07,UFC 310: Pantoja vs. Asakura,Featherweight,Movsar Evloev,6,Aljamain Sterling,4,True,True,U-DEC
2024-12-07,UFC 310: Pantoja vs. Asakura,Flyweight,Alexandre Pantoja,1,Kai Asakura,999,False,False,SUB
2024-12-07,UFC 310: Pantoja vs. Asakura,Heavyweight,Kennedy Nzechukwu,18,Lukasz Brzeski,36,False,False,KO/TKO
2024-12-07,UFC 310: Pantoja vs. Asakura,Heavyweight,Ciryl Gane,3,Alexander Volkov,2,True,True,S-DEC
2024-12-14,UFC Fight Night: Covington vs. Buckley,Welterweight,Colby Covington,8,Joaquin Buckley,12,False,True,KO/TKO
2024-12-14,UFC Fight Night: Covington vs. Buckley,Flyweight,Manel Kape,8,Bruno Silva,999,False,False,KO/TKO
2024-12-14,UFC Fight Night: Covington vs. Buckley,Light Heavyweight,Navajo Stirling,999,Tuco Tokkos,37,False,False,U-DEC
2024-12-14,UFC Fight Night: Covington vs. Buckley,Bantamweight,Adrian Yanez,18,Daniel Marcos,24,False,False,S-DEC
2024-12-14,UFC Fight Night: Covington vs. Buckley,Featherweight,Cub Swanson,29,Billy Quarantillo,39,False,False,KO/TKO
2024-12-14,UFC Fight Night: Covington vs. Buckley,Light Heavyweight,Vitor Petrino,25,Dustin Jacoby,16,False,False,KO/TKO
2024-12-14,UFC Fight Night: Covington vs. Buckley,Lightweight,Michael Johnson,39,Ottman Azaitar,92,False,False,KO/TKO
2024-12-14,UFC Fight Night: Covington vs. Buckley,Lightweight,Joel Alvarez,18,Drakkar Klose,24,False,False,KO/TKO
2024-12-14,UFC Fight Night: Covington vs. Buckley,Bantamweight,Davey Grant,37,Ramon Taveras,58,False,False,U-DEC
2024-12-14,UFC Fight Night: Covington vs. Buckley,Featherweight,Miles Johns,999,Felipe Lima,40,False,False,U-DEC
2024-12-14,UFC Fight Night: Covington vs. Buckley,Women's Flyweight,Miranda Maverick,12,Jamey-Lyn Horth,27,False,False,U-DEC
2024-12-14,UFC Fight Night: Covington vs. Buckley,Featherweight,Sean Woodson,34,Fernando Padilla,33,False,False,KO/TKO
2024-12-14,UFC Fight Night: Covington vs. Buckley,Women's Strawweight,Josefine Knutsson,10,Piera Rodriguez,26,False,False,U-DEC
2025-01-11,UFC Fight Night: Dern vs. Ribas 2,Featherweight,Christian Rodriguez,31,Austin Bashi,999,False,False,U-DEC
2025-01-11,UFC Fight Night: Dern vs. Ribas 2,Lightweight,Nurullo Aliev,999,Joe Solecki,41,False,False,U-DEC
2025-01-11,UFC Fight Night: Dern vs. Ribas 2,Welterweight,Punahele Soriano,60,Uros Medic,42,False,False,KO/TKO
2025-01-11,UFC Fight Night: Dern vs. Ribas 2,Lightweight,Thiago Moises,51,Trey Ogden,44,False,False,U-DEC
2025-01-11,UFC Fight Night: Dern vs. Ribas 2,Welterweight,Preston Parsons,47,Jacobe Smith,999,False,False,KO/TKO
2025-01-11,UFC Fight Night: Dern vs. Ribas 2,Light Heavyweight,Magomed Gadzhiyasulov,31,Bruno Lopes,999,False,False,U-DEC
2025-01-11,UFC Fight Night: Dern vs. Ribas 2,Flyweight,Jose Johnson,38,Felipe Bunes,44,False,False,SUB
2025-01-11,UFC Fight Night: Dern vs. Ribas 2,Middleweight,Marco Tulio,999,Ihor Potieria,50,False,False,KO/TKO
2025-01-11,UFC Fight Night: Dern vs. Ribas 2,Middleweight,Cesar Almeida,41,Abdul Razak Alhassan,47,False,False,KO/TKO
2025-01-11,UFC Fight Night: Dern vs. Ribas 2,Middleweight,Chris Curtis,23,Roman Kopylov,28,False,False,KO/TKO
2025-01-11,UFC Fight Night: Dern vs. Ribas 2,Women's Flyweight,Ernesta Kareckaite,31,Nicolle Caliari,999,False,False,S-DEC
2025-01-11,UFC Fight Night: Dern vs. Ribas 2,Welterweight,Santiago Ponzinibbio,33,Carlston Harris,23,False,False,KO/TKO
2025-01-11,UFC Fight Night: Dern vs. Ribas 2,Women's Strawweight,Fatima Kline,999,Viktoriia Dudakova,27,False,False,KO/TKO
2025-01-11,UFC Fight Night: Dern vs. Ribas 2,Women's Strawweight,Mackenzie Dern,15,Amanda Ribas,999,False,False,SUB
2025-01-18,UFC 311: Makhachev vs. Moicano,Women's Bantamweight,Karol Rosa,8,Ailin Perez,4,True,True,U-DEC
2025-01-18,UFC 311: Makhachev vs. Moicano,Heavyweight,Jailton Almeida,4,Serghei Spivac,8,True,True,KO/TKO
2025-01-18,UFC 311: Makhachev vs. Moicano,Middleweight,Kevin Holland,19,Reinier de Ridder,33,False,False,SUB
2025-01-18,UFC 311: Makhachev vs. Moicano,Middleweight,Zach Reese,31,Azamat Bekoev,999,False,False,KO/TKO
2025-01-18,UFC 311: Makhachev vs. Moicano,Light Heavyweight,Jiri Prochazka,8,Jamahal Hill,6,True,True,KO/TKO
2025-01-18,UFC 311: Makhachev vs. Moicano,Bantamweight,Ricky Turcios,63,Benardo Sopaj,67,False,False,U-DEC
2025-01-18,UFC 311: Makhachev vs. Moicano,Light Heavyweight,Bogdan Guskov,21,Billy Elekana,999,False,False,SUB
2025-01-18,UFC 311: Makhachev vs. Moicano,Lightweight,Grant Dawson,9,Diego Ferreira,13,False,True,U-DEC
2025-01-18,UFC 311: Makhachev vs. Moicano,Bantamweight,Payton Talbott,15,Raoni Barcelos,34,False,False,U-DEC
2025-01-18,UFC 311: Makhachev vs. Moicano,Lightweight,Islam Makhachev,1,Renato Moicano,8,True,True,SUB
2025-01-18,UFC 311: Makhachev vs. Moicano,Flyweight,Tagir Ulanbekov,10,Clayton Carpenter,12,False,True,U-DEC
2025-01-18,UFC 311: Makhachev vs. Moicano,Bantamweight,Rinya Nakamura,21,Muin Gafurov,42,False,False,U-DEC
2025-01-18,UFC 311: Makhachev vs. Moicano,Bantamweight,Merab Dvalishvili,1,Umar Nurmagomedov,2,True,True,U-DEC
2025-02-01,UFC Fight Night: Adesanya vs. Imavov,Heavyweight,Sergei Pavlovich,6,Jairzinho Rozenstruik,7,True,True,U-DEC
2025-02-01,UFC Fight Night: Adesanya vs. Imavov,Middleweight,Shara Magomedov,17,Michael Page,999,False,False,U-DEC
2025-02-01,UFC Fight Night: Adesanya vs. Imavov,Heavyweight,Shamil Gaziev,17,Thomas Petersen,24,False,False,KO/TKO
2025-02-01,UFC Fight Night: Adesanya vs. Imavov,Bantamweight,Said Nurmagomedov,6,Vinicius Oliveira,21,False,False,U-DEC
2025-02-01,UFC Fight Night: Adesanya vs. Imavov,Featherweight,Bogdan Grad,999,Lucas Alexander,69,False,False,KO/TKO
2025-02-01,UFC Fight Night: Adesanya vs. Imavov,Lightweight,Fares Ziam,26,Mike Davis,36,False,False,U-DEC
2025-02-01,UFC Fight Night: Adesanya vs. Imavov,Middleweight,Israel Adesanya,6,Nassourdine Imavov,7,True,True,KO/TKO
2025-02-01,UFC Fight Night: Adesanya vs. Imavov,Women's Flyweight,Jasmine Jasudavicius,13,Mayra Bueno Silva,999,False,False,U-DEC
2025-02-01,UFC Fight Night: Adesanya vs. Imavov,Featherweight,Muhammad Naimov,45,Kaan Ofli,74,False,False,U-DEC
2025-02-01,UFC Fight Night: Adesanya vs. Imavov,Heavyweight,Hamdy Abdelwahab,999,Jamal Pogues,31,False,False,S-DEC
2025-02-01,UFC Fight Night: Adesanya vs. Imavov,Lightweight,Terrance McKinney,58,Damir Hadzovic,999,False,False,KO/TKO
2025-02-08,UFC 312: Du Plessis vs. Strickland 2,Women's Strawweight,Zhang Weili,1,Tatiana Suarez,999,False,False,U-DEC
2025-02-08,UFC 312: Du Plessis vs. Strickland 2,Lightweight,Rongzhu,89,Kody Steele,999,False,False,U-DEC
2025-02-08,UFC 312: Du Plessis vs. Strickland 2,Lightweight,Quillan Salkilld,999,Anshul Jubli,79,False,False,KO/TKO
2025-02-08,UFC 312: Du Plessis vs. Strickland 2,Welterweight,Jake Matthews,27,Francisco Prado,999,False,False,U-DEC
2025-02-08,UFC 312: Du Plessis vs. Strickland 2,Lightweight,Tom Nolan,74,Viacheslav Borshchev,59,False,False,U-DEC
2025-02-08,UFC 312: Du Plessis vs. Strickland 2,Heavyweight,Justin Tafa,23,Tallison Teixeira,999,False,False,KO/TKO
2025-02-08,UFC 312: Du Plessis vs. Strickland 2,Welterweight,Jonathan Micallef,999,Kevin Jousset,48,False,False,U-DEC
2025-02-08,UFC 312: Du Plessis vs. Strickland 2,Women's Flyweight,Wang Cong,34,Bruna Brasil,999,False,False,U-DEC
2025-02-08,UFC 312: Du Plessis vs. Strickland 2,Featherweight,Jack Jenkins,39,Gabriel Santos,55,False,False,SUB
2025-02-08,UFC 312: Du Plessis vs. Strickland 2,Bantamweight,Colby Thicknesse,999,Aleksandre Topuria,999,False,False,U-DEC
2025-02-08,UFC 312: Du Plessis vs. Strickland 2,Middleweight,Dricus Du Plessis,1,Sean Strickland,5,True,True,U-DEC
2025-02-08,UFC 312: Du Plessis vs. Strickland 2,Light Heavyweight,Jimmy Crute,999,Rodolfo Bellato,27,False,False,M-DEC
2025-02-15,UFC Fight Night: Cannonier vs. Rodrigues,Bantamweight,Vince Morales,64,Elijah Smith,999,False,False,U-DEC
2025-02-15,UFC Fight Night: Cannonier vs. Rodrigues,Featherweight,Connor Matthews,82,Jose Delgado,999,False,False,KO/TKO
2025-02-15,UFC Fight Night: Cannonier vs. Rodrigues,Flyweight,Rafael Estevam,32,Jesus Aguilar,18,False,False,U-DEC
2025-02-15,UFC Fight Night: Cannonier vs. Rodrigues,Middleweight,Jared Cannonier,15,Gregory Rodrigues,13,False,True,KO/TKO
2025-02-15,UFC Fight Night: Cannonier vs. Rodrigues,Heavyweight,Don'Tale Mayes,28,Valter Walker,24,False,False,SUB
2025-02-15,UFC Fight Night: Cannonier vs. Rodrigues,Women's Bantamweight,Julia Avila,29,Jacqueline Cavalcanti,5,False,False,U-DEC
2025-02-15,UFC Fight Night: Cannonier vs. Rodrigues,Featherweight,Calvin Kattar,25,Youssef Zalal,31,False,False,U-DEC
2025-02-15,UFC Fight Night: Cannonier vs. Rodrigues,Welterweight,Gabriel Bonfim,25,Khaos Williams,12,False,False,SUB
2025-02-15,UFC Fight Night: Cannonier vs. Rodrigues,Middleweight,Rodolfo Vieira,39,Andre Petroski,35,False,False,U-DEC
2025-02-15,UFC Fight Night: Cannonier vs. Rodrigues,Lightweight,Ismael Bonfim,25,Nazim Sadykhov,60,False,False,KO/TKO
2025-02-15,UFC Fight Night: Cannonier vs. Rodrigues,Women's Strawweight,Angela Hill,15,Ketlen Souza,21,False,False,S-DEC
2025-02-15,UFC Fight Night: Cannonier vs. Rodrigues,Middleweight,Edmen Shahbazyan,41,Dylan Budka,62,False,False,KO/TKO
2025-02-22,UFC Fight Night: Cejudo vs. Song,Light Heavyweight,Ion Cutelaba,22,Ibo Aslan,18,False,False,SUB
2025-02-22,UFC Fight Night: Cejudo vs. Song,Middleweight,Brendan Allen,13,Anthony Hernandez,10,False,True,U-DEC
2025-02-22,UFC Fight Night: Cejudo vs. Song,Featherweight,Andre Fili,46,Melquizael Costa,47,False,False,SUB
2025-02-22,UFC Fight Night: Cejudo vs. Song,Featherweight,Jean Silva,999,Melsik Baghdasaryan,999,False,False,KO/TKO
2025-02-22,UFC Fight Night: Cejudo vs. Song,Light Heavyweight,Modestas Bukauskas,31,Rafael Cerquiera,40,False,False,KO/TKO
2025-02-22,UFC Fight Night: Cejudo vs. Song,Bantamweight,Henry Cejudo,20,Song Yadong,7,False,False,U-DEC
2025-02-22,UFC Fight Night: Cejudo vs. Song,Bantamweight,Ricky Simon,37,Javid Basharat,25,False,False,KO/TKO
2025-02-22,UFC Fight Night: Cejudo vs. Song,Light Heavyweight,Alonzo Menifield,19,Julius Walker,999,False,False,S-DEC
2025-02-22,UFC Fight Night: Cejudo vs. Song,Middleweight,Mansur Abdul-Malik,39,Nick Klein,999,False,False,KO/TKO
2025-02-22,UFC Fight Night: Cejudo vs. Song,Middleweight,Nursulton Ruziboev,999,Eric McConico,999,False,False,KO/TKO
2025-03-01,UFC Fight Night: Kape vs. Almabayev,Lightweight,Nasrat Haqparast,23,Esteban Ribovics,16,False,False,S-DEC
2025-03-01,UFC Fight Night: Kape vs. Almabayev,Featherweight,Hyder Amil,22,William Gomis,24,False,False,S-DEC
2025-03-01,UFC Fight Night: Kape vs. Almabayev,Women's Flyweight,Andrea Lee,19,JJ Aldrich,30,False,False,U-DEC
2025-03-01,UFC Fight Night: Kape vs. Almabayev,Featherweight,Danny Silva,59,Lucas Almeida,70,False,False,S-DEC
2025-03-01,UFC Fight Night: Kape vs. Almabayev,Flyweight,Charles Johnson,15,Ramazan Temirov,14,False,True,U-DEC
2025-03-01,UFC Fight Night: Kape vs. Almabayev,Middleweight,Cody Brundage,54,Julian Marquez,68,False,False,KO/TKO
2025-03-01,UFC Fight Night: Kape vs. Almabayev,Flyweight,Manel Kape,7,Asu Almabayev,5,True,True,KO/TKO
2025-03-01,UFC Fight Night: Kape vs. Almabayev,Heavyweight,Austen Lane,34,Mario Pinto,999,False,False,KO/TKO
2025-03-01,UFC Fight Night: Kape vs. Almabayev,Welterweight,Danny Barlow,42,Sam Patterson,49,False,False,KO/TKO
2025-03-01,UFC Fight Night: Kape vs. Almabayev,Featherweight,Ricardo Ramos,62,Chepe Mariscal,11,False,False,U-DEC
2025-03-08,UFC 313: Pereira vs. Ankalaev,Featherweight,Mairon Santos,43,Francis Marshall,999,False,False,S-DEC
2025-03-08,UFC 313: Pereira vs. Ankalaev,Lightweight,King Green,10,Mauricio Ruffy,999,False,False,KO/TKO
2025-03-08,UFC 313: Pereira vs. Ankalaev,Women's Strawweight,Amanda Lemos,5,Iasmin Lucindo,4,True,True,U-DEC
2025-03-08,UFC 313: Pereira vs. Ankalaev,Middleweight,Djorden Santos,999,Ozzy Diaz,999,False,False,U-DEC
2025-03-08,UFC 313: Pereira vs. Ankalaev,Light Heavyweight,Alex Pereira,1,Magomed Ankalaev,2,True,True,U-DEC
2025-03-08,UFC 313: Pereira vs. Ankalaev,Lightweight,Justin Gaethje,5,Rafael Fiziev,16,False,True,U-DEC
2025-03-08,UFC 313: Pereira vs. Ankalaev,Lightweight,Jalin Turner,14,Ignacio Bahamondes,15,False,True,SUB
2025-03-08,UFC 313: Pereira vs. Ankalaev,Flyweight,Joshua Van,9,Rei Tsuruya,28,False,False,U-DEC
2025-03-08,UFC 313: Pereira vs. Ankalaev,Welterweight,Alex Morono,46,Carlos Leal,48,False,False,KO/TKO
2025-03-08,UFC 313: Pereira vs. Ankalaev,Middleweight,Brunno Ferreira,47,Armen Petrosyan,45,False,False,SUB
2025-03-15,UFC Fight Night: Vettori vs. Dolidze 2,Women's Bantamweight,Josiane Nunes,25,Priscila Cachoeira,29,False,False,KO/TKO
2025-03-15,UFC Fight Night: Vettori vs. Dolidze 2,Bantamweight,SuYoung You,39,AJ Cunningham,999,False,False,U-DEC
2025-03-15,UFC Fight Night: Vettori vs. Dolidze 2,Featherweight,SeungWoo Choi,63,Kevin Vallejos,999,False,False,KO/TKO
2025-03-15,UFC Fight Night: Vettori vs. Dolidze 2,Flyweight,Daniel Barez,33,Andre Lima,20,False,False,SUB
2025-03-15,UFC Fight Night: Vettori vs. Dolidze 2,Women's Strawweight,Stephanie Luciano,20,Sam Hughes,25,False,False,S-DEC
2025-03-15,UFC Fight Night: Vettori vs. Dolidze 2,Middleweight,Marvin Vettori,999,Roman Dolidze,10,False,False,U-DEC
2025-03-15,UFC Fight Night: Vettori vs. Dolidze 2,Heavyweight,Waldo Cortes Acosta,15,Ryan Spann,999,False,False,KO/TKO
2025-03-15,UFC Fight Night: Vettori vs. Dolidze 2,Women's Flyweight,Yuneisy Duben,999,Carli Judice,33,False,False,KO/TKO
2025-03-15,UFC Fight Night: Vettori vs. Dolidze 2,Bantamweight,Da'Mon Blackshear,29,Cody Gibson,45,False,False,SUB
2025-03-15,UFC Fight Night: Vettori vs. Dolidze 2,Welterweight,Chidi Njokuani,48,Elizeu Zaleski dos Santos,26,False,False,KO/TKO
2025-03-15,UFC Fight Night: Vettori vs. Dolidze 2,Bantamweight,Carlos Vera,65,Josias Musasa,999,False,False,SUB
2025-03-15,UFC Fight Night: Vettori vs. Dolidze 2,Lightweight,Alexander Hernandez,36,Kurt Holobaugh,63,False,False,U-DEC
2025-03-15,UFC Fight Night: Vettori vs. Dolidze 2,Light Heavyweight,Diyar Nurgozhay,999,Brendson Ribeiro,39,False,False,SUB
2025-03-22,UFC Fight Night: Edwards vs. Brady,Bantamweight,Nathan Fletcher,999,Caolan Loughran,61,False,False,S-DEC
2025-03-22,UFC Fight Night: Edwards vs. Brady,Lightweight,Guram Kutateladze,72,Kaue Fernandes,46,False,False,U-DEC
2025-03-22,UFC Fight Night: Edwards vs. Brady,Lightweight,Jai Herbert,56,Chris Padilla,41,False,False,S-DEC
2025-03-22,UFC Fight Night: Edwards vs. Brady,Welterweight,Leon Edwards,10,Sean Brady,6,True,True,SUB
2025-03-22,UFC Fight Night: Edwards vs. Brady,Light Heavyweight,Jan Blachowicz,999,Carlos Ulberg,3,False,False,U-DEC
2025-03-22,UFC Fight Night: Edwards vs. Brady,Middleweight,Christian Leroy Duncan,36,Andrey Pulyaev,999,False,False,U-DEC
2025-03-22,UFC Fight Night: Edwards vs. Brady,Lightweight,Jordan Vucenic,78,Chris Duncan,35,False,False,SUB
2025-03-22,UFC Fight Night: Edwards vs. Brady,Welterweight,Gunnar Nelson,999,Kevin Holland,999,False,False,U-DEC
2025-03-22,UFC Fight Night: Edwards vs. Brady,Featherweight,Nathaniel Wood,22,Morgan Charriere,35,False,False,U-DEC
2025-03-22,UFC Fight Night: Edwards vs. Brady,Women's Strawweight,Shauna Bannon,35,Puja Tomar,25,False,False,SUB
2025-03-22,UFC Fight Night: Edwards vs. Brady,Women's Strawweight,Molly McCann,32,Alexia Thainara,999,False,False,SUB
2025-03-22,UFC Fight Night: Edwards vs. Brady,Heavyweight,Marcin Tybura,12,Mick Parkin,14,False,True,U-DEC
2025-03-22,UFC Fight Night: Edwards vs. Brady,Flyweight,Lone'er Kavanagh,27,Felipe dos Santos,34,False,False,U-DEC
2025-03-29,UFC Fight Night: Moreno vs. Erceg,Bantamweight,Raul Rosas Jr.,23,Vince Morales,65,False,False,U-DEC
2025-03-29,UFC Fight Night: Moreno vs. Erceg,Flyweight,Brandon Moreno,2,Steve Erceg,24,False,False,U-DEC
2025-03-29,UFC Fight Night: Moreno vs. Erceg,Featherweight,Christian Rodriguez,30,Melquizael Costa,26,False,False,U-DEC
2025-03-29,UFC Fight Night: Moreno vs. Erceg,Bantamweight,David Martinez,999,Saimon Oliveira,999,False,False,KO/TKO
2025-03-29,UFC Fight Night: Moreno vs. Erceg,Flyweight,Ronaldo Rodriguez,27,Kevin Borjas,54,False,False,U-DEC
2025-03-29,UFC Fight Night: Moreno vs. Erceg,Middleweight,Jose Daniel Medina,68,Ateba Gautier,999,False,False,KO/TKO
2025-03-29,UFC Fight Night: Moreno vs. Erceg,Lightweight,Rafa Garcia,52,Vinc Pichel,48,False,False,U-DEC
2025-03-29,UFC Fight Night: Moreno vs. Erceg,Women's Strawweight,Loopy Godinez,15,Julia Polastri,29,False,False,U-DEC
2025-03-29,UFC Fight Night: Moreno vs. Erceg,Lightweight,Manuel Torres,32,Drew Dober,27,False,False,KO/TKO
2025-03-29,UFC Fight Night: Moreno vs. Erceg,Lightweight,MarQuel Mederos,62,Austin Hubbard,70,False,False,S-DEC
2025-03-29,UFC Fight Night: Moreno vs. Erceg,Flyweight,Edgar Chairez,46,CJ Vergara,41,False,False,SUB
2025-03-29,UFC Fight Night: Moreno vs. Erceg,Featherweight,Jamall Emmers,47,Gabriel Miranda,72,False,False,KO/TKO
2025-04-05,UFC Fight Night: Emmett vs. Murphy,Middleweight,Brad Tavares,47,Gerald Meerschaert,44,False,False,U-DEC
2025-04-05,UFC Fight Night: Emmett vs. Murphy,Bantamweight,Victor Henry,26,Pedro Falcao,70,False,False,U-DEC
2025-04-05,UFC Fight Night: Emmett vs. Murphy,Welterweight,Rhys McKee,75,Daniel Frunza,999,False,False,KO/TKO
2025-04-05,UFC Fight Night: Emmett vs. Murphy,Women's Flyweight,Diana Belbita,999,Dione Barbosa,31,False,False,SUB
2025-04-05,UFC Fight Night: Emmett vs. Murphy,Featherweight,Josh Emmett,13,Lerone Murphy,11,False,True,U-DEC
2025-04-05,UFC Fight Night: Emmett vs. Murphy,Heavyweight,Martin Buday,31,Uran Satybaldiev,999,False,False,U-DEC
2025-04-05,UFC Fight Night: Emmett vs. Murphy,Featherweight,Pat Sabatini,39,Joanderson Brito,9,False,False,U-DEC
2025-04-05,UFC Fight Night: Emmett vs. Murphy,Women's Strawweight,Vanessa Demopoulos,46,Talita Alencar,45,False,False,U-DEC
2025-04-05,UFC Fight Night: Emmett vs. Murphy,Middleweight,Torrez Finney,999,Robert Valentin,70,False,False,S-DEC
2025-04-05,UFC Fight Night: Emmett vs. Murphy,Flyweight,Ode Osbourne,39,Luis Gurule,999,False,False,KO/TKO
2025-04-05,UFC Fight Night: Emmett vs. Murphy,Bantamweight,Cortavious Romious,74,ChangHo Lee,53,False,False,KO/TKO
2025-04-05,UFC Fight Night: Emmett vs. Murphy,Women's Strawweight,Loma Lookboonmee,19,Istela Nunes,999,False,False,U-DEC
2025-04-12,UFC 314: Volkanovski vs. Lopes,Featherweight,Darren Elkins,39,Julian Erosa,51,False,False,KO/TKO
2025-04-12,UFC 314: Volkanovski vs. Lopes,Women's Bantamweight,Nora Cornolle,8,Hailey Cowan,999,False,False,SUB
2025-04-12,UFC 314: Volkanovski vs. Lopes,Women's Strawweight,Yan Xiaonan,2,Virna Jandiroba,4,True,True,U-DEC
2025-04-12,UFC 314: Volkanovski vs. Lopes,Lightweight,Jim Miller,27,Chase Hooper,30,False,False,U-DEC
2025-04-12,UFC 314: Volkanovski vs. Lopes,Middleweight,Sedriques Dumas,62,Michal Oleksiejczuk,45,False,False,KO/TKO
2025-04-12,UFC 314: Volkanovski vs. Lopes,Featherweight,Bryce Mitchell,14,Jean Silva,10,False,True,SUB
2025-04-12,UFC 314: Volkanovski vs. Lopes,Light Heavyweight,Nikita Krylov,999,Dominick Reyes,8,False,False,KO/TKO
2025-04-12,UFC 314: Volkanovski vs. Lopes,Middleweight,Tresean Gore,49,Marco Tulio,38,False,False,KO/TKO
2025-04-12,UFC 314: Volkanovski vs. Lopes,Lightweight,Michael Chandler,21,Paddy Pimblett,8,False,False,KO/TKO
2025-04-12,UFC 314: Volkanovski vs. Lopes,Featherweight,Yair Rodriguez,13,Patricio Freire,999,False,False,U-DEC
2025-04-12,UFC 314: Volkanovski vs. Lopes,Featherweight,Alexander Volkanovski,3,Diego Lopes,5,True,True,U-DEC
2025-04-12,UFC 314: Volkanovski vs. Lopes,Featherweight,Dan Ige,18,Sean Woodson,23,False,False,KO/TKO
2025-04-12,UFC 314: Volkanovski vs. Lopes,Flyweight,Sumudaerji,29,Mitch Raposo,38,False,False,S-DEC
2025-04-26,UFC Fight Night: Machado Garry vs. Prates,Featherweight,Timmy Cuamba,81,Roberto Romero,999,False,False,KO/TKO
2025-04-26,UFC Fight Night: Machado Garry vs. Prates,Featherweight,Giga Chikadze,16,David Onama,999,False,False,U-DEC
2025-04-26,UFC Fight Night: Machado Garry vs. Prates,Middleweight,Ikram Aliskerov,30,Andre Muniz,18,False,False,KO/TKO
2025-04-26,UFC Fight Night: Machado Garry vs. Prates,Welterweight,Ian Machado Garry,6,Carlos Prates,11,True,True,U-DEC
2025-04-26,UFC Fight Night: Machado Garry vs. Prates,Featherweight,Chris Gutierrez,999,John Castaneda,999,False,False,S-DEC
2025-04-26,UFC Fight Night: Machado Garry vs. Prates,Bantamweight,Da'Mon Blackshear,25,Alatengheili,44,False,False,U-DEC
2025-04-26,UFC Fight Night: Machado Garry vs. Prates,Women's Bantamweight,Chelsea Chandler,21,Joselyne Edwards,14,False,False,KO/TKO
2025-04-26,UFC Fight Night: Machado Garry vs. Prates,Lightweight,Evan Elder,999,Gauge Young,999,False,False,U-DEC
2025-04-26,UFC Fight Night: Machado Garry vs. Prates,Middleweight,Michel Pereira,12,Abus Magomedov,29,False,False,U-DEC
2025-04-26,UFC Fight Night: Machado Garry vs. Prates,Light Heavyweight,Anthony Smith,20,Zhang Mingyang,17,False,False,KO/TKO
2025-04-26,UFC Fight Night: Machado Garry vs. Prates,Bantamweight,Malcolm Wellmaker,999,Cameron Saaiman,63,False,False,KO/TKO
2025-04-26,UFC Fight Night: Machado Garry vs. Prates,Flyweight,Matt Schnell,999,Jimmy Flick,55,False,False,U-DEC
2025-04-26,UFC Fight Night: Machado Garry vs. Prates,Women's Strawweight,Jaqueline Amorim,15,Polyana Viana,34,False,False,SUB
2025-04-26,UFC Fight Night: Machado Garry vs. Prates,Welterweight,Randy Brown,17,Nicolas Dalby,23,False,False,KO/TKO
2025-05-03,UFC Fight Night: Sandhagen vs. Figueiredo,Welterweight,Santiago Ponzinibbio,23,Daniel Rodriguez,19,False,False,KO/TKO
2025-05-03,UFC Fight Night: Sandhagen vs. Figueiredo,Women's Bantamweight,Yana Santos,12,Miesha Tate,16,False,True,U-DEC
2025-05-03,UFC Fight Night: Sandhagen vs. Figueiredo,Middleweight,Reinier de Ridder,16,Bo Nickal,21,False,False,KO/TKO
2025-05-03,UFC Fight Night: Sandhagen vs. Figueiredo,Women's Flyweight,Juliana Miller,999,Ivana Petrovic,34,False,False,U-DEC
2025-05-03,UFC Fight Night: Sandhagen vs. Figueiredo,Bantamweight,Montel Jackson,8,Daniel Marcos,16,False,True,U-DEC
2025-05-03,UFC Fight Night: Sandhagen vs. Figueiredo,Bantamweight,Cameron Smotherman,42,Serhiy Sidey,58,False,False,U-DEC
2025-05-03,UFC Fight Night: Sandhagen vs. Figueiredo,Women's Strawweight,Marina Rodriguez,7,Gillian Robertson,10,True,True,KO/TKO
2025-05-03,UFC Fight Night: Sandhagen vs. Figueiredo,Middleweight,Ryan Loder,39,Azamat Bekoev,35,False,False,KO/TKO
2025-05-03,UFC Fight Night: Sandhagen vs. Figueiredo,Lightweight,Jeremy Stephens,999,Mason Jones,999,False,False,U-DEC
2025-05-03,UFC Fight Night: Sandhagen vs. Figueiredo,Bantamweight,Gaston Bolanos,51,Quang Le,74,False,False,SUB
2025-05-03,UFC Fight Night: Sandhagen vs. Figueiredo,Bantamweight,Cory Sandhagen,2,Deiveson Figueiredo,13,False,True,KO/TKO
2025-05-03,UFC Fight Night: Sandhagen vs. Figueiredo,Heavyweight,Thomas Petersen,31,Don'Tale Mayes,35,False,False,U-DEC
2025-05-10,UFC 315: Muhammad vs. Della Maddalena,Featherweight,Daniel Santos,999,JeongYeong Lee,73,False,False,U-DEC
2025-05-10,UFC 315: Muhammad vs. Della Maddalena,Women's Flyweight,Alexa Grasso,7,Natalia Silva,4,True,True,U-DEC
2025-05-10,UFC 315: Muhammad vs. Della Maddalena,Welterweight,Mike Malott,28,Charles Radtke,34,False,False,KO/TKO
2025-05-10,UFC 315: Muhammad vs. Della Maddalena,Women's Flyweight,Jessica Andrade,8,Jasmine Jasudavicius,11,True,True,SUB
2025-05-10,UFC 315: Muhammad vs. Della Maddalena,Middleweight,Marc-Andre Barriault,59,Bruno Silva,999,False,False,KO/TKO
2025-05-10,UFC 315: Muhammad vs. Della Maddalena,Featherweight,Jose Aldo,999,Aiemann Zahabi,999,False,False,U-DEC
2025-05-10,UFC 315: Muhammad vs. Della Maddalena,Light Heavyweight,Navajo Stirling,27,Ivan Erslan,35,False,False,U-DEC
2025-05-10,UFC 315: Muhammad vs. Della Maddalena,Women's Flyweight,Valentina Shevchenko,3,Manon Fiorot,1,True,True,U-DEC
2025-05-10,UFC 315: Muhammad vs. Della Maddalena,Welterweight,Belal Muhammad,3,Jack Della Maddalena,6,True,True,U-DEC
2025-05-10,UFC 315: Muhammad vs. Della Maddalena,Bantamweight,Brad Katona,54,Bekzat Almakhan,61,False,False,KO/TKO
2025-05-10,UFC 315: Muhammad vs. Della Maddalena,Lightweight,Benoit Saint Denis,15,Kyle Prepolec,999,False,False,SUB
2025-05-10,UFC 315: Muhammad vs. Della Maddalena,Light Heavyweight,Modestas Bukauskas,29,Ion Cutelaba,19,False,False,S-DEC
2025-05-17,UFC Fight Night: Burns vs. Morales,Flyweight,HyunSung Park,22,Carlos Hernandez,38,False,False,SUB
2025-05-17,UFC Fight Night: Burns vs. Morales,Women's Strawweight,Elise Reed,37,Denise Gomes,12,False,False,KO/TKO
2025-05-17,UFC Fight Night: Burns vs. Morales,Lightweight,Jared Gordon,27,Thiago Moises,46,False,False,KO/TKO
2025-05-17,UFC Fight Night: Burns vs. Morales,Welterweight,Gilbert Burns,15,Michael Morales,4,False,True,KO/TKO
2025-05-17,UFC Fight Night: Burns vs. Morales,Lightweight,Gabe Green,999,Matheus Camilo,999,False,False,SUB
2025-05-17,UFC Fight Night: Burns vs. Morales,Women's Strawweight,Tecia Pennington,8,Luana Pinheiro,34,False,False,U-DEC
2025-05-17,UFC Fight Night: Burns vs. Morales,Middleweight,Dustin Stoltzfus,54,Nursulton Ruziboev,27,False,False,U-DEC
2025-05-17,UFC Fight Night: Burns vs. Morales,Featherweight,Yadier del Valle,999,Connor Matthews,93,False,False,SUB
2025-05-17,UFC Fight Night: Burns vs. Morales,Lightweight,Sodiq Yusuff,999,Mairon Santos,999,False,False,U-DEC
2025-05-17,UFC Fight Night: Burns vs. Morales,Women's Bantamweight,Luana Santos,999,Tainara Lisboa,999,False,False,SUB
2025-05-17,UFC Fight Night: Burns vs. Morales,Featherweight,Julian Erosa,42,Melquizael Costa,27,False,False,U-DEC
2025-05-31,UFC Fight Night: Blanchfield vs. Barber,Lightweight,Mateusz Gamrot,7,Ludovit Klein,20,False,False,U-DEC
2025-05-31,UFC Fight Night: Blanchfield vs. Barber,Lightweight,Kurt Holobaugh,62,Jordan Leavitt,999,False,False,SUB
2025-05-31,UFC Fight Night: Blanchfield vs. Barber,Welterweight,Billy Ray Goff,46,Ramiz Brahimaj,57,False,False,SUB
2025-05-31,UFC Fight Night: Blanchfield vs. Barber,Women's Strawweight,Rayanne dos Santos,37,Alice Ardelean,42,False,False,U-DEC
2025-05-31,UFC Fight Night: Blanchfield vs. Barber,Light Heavyweight,Dustin Jacoby,17,Bruno Lopes,26,False,False,KO/TKO
2025-05-31,UFC Fight Night: Blanchfield vs. Barber,Middleweight,Zach Reese,55,Dusko Todorovic,67,False,False,U-DEC
2025-05-31,UFC Fight Night: Blanchfield vs. Barber,Lightweight,Bolaji Oki,67,Michael Aswell Jr.,999,False,False,U-DEC
2025-05-31,UFC Fight Night: Blanchfield vs. Barber,Flyweight,Jafel Filho,11,Allan Nascimento,999,False,False,U-DEC
2025-06-07,UFC 316: Dvalishvili vs. O'Malley 2,Light Heavyweight,Azamat Murzakanov,6,Brendson Ribeiro,33,False,False,KO/TKO
2025-06-07,UFC 316: Dvalishvili vs. O'Malley 2,Lightweight,MarQuel Mederos,59,Mark Choinski,999,False,False,U-DEC
2025-06-07,UFC 316: Dvalishvili vs. O'Malley 2,Welterweight,Vicente Luque,14,Kevin Holland,26,False,False,SUB
2025-06-07,UFC 316: Dvalishvili vs. O'Malley 2,Lightweight,Quillan Salkilld,39,Yanal Ashmouz,57,False,False,U-DEC
2025-06-07,UFC 316: Dvalishvili vs. O'Malley 2,Women's Bantamweight,Julianna Pena,6,Kayla Harrison,2,True,True,SUB
2025-06-07,UFC 316: Dvalishvili vs. O'Malley 2,Featherweight,Jeka Saragih,86,JooSang Yoo,999,False,False,KO/TKO
2025-06-07,UFC 316: Dvalishvili vs. O'Malley 2,Heavyweight,Serghei Spivac,9,Waldo Cortes Acosta,13,False,True,U-DEC
2025-06-07,UFC 316: Dvalishvili vs. O'Malley 2,Flyweight,Bruno Silva,999,Joshua Van,9,False,False,KO/TKO
2025-06-07,UFC 316: Dvalishvili vs. O'Malley 2,Women's Flyweight,Ariane da Silva,21,Wang Cong,18,False,False,U-DEC
2025-06-07,UFC 316: Dvalishvili vs. O'Malley 2,Bantamweight,Mario Bautista,10,Patchy Mix,999,False,False,U-DEC
2025-06-07,UFC 316: Dvalishvili vs. O'Malley 2,Middleweight,Kelvin Gastelum,19,Joe Pyfer,15,False,False,U-DEC
2025-06-07,UFC 316: Dvalishvili vs. O'Malley 2,Bantamweight,Merab Dvalishvili,1,Sean O'Malley,4,True,True,SUB
2025-06-07,UFC 316: Dvalishvili vs. O'Malley 2,Welterweight,Khaos Williams,21,Andreas Gustafsson,999,False,False,U-DEC
2025-06-14,UFC Fight Night: Usman vs. Buckley,Middleweight,Mansur Abdul-Malik,33,Cody Brundage,52,False,False,NC
2025-06-14,UFC Fight Night: Usman vs. Buckley,Light Heavyweight,Paul Craig,999,Rodolfo Bellato,29,False,False,NC
2025-06-14,UFC Fight Night: Usman vs. Buckley,Bantamweight,Cody Garbrandt,29,Raoni Barcelos,18,False,False,U-DEC
2025-06-14,UFC Fight Night: Usman vs. Buckley,Welterweight,Phil Rowe,41,Ange Loosa,57,False,False,KO/TKO
2025-06-14,UFC Fight Night: Usman vs. Buckley,Bantamweight,Ricky Simon,25,Cameron Smotherman,56,False,False,U-DEC
2025-06-14,UFC Fight Night: Usman vs. Buckley,Women's Flyweight,Rose Namajunas,5,Miranda Maverick,10,True,True,U-DEC
2025-06-14,UFC Fight Night: Usman vs. Buckley,Women's Flyweight,Jamey-Lyn Horth,28,Vanessa Demopoulos,999,False,False,U-DEC
2025-06-14,UFC Fight Night: Usman vs. Buckley,Flyweight,Cody Durden,29,Jose Ochoa,38,False,False,KO/TKO
2025-06-14,UFC Fight Night: Usman vs. Buckley,Welterweight,Kamaru Usman,999,Joaquin Buckley,7,False,False,U-DEC
2025-06-14,UFC Fight Night: Usman vs. Buckley,Middleweight,Edmen Shahbazyan,38,Andre Petroski,37,False,False,U-DEC
2025-06-14,UFC Fight Night: Usman vs. Buckley,Welterweight,Michael Chiesa,21,Court McGee,40,False,False,U-DEC
2025-06-14,UFC Fight Night: Usman vs. Buckley,Light Heavyweight,Alonzo Menifield,21,Oumar Sy,16,False,False,U-DEC
2025-06-14,UFC Fight Night: Usman vs. Buckley,Bantamweight,Malcolm Wellmaker,43,Kris Moutinho,999,False,False,KO/TKO
2025-06-21,UFC Fight Night: Hill vs. Rountree Jr.,Light Heavyweight,Jamahal Hill,10,Khalil Rountree Jr.,15,False,True,U-DEC
2025-06-21,UFC Fight Night: Hill vs. Rountree Jr.,Featherweight,Muhammad Naimov,50,Bogdan Grad,57,False,False,U-DEC
2025-06-21,UFC Fight Night: Hill vs. Rountree Jr.,Women's Bantamweight,Irina Alekseeva,999,Klaudia Sygula,27,False,False,U-DEC
2025-06-21,UFC Fight Night: Hill vs. Rountree Jr.,Middleweight,Ismail Naurdiev,37,JunYong Park,27,False,False,U-DEC
2025-06-21,UFC Fight Night: Hill vs. Rountree Jr.,Lightweight,Nazim Sadykhov,34,Nikolas Motta,43,False,False,KO/TKO
2025-06-21,UFC Fight Night: Hill vs. Rountree Jr.,Flyweight,Tagir Ulanbekov,9,Azat Maksum,44,False,False,U-DEC
2025-06-21,UFC Fight Night: Hill vs. Rountree Jr.,Heavyweight,Curtis Blaydes,5,Rizvan Kuniev,999,False,False,S-DEC
2025-06-21,UFC Fight Night: Hill vs. Rountree Jr.,Heavyweight,Hamdy Abdelwahab,31,Mohammed Usman,34,False,False,U-DEC
2025-06-21,UFC Fight Night: Hill vs. Rountree Jr.,Lightweight,Rafael Fiziev,18,Ignacio Bahamondes,11,False,False,U-DEC
2025-06-21,UFC Fight Night: Hill vs. Rountree Jr.,Welterweight,Seokhyeon Ko,999,Oban Elliott,25,False,False,U-DEC
2025-06-21,UFC Fight Night: Hill vs. Rountree Jr.,Women's Bantamweight,Daria Zhelezniakova,19,Melissa Mullins,14,False,False,U-DEC
2025-06-28,UFC 317: Topuria vs. Oliveira,Heavyweight,Jhonata Diniz,25,Alvin Hines,999,False,False,U-DEC
2025-06-28,UFC 317: Topuria vs. Oliveira,Lightweight,Beneil Dariush,999,Renato Moicano,9,False,False,U-DEC
2025-06-28,UFC 317: Topuria vs. Oliveira,Featherweight,Hyder Amil,15,Jose Delgado,52,False,False,KO/TKO
2025-06-28,UFC 317: Topuria vs. Oliveira,Lightweight,Ilia Topuria,999,Charles Oliveira,3,False,False,KO/TKO
2025-06-28,UFC 317: Topuria vs. Oliveira,Women's Flyweight,Viviane Araujo,16,Tracy Cortez,10,False,True,U-DEC
2025-06-28,UFC 317: Topuria vs. Oliveira,Flyweight,Alexandre Pantoja,1,Kai Kara-France,8,True,True,SUB
2025-06-28,UFC 317: Topuria vs. Oliveira,Middleweight,Jack Hermansson,13,Gregory Rodrigues,17,False,False,KO/TKO
2025-06-28,UFC 317: Topuria vs. Oliveira,Welterweight,Niko Price,55,Jacobe Smith,38,False,False,SUB
2025-06-28,UFC 317: Topuria vs. Oliveira,Lightweight,Terrance McKinney,44,Viacheslav Borshchev,66,False,False,SUB
2025-06-28,UFC 317: Topuria vs. Oliveira,Bantamweight,Payton Talbott,30,Felipe Lima,999,False,False,U-DEC
2025-06-28,UFC 317: Topuria vs. Oliveira,Flyweight,Brandon Royval,6,Joshua Van,7,True,True,U-DEC
2025-07-12,UFC Fight Night: Lewis vs. Teixeira,Heavyweight,Derrick Lewis,12,Tallison Teixeira,17,False,False,KO/TKO
2025-07-12,UFC Fight Night: Lewis vs. Teixeira,Women's Strawweight,Fatima Kline,25,Melissa Martinez,41,False,False,KO/TKO
2025-07-12,UFC Fight Night: Lewis vs. Teixeira,Welterweight,Max Griffin,35,Chris Curtis,999,False,False,S-DEC
2025-07-12,UFC Fight Night: Lewis vs. Teixeira,Welterweight,Stephen Thompson,15,Gabriel Bonfim,11,False,True,S-DEC
2025-07-12,UFC Fight Night: Lewis vs. Teixeira,Women's Flyweight,Lauren Murphy,999,Eduarda Moura,22,False,False,U-DEC
2025-07-12,UFC Fight Night: Lewis vs. Teixeira,Heavyweight,Vitor Petrino,999,Austen Lane,42,False,False,SUB
2025-07-12,UFC Fight Night: Lewis vs. Teixeira,Featherweight,Nate Landwehr,55,Morgan Charriere,47,False,False,KO/TKO
2025-07-12,UFC Fight Night: Lewis vs. Teixeira,Heavyweight,Kennedy Nzechukwu,20,Valter Walker,22,False,False,SUB
2025-07-12,UFC Fight Night: Lewis vs. Teixeira,Lightweight,Mitch Ramirez,85,Mike Davis,48,False,False,KO/TKO
2025-07-12,UFC Fight Night: Lewis vs. Teixeira,Light Heavyweight,Junior Tafa,999,Tuco Tokkos,42,False,False,SUB
2025-07-12,UFC Fight Night: Lewis vs. Teixeira,Welterweight,Jake Matthews,26,Chidi Njokuani,43,False,False,SUB
2025-07-12,UFC Fight Night: Lewis vs. Teixeira,Featherweight,Calvin Kattar,36,Steve Garcia,11,False,False,U-DEC
2025-07-19,UFC 318: Holloway vs. Poirier 3,Heavyweight,Ryan Spann,20,Lukasz Brzeski,38,False,False,SUB
2025-07-19,UFC 318: Holloway vs. Poirier 3,Middleweight,Paulo Costa,17,Roman Kopylov,24,False,False,U-DEC
2025-07-19,UFC 318: Holloway vs. Poirier 3,Welterweight,Adam Fugitt,56,Islam Dulatov,999,False,False,KO/TKO
2025-07-19,UFC 318: Holloway vs. Poirier 3,Welterweight,Kevin Holland,16,Daniel Rodriguez,15,False,True,U-DEC
2025-07-19,UFC 318: Holloway vs. Poirier 3,Middleweight,Ateba Gautier,43,Robert Valentin,68,False,False,KO/TKO
2025-07-19,UFC 318: Holloway vs. Poirier 3,Middleweight,Brunno Ferreira,41,Jackson McVey,999,False,False,SUB
2025-07-19,UFC 318: Holloway vs. Poirier 3,Light Heavyweight,Jimmy Crute,22,Marcin Prachnio,29,False,False,SUB
2025-07-19,UFC 318: Holloway vs. Poirier 3,Middleweight,Marvin Vettori,21,Brendan Allen,15,False,False,U-DEC
2025-07-19,UFC 318: Holloway vs. Poirier 3,Women's Flyweight,Carli Judice,18,Nicolle Caliari,33,False,False,KO/TKO
2025-07-19,UFC 318: Holloway vs. Poirier 3,Lightweight,Michael Johnson,44,Daniel Zellhuber,39,False,False,U-DEC
2025-07-19,UFC 318: Holloway vs. Poirier 3,Featherweight,Dan Ige,12,Patricio Freire,70,False,False,U-DEC
2025-07-19,UFC 318: Holloway vs. Poirier 3,Bantamweight,Kyler Phillips,13,Vinicius Oliveira,10,False,True,U-DEC
2025-07-19,UFC 318: Holloway vs. Poirier 3,Lightweight,Max Holloway,999,Dustin Poirier,6,False,False,U-DEC
2025-07-19,UFC 318: Holloway vs. Poirier 3,Welterweight,Francisco Prado,55,Nikolay Veretennikov,999,False,False,S-DEC
2025-07-26,UFC Fight Night: Whittaker vs. De Ridder,Bantamweight,Davey Grant,29,Da'Mon Blackshear,18,False,False,U-DEC
2025-07-26,UFC Fight Night: Whittaker vs. De Ridder,Heavyweight,Martin Buday,29,Marcus Buchecha,999,False,False,U-DEC
2025-07-26,UFC Fight Night: Whittaker vs. De Ridder,Featherweight,Mohammad Yahya,999,Steven Nguyen,84,False,False,KO/TKO
2025-07-26,UFC Fight Night: Whittaker vs. De Ridder,Women's Strawweight,Amanda Ribas,14,Tabatha Ricci,15,False,True,KO/TKO
2025-07-26,UFC Fight Night: Whittaker vs. De Ridder,Middleweight,Shara Magomedov,26,Marc-Andre Barriault,47,False,False,U-DEC
2025-07-26,UFC Fight Night: Whittaker vs. De Ridder,Middleweight,Robert Whittaker,3,Reinier de Ridder,10,True,True,S-DEC
2025-07-26,UFC Fight Night: Whittaker vs. De Ridder,Light Heavyweight,Nikita Krylov,16,Bogdan Guskov,17,False,False,KO/TKO
2025-07-26,UFC Fight Night: Whittaker vs. De Ridder,Welterweight,Muslim Salikhov,27,Carlos Leal,36,False,False,KO/TKO
2025-07-26,UFC Fight Night: Whittaker vs. De Ridder,Flyweight,Asu Almabayev,10,Jose Ochoa,21,False,False,U-DEC
2025-07-26,UFC Fight Night: Whittaker vs. De Ridder,Bantamweight,Petr Yan,4,Marcus McGhee,9,True,True,U-DEC
2025-07-26,UFC Fight Night: Whittaker vs. De Ridder,Bantamweight,Bryce Mitchell,999,Said Nurmagomedov,11,False,False,U-DEC
2025-07-26,UFC Fight Night: Whittaker vs. De Ridder,Light Heavyweight,Ibo Aslan,26,Billy Elekana,39,False,False,U-DEC
2025-08-02,UFC Fight Night: Taira vs. Park,Featherweight,Austin Bashi,68,John Yannis,999,False,False,SUB
2025-08-02,UFC Fight Night: Taira vs. Park,Featherweight,Danny Silva,57,Kevin Vallejos,52,False,False,U-DEC
2025-08-02,UFC Fight Night: Taira vs. Park,Flyweight,Tatsuro Taira,5,HyunSung Park,12,False,True,SUB
2025-08-02,UFC Fight Night: Taira vs. Park,Lightweight,Mateusz Rebecki,999,Chris Duncan,34,False,False,U-DEC
2025-08-02,UFC Fight Night: Taira vs. Park,Middleweight,Rodolfo Vieira,40,Tresean Gore,60,False,False,U-DEC
2025-08-02,UFC Fight Night: Taira vs. Park,Lightweight,Elves Brener,67,Esteban Ribovics,21,False,False,U-DEC
2025-08-02,UFC Fight Night: Taira vs. Park,Welterweight,Neil Magny,33,Elizeu Zaleski dos Santos,41,False,False,KO/TKO
2025-08-02,UFC Fight Night: Taira vs. Park,Middleweight,Nick Klein,56,Andrey Pulyaev,61,False,False,KO/TKO
2025-08-02,UFC Fight Night: Taira vs. Park,Flyweight,Rafael Estevam,26,Felipe Bunes,31,False,False,U-DEC
2025-08-02,UFC Fight Night: Taira vs. Park,Women's Bantamweight,Karol Rosa,10,Nora Cornolle,6,True,True,U-DEC
2025-08-02,UFC Fight Night: Taira vs. Park,Women's Strawweight,Piera Rodriguez,16,Ketlen Souza,28,False,False,S-DEC
2025-08-02,UFC Fight Night: Taira vs. Park,Bantamweight,Rinya Nakamura,33,Nathan Fletcher,45,False,False,KO/TKO
2025-08-09,UFC Fight Night: Dolidze vs. Hernandez,Bantamweight,Steve Erceg,999,Ode Osbourne,999,False,False,U-DEC
2025-08-09,UFC Fight Night: Dolidze vs. Hernandez,Light Heavyweight,Julius Walker,30,Rafael Cerquiera,41,False,False,U-DEC
2025-08-09,UFC Fight Night: Dolidze vs. Hernandez,Women's Strawweight,Iasmin Lucindo,8,Angela Hill,13,False,True,U-DEC
2025-08-09,UFC Fight Night: Dolidze vs. Hernandez,Middleweight,Roman Dolidze,9,Anthony Hernandez,8,True,True,SUB
2025-08-09,UFC Fight Night: Dolidze vs. Hernandez,Women's Flyweight,Gabriella Fernandes,31,Julija Stoliarenko,999,False,False,U-DEC
2025-08-09,UFC Fight Night: Dolidze vs. Hernandez,Middleweight,Eryk Anders,999,Christian Leroy Duncan,29,False,False,KO/TKO
2025-08-09,UFC Fight Night: Dolidze vs. Hernandez,Welterweight,Uros Medic,55,Gilbert Urbina,999,False,False,KO/TKO
2025-08-09,UFC Fight Night: Dolidze vs. Hernandez,Light Heavyweight,Cody Brundage,999,Eric McConico,999,False,False,S-DEC
2025-08-09,UFC Fight Night: Dolidze vs. Hernandez,Featherweight,Andre Fili,61,Christian Rodriguez,30,False,False,S-DEC
2025-08-09,UFC Fight Night: Dolidze vs. Hernandez,Bantamweight,Elijah Smith,54,Toshiomi Kazama,80,False,False,KO/TKO
2025-08-09,UFC Fight Night: Dolidze vs. Hernandez,Women's Bantamweight,Joselyne Edwards,9,Priscila Cachoeira,21,False,False,KO/TKO
2025-08-09,UFC Fight Night: Dolidze vs. Hernandez,Bantamweight,Miles Johns,999,Jean Matsumoto,999,False,False,S-DEC
2025-08-16,UFC 319: Du Plessis vs. Chimaev,Middleweight,Dricus Du Plessis,1,Khamzat Chimaev,2,True,True,U-DEC
2025-08-16,UFC 319: Du Plessis vs. Chimaev,Lightweight,Chase Hooper,30,Alexander Hernandez,44,False,False,KO/TKO
2025-08-16,UFC 319: Du Plessis vs. Chimaev,Welterweight,Geoff Neal,8,Carlos Prates,17,False,False,KO/TKO
2025-08-16,UFC 319: Du Plessis vs. Chimaev,Middleweight,Gerald Meerschaert,44,Michal Oleksiejczuk,37,False,False,KO/TKO
2025-08-16,UFC 319: Du Plessis vs. Chimaev,Middleweight,Baisangur Susurkaev,999,Eric Nolan,999,False,False,SUB
2025-08-16,UFC 319: Du Plessis vs. Chimaev,Flyweight,Alibi Idiris,999,Joseph Morales,999,False,False,SUB
2025-08-16,UFC 319: Du Plessis vs. Chimaev,Flyweight,Tim Elliott,999,Kai Asakura,34,False,False,SUB
2025-08-16,UFC 319: Du Plessis vs. Chimaev,Women's Flyweight,Karine Silva,13,Dione Barbosa,21,False,False,U-DEC
2025-08-16,UFC 319: Du Plessis vs. Chimaev,Middleweight,Jared Cannonier,11,Michael Page,23,False,False,U-DEC
2025-08-16,UFC 319: Du Plessis vs. Chimaev,Featherweight,Lerone Murphy,7,Aaron Pico,999,False,False,KO/TKO
2025-08-16,UFC 319: Du Plessis vs. Chimaev,Women's Strawweight,Jessica Andrade,999,Loopy Godinez,13,False,False,U-DEC
2025-08-16,UFC 319: Du Plessis vs. Chimaev,Lightweight,Edson Barboza,999,Drakkar Klose,40,False,False,U-DEC
2025-08-23,UFC - Road to UFC 4.6,Flyweight,Nyamjargal Tumendemberel,44,Terrance Saeteurn,999,False,False,SUB
2025-08-23,UFC - Road to UFC 4.6,Women's Strawweight,Shi Ming,23,Bruna Brasil,999,False,False,U-DEC
2025-08-23,UFC Fight Night: Walker vs. Zhang,Lightweight,Maheshate,97,Gauge Young,89,False,False,U-DEC
2025-08-23,UFC Fight Night: Walker vs. Zhang,Middleweight,Michel Pereira,19,Kyle Daukaus,999,False,False,KO/TKO
2025-08-23,UFC Fight Night: Walker vs. Zhang,Welterweight,Taiyilake Nueraji,999,Kiefer Crosbie,77,False,False,KO/TKO
2025-08-23,UFC Fight Night: Walker vs. Zhang,Flyweight,Charles Johnson,17,Lone'er Kavanagh,22,False,False,KO/TKO
2025-08-23,UFC Fight Night: Walker vs. Zhang,Light Heavyweight,Johnny Walker,16,Zhang Mingyang,9,False,True,KO/TKO
2025-08-23,UFC Fight Night: Walker vs. Zhang,Bantamweight,Xiao Long,50,SuYoung You,41,False,False,U-DEC
2025-08-23,UFC Fight Night: Walker vs. Zhang,Heavyweight,Sergei Pavlovich,5,Waldo Cortes Acosta,9,True,True,U-DEC
2025-08-23,UFC Fight Night: Walker vs. Zhang,Light Heavyweight,Uran Satybaldiev,999,Diyar Nurgozhay,42,False,False,SUB
2025-08-23,UFC Fight Night: Walker vs. Zhang,Flyweight,Sumudaerji,30,Kevin Borjas,43,False,False,U-DEC
2025-08-23,UFC Fight Night: Walker vs. Zhang,Featherweight,Yizha,80,Westin Wilson,69,False,False,KO/TKO
2025-08-23,UFC Fight Night: Walker vs. Zhang,Lightweight,Rongzhu,64,Austin Hubbard,75,False,False,U-DEC
2025-09-06,UFC Fight Night: Imavov vs. Borralho,Light Heavyweight,Modestas Bukauskas,24,Paul Craig,999,False,False,KO/TKO
2025-09-06,UFC Fight Night: Imavov vs. Borralho,Heavyweight,Marcin Tybura,12,Ante Delija,999,False,False,KO/TKO
2025-09-06,UFC Fight Night: Imavov vs. Borralho,Light Heavyweight,Oumar Sy,15,Brendson Ribeiro,36,False,False,KO/TKO
2025-09-06,UFC Fight Night: Imavov vs. Borralho,Welterweight,Sam Patterson,38,Trey Waters,43,False,False,KO/TKO
2025-09-06,UFC Fight Night: Imavov vs. Borralho,Middleweight,Nassourdine Imavov,4,Caio Borralho,9,True,True,U-DEC
2025-09-06,UFC Fight Night: Imavov vs. Borralho,Lightweight,Harry Hardwick,999,Kaue Fernandes,33,False,False,KO/TKO
2025-09-06,UFC Fight Night: Imavov vs. Borralho,Lightweight,Bolaji Oki,62,Mason Jones,50,False,False,KO/TKO
2025-09-06,UFC Fight Night: Imavov vs. Borralho,Women's Strawweight,Shauna Bannon,23,Sam Hughes,25,False,False,SUB
2025-09-06,UFC Fight Night: Imavov vs. Borralho,Welterweight,Axel Sola,999,Rhys McKee,70,False,False,KO/TKO
2025-09-06,UFC Fight Night: Imavov vs. Borralho,Middleweight,Brad Tavares,44,Robert Bryczek,999,False,False,KO/TKO
2025-09-06,UFC Fight Night: Imavov vs. Borralho,Featherweight,William Gomis,28,Robert Ruchala,999,False,False,U-DEC
2025-09-06,UFC Fight Night: Imavov vs. Borralho,Lightweight,Benoit Saint Denis,15,Mauricio Ruffy,25,False,False,SUB
2025-09-06,UFC Fight Night: Imavov vs. Borralho,Welterweight,Andreas Gustafsson,33,Rinat Fakhretdinov,10,False,False,KO/TKO
2025-09-13,Noche UFC: Lopes vs. Silva,Middleweight,Jose Daniel Medina,70,Dusko Todorovic,65,False,False,SUB
2025-09-13,Noche UFC: Lopes vs. Silva,Middleweight,Kelvin Gastelum,24,Dustin Stoltzfus,54,False,False,U-DEC
2025-09-13,Noche UFC: Lopes vs. Silva,Lightweight,Alexander Hernandez,34,Diego Ferreira,19,False,False,KO/TKO
2025-09-13,Noche UFC: Lopes vs. Silva,Lightweight,Claudio Puelles,999,Joaquim Silva,65,False,False,S-DEC
2025-09-13,Noche UFC: Lopes vs. Silva,Flyweight,Jesus Aguilar,29,Luis Gurule,44,False,False,U-DEC
2025-09-13,Noche UFC: Lopes vs. Silva,Welterweight,Rodrigo Sezinando,999,Daniil Donchenko,999,False,False,KO/TKO
2025-09-13,Noche UFC: Lopes vs. Silva,Lightweight,Rafa Garcia,53,Jared Gordon,25,False,False,KO/TKO
2025-09-13,Noche UFC: Lopes vs. Silva,Bantamweight,Santiago Luna,999,Quang Le,54,False,False,KO/TKO
2025-09-13,Noche UFC: Lopes vs. Silva,Bantamweight,Rob Font,999,David Martinez,45,False,False,U-DEC
2025-09-13,Noche UFC: Lopes vs. Silva,Women's Strawweight,Tatiana Suarez,13,Amanda Lemos,4,False,True,U-DEC
2025-09-13,Noche UFC: Lopes vs. Silva,Flyweight,Alessandro Costa,22,Alden Coria,999,False,False,KO/TKO
2025-09-13,Noche UFC: Lopes vs. Silva,Women's Bantamweight,Montse Rendon,22,Alice Pereira,999,False,False,S-DEC
2025-09-13,Noche UFC: Lopes vs. Silva,Middleweight,Zach Reese,52,Sedriques Dumas,64,False,False,NC
2025-09-13,Noche UFC: Lopes vs. Silva,Featherweight,Diego Lopes,3,Jean Silva,4,True,True,KO/TKO
2025-09-27,UFC Fight Night: Ulberg vs. Reyes,Heavyweight,Brando Pericic,999,Elisha Ellison,999,False,False,KO/TKO
2025-09-27,UFC Fight Night: Ulberg vs. Reyes,Welterweight,Jake Matthews,25,Neil Magny,27,False,False,SUB
2025-09-27,UFC Fight Night: Ulberg vs. Reyes,Featherweight,Jack Jenkins,56,Ramon Taveras,999,False,False,U-DEC
2025-09-27,UFC Fight Night: Ulberg vs. Reyes,Women's Bantamweight,Michelle Montague,999,Luana Carolina,999,False,False,U-DEC
2025-09-27,UFC Fight Night: Ulberg vs. Reyes,Bantamweight,Colby Thicknesse,68,Josias Musasa,81,False,False,U-DEC
2025-09-27,UFC Fight Night: Ulberg vs. Reyes,Lightweight,Tom Nolan,66,Charlie Campbell,38,False,False,SUB
2025-09-27,UFC Fight Night: Ulberg vs. Reyes,Middleweight,Cam Rowston,999,Andre Petroski,39,False,False,KO/TKO
2025-09-27,UFC Fight Night: Ulberg vs. Reyes,Light Heavyweight,Carlos Ulberg,3,Dominick Reyes,6,True,True,KO/TKO
2025-09-27,UFC Fight Night: Ulberg vs. Reyes,Light Heavyweight,Navajo Stirling,17,Rodolfo Bellato,27,False,False,U-DEC
2025-09-27,UFC Fight Night: Ulberg vs. Reyes,Lightweight,Jamie Mullarkey,72,Rolando Bedoya,76,False,False,U-DEC
2025-09-27,UFC Fight Night: Ulberg vs. Reyes,Women's Strawweight,Loma Lookboonmee,23,Alexia Thainara,22,False,False,U-DEC
2025-09-27,UFC Fight Night: Ulberg vs. Reyes,Light Heavyweight,Jimmy Crute,21,Ivan Erslan,41,False,False,SUB
2025-10-04,UFC 320: Ankalaev vs. Pereira 2,Light Heavyweight,Magomed Ankalaev,2,Alex Pereira,1,True,True,KO/TKO
2025-10-04,UFC 320: Ankalaev vs. Pereira 2,Middleweight,Edmen Shahbazyan,29,Andre Muniz,32,False,False,KO/TKO
2025-10-04,UFC 320: Ankalaev vs. Pereira 2,Light Heavyweight,Jiri Prochazka,5,Khalil Rountree Jr.,11,True,True,KO/TKO
2025-10-04,UFC 320: Ankalaev vs. Pereira 2,Women's Bantamweight,Macy Chiasson,999,Yana Santos,9,False,False,U-DEC
2025-10-04,UFC 320: Ankalaev vs. Pereira 2,Featherweight,Josh Emmett,15,Youssef Zalal,18,False,False,SUB
2025-10-04,UFC 320: Ankalaev vs. Pereira 2,Middleweight,Ateba Gautier,31,Tre'ston Vines,999,False,False,KO/TKO
2025-10-04,UFC 320: Ankalaev vs. Pereira 2,Women's Flyweight,Veronica Hardy,21,Brogan Walker,999,False,False,U-DEC
2025-10-04,UFC 320: Ankalaev vs. Pereira 2,Bantamweight,Merab Dvalishvili,1,Cory Sandhagen,2,True,True,U-DEC
2025-10-04,UFC 320: Ankalaev vs. Pereira 2,Welterweight,Punahele Soriano,49,Nikolay Veretennikov,73,False,False,U-DEC
2025-10-04,UFC 320: Ankalaev vs. Pereira 2,Bantamweight,Patchy Mix,65,Jakub Wiklacz,999,False,False,S-DEC
2025-10-04,UFC 320: Ankalaev vs. Pereira 2,Welterweight,Ramiz Brahimaj,56,Austin Vanderford,999,False,False,SUB
2025-10-04,UFC 320: Ankalaev vs. Pereira 2,Middleweight,Abus Magomedov,22,Joe Pyfer,11,False,False,SUB
2025-10-04,UFC 320: Ankalaev vs. Pereira 2,Bantamweight,Chris Gutierrez,999,Farid Basharat,999,False,False,U-DEC
2025-10-11,UFC Fight Night: Oliveira vs. Gamrot,Heavyweight,Jhonata Diniz,21,Mario Pinto,29,False,False,KO/TKO
2025-10-11,UFC Fight Night: Oliveira vs. Gamrot,Bantamweight,Luan Lacerda,999,Saimon Oliveira,90,False,False,SUB
2025-10-11,UFC Fight Night: Oliveira vs. Gamrot,Featherweight,Ricardo Ramos,59,Kaan Ofli,69,False,False,SUB
2025-10-11,UFC Fight Night: Oliveira vs. Gamrot,Flyweight,Lucas Rocha,45,Stewart Nicoll,40,False,False,U-DEC
2025-10-11,UFC Fight Night: Oliveira vs. Gamrot,Women's Bantamweight,Bia Mesquita,999,Irina Alekseeva,30,False,False,SUB
2025-10-11,UFC Fight Night: Oliveira vs. Gamrot,Welterweight,Vicente Luque,26,Joel Alvarez,999,False,False,U-DEC
2025-10-11,UFC Fight Night: Oliveira vs. Gamrot,Flyweight,Jafel Filho,18,Clayton Carpenter,19,False,False,SUB
2025-10-11,UFC Fight Night: Oliveira vs. Gamrot,Lightweight,Charles Oliveira,5,Mateusz Gamrot,4,True,True,SUB
2025-10-11,UFC Fight Night: Oliveira vs. Gamrot,Heavyweight,Vitor Petrino,22,Thomas Petersen,25,False,False,KO/TKO
2025-10-11,UFC Fight Night: Oliveira vs. Gamrot,Women's Strawweight,Julia Polastri,29,Karolina Kowalkiewicz,27,False,False,KO/TKO
2025-10-11,UFC Fight Night: Oliveira vs. Gamrot,Featherweight,Lucas Almeida,68,Michael Aswell Jr.,999,False,False,KO/TKO
2025-10-11,UFC Fight Night: Oliveira vs. Gamrot,Bantamweight,Deiveson Figueiredo,17,Montel Jackson,8,False,False,S-DEC
2025-10-18,UFC Fight Night: De Ridder vs. Allen,Middleweight,Danny Barlow,999,Djorden Santos,60,False,False,U-DEC
2025-10-18,UFC Fight Night: De Ridder vs. Allen,Lightweight,Kyle Nelson,999,Matt Frevola,50,False,False,U-DEC
2025-10-18,UFC Fight Night: De Ridder vs. Allen,Flyweight,Bruno Silva,47,HyunSung Park,22,False,False,SUB
2025-10-18,UFC Fight Night: De Ridder vs. Allen,Bantamweight,Marlon Vera,16,Aiemann Zahabi,999,False,False,S-DEC
2025-10-18,UFC Fight Night: De Ridder vs. Allen,Middleweight,Azamat Bekoev,18,Yousri Belgaroui,999,False,False,KO/TKO
2025-10-18,UFC Fight Night: De Ridder vs. Allen,Women's Strawweight,Stephanie Luciano,26,Ravena Oliveira,999,False,False,SUB
2025-10-18,UFC Fight Night: De Ridder vs. Allen,Bantamweight,Cody Gibson,58,Aoriqileng,77,False,False,KO/TKO
2025-10-18,UFC Fight Night: De Ridder vs. Allen,Bantamweight,Charles Jourdain,34,Davey Grant,27,False,False,SUB
2025-10-18,UFC Fight Night: De Ridder vs. Allen,Women's Flyweight,Manon Fiorot,3,Jasmine Jasudavicius,7,True,True,KO/TKO
2025-10-18,UFC Fight Night: De Ridder vs. Allen,Welterweight,Kevin Holland,20,Mike Malott,21,False,False,U-DEC
2025-10-18,UFC Fight Night: De Ridder vs. Allen,Middleweight,Reinier de Ridder,7,Brendan Allen,16,False,True,KO/TKO
2025-10-18,UFC Fight Night: De Ridder vs. Allen,Women's Bantamweight,Melissa Croden,999,Tainara Lisboa,24,False,False,KO/TKO
2025-10-18,UFC Fight Night: De Ridder vs. Allen,Lightweight,Kyle Prepolec,81,Drew Dober,49,False,False,KO/TKO
2025-10-25,UFC 321: Aspinall vs. Gane,Middleweight,Ikram Aliskerov,11,JunYong Park,30,False,False,U-DEC
2025-10-25,UFC 321: Aspinall vs. Gane,Flyweight,Azat Maksum,39,Mitch Raposo,45,False,False,U-DEC
2025-10-25,UFC 321: Aspinall vs. Gane,Heavyweight,Hamdy Abdelwahab,39,Chris Barnett,42,False,False,U-DEC
2025-10-25,UFC 321: Aspinall vs. Gane,Heavyweight,Tom Aspinall,1,Ciryl Gane,2,True,True,NC
2025-10-25,UFC 321: Aspinall vs. Gane,Women's Strawweight,Virna Jandiroba,2,Mackenzie Dern,12,False,True,U-DEC
2025-10-25,UFC 321: Aspinall vs. Gane,Heavyweight,Alexander Volkov,3,Jailton Almeida,4,True,True,S-DEC
2025-10-25,UFC 321: Aspinall vs. Gane,Featherweight,Nathaniel Wood,12,Jose Delgado,11,False,True,U-DEC
2025-10-25,UFC 321: Aspinall vs. Gane,Lightweight,Nasrat Haqparast,23,Quillan Salkilld,24,False,False,KO/TKO
2025-10-25,UFC 321: Aspinall vs. Gane,Bantamweight,Umar Nurmagomedov,3,Mario Bautista,8,True,True,U-DEC
2025-10-25,UFC 321: Aspinall vs. Gane,Lightweight,Ludovit Klein,29,Mateusz Rebecki,26,False,False,M-DEC
2025-10-25,UFC 321: Aspinall vs. Gane,Light Heavyweight,Aleksandar Rakic,12,Azamat Murzakanov,4,False,True,KO/TKO
2025-10-25,UFC 321: Aspinall vs. Gane,Women's Strawweight,Jaqueline Amorim,9,Mizuki,999,False,False,U-DEC
2025-10-25,UFC 321: Aspinall vs. Gane,Heavyweight,Valter Walker,12,Louie Sutherland,999,False,False,SUB
2025-11-01,UFC Fight Night: Garcia vs. Onama,Women's Strawweight,Alice Ardelean,26,Montserrat Conejo Ruiz,999,False,False,U-DEC
2025-11-01,UFC Fight Night: Garcia vs. Onama,Bantamweight,Timmy Cuamba,999,ChangHo Lee,43,False,False,U-DEC
2025-11-01,UFC Fight Night: Garcia vs. Onama,Welterweight,Charles Radtke,55,Daniel Frunza,82,False,False,SUB
2025-11-01,UFC Fight Night: Garcia vs. Onama,Featherweight,Steve Garcia,6,David Onama,20,False,False,KO/TKO
2025-11-01,UFC Fight Night: Garcia vs. Onama,Women's Bantamweight,Ketlen Vieira,999,Norma Dumont,2,False,False,S-DEC
2025-11-01,UFC Fight Night: Garcia vs. Onama,Featherweight,Isaac Dulgarian,23,Yadier del Valle,49,False,False,SUB
2025-11-01,UFC Fight Night: Garcia vs. Onama,Women's Strawweight,Talita Alencar,29,Ariane Carnelossi,31,False,False,SUB
2025-11-01,UFC Fight Night: Garcia vs. Onama,Heavyweight,Waldo Cortes Acosta,11,Ante Delija,14,False,True,KO/TKO
2025-11-01,UFC Fight Night: Garcia vs. Onama,Welterweight,Jeremiah Wells,999,Themba Gorimbo,25,False,False,U-DEC
2025-11-01,UFC Fight Night: Garcia vs. Onama,Middleweight,Donte Johnson,999,Sedriques Dumas,68,False,False,SUB
2025-11-01,UFC Fight Night: Garcia vs. Onama,Welterweight,Phil Rowe,39,Seokhyeon Ko,38,False,False,U-DEC
2025-11-01,UFC Fight Night: Garcia vs. Onama,Light Heavyweight,Billy Elekana,28,Kevin Christian,999,False,False,SUB
2025-11-08,UFC Fight Night: Bonfim vs. Brown,Lightweight,Chris Padilla,45,Ismael Bonfim,54,False,False,KO/TKO
2025-11-08,UFC Fight Night: Bonfim vs. Brown,Bantamweight,Miles Johns,52,Daniel Marcos,23,False,False,SUB
2025-11-08,UFC Fight Night: Bonfim vs. Brown,Welterweight,Gabriel Bonfim,9,Randy Brown,13,False,True,KO/TKO
2025-11-08,UFC Fight Night: Bonfim vs. Brown,Women's Bantamweight,Mayra Bueno Silva,999,Jacqueline Cavalcanti,7,False,False,U-DEC
2025-11-08,UFC Fight Night: Bonfim vs. Brown,Heavyweight,Josh Hokit,999,Max Gimenis,999,False,False,KO/TKO
2025-11-08,UFC Fight Night: Bonfim vs. Brown,Women's Strawweight,Tecia Pennington,12,Denise Gomes,9,False,True,U-DEC
2025-11-08,UFC Fight Night: Bonfim vs. Brown,Middleweight,Christian Leroy Duncan,21,Marco Tulio,20,False,False,KO/TKO
2025-11-08,UFC Fight Night: Bonfim vs. Brown,Welterweight,Muslim Salikhov,23,Uros Medic,59,False,False,KO/TKO
2025-11-08,UFC Fight Night: Bonfim vs. Brown,Bantamweight,Ricky Simon,31,Raoni Barcelos,21,False,False,U-DEC
2025-11-08,UFC Fight Night: Bonfim vs. Brown,Featherweight,Hyder Amil,40,Jamall Emmers,33,False,False,U-DEC
2025-11-08,UFC Fight Night: Bonfim vs. Brown,Flyweight,Matt Schnell,32,Joseph Morales,21,False,False,SUB
2025-11-15,UFC 322: Della Maddalena vs. Makhachev,Lightweight,Viacheslav Borshchev,79,Matheus Camilo,86,False,False,U-DEC
2025-11-15,UFC 322: Della Maddalena vs. Makhachev,Middleweight,Bo Nickal,32,Rodolfo Vieira,35,False,False,KO/TKO
2025-11-15,UFC 322: Della Maddalena vs. Makhachev,Welterweight,Leon Edwards,14,Carlos Prates,12,False,True,KO/TKO
2025-11-15,UFC 322: Della Maddalena vs. Makhachev,Welterweight,Sean Brady,5,Michael Morales,2,True,True,KO/TKO
2025-11-15,UFC 322: Della Maddalena vs. Makhachev,Women's Strawweight,Angela Hill,15,Fatima Kline,19,False,False,U-DEC
2025-11-15,UFC 322: Della Maddalena vs. Makhachev,Women's Flyweight,Valentina Shevchenko,2,Zhang Weili,999,False,False,U-DEC
2025-11-15,UFC 322: Della Maddalena vs. Makhachev,Welterweight,Jack Della Maddalena,4,Islam Makhachev,999,False,False,U-DEC
2025-11-15,UFC 322: Della Maddalena vs. Makhachev,Women's Flyweight,Erin Blanchfield,3,Tracy Cortez,6,True,True,SUB
2025-11-15,UFC 322: Della Maddalena vs. Makhachev,Lightweight,Beneil Dariush,11,Benoit Saint Denis,10,True,True,KO/TKO
2025-11-15,UFC 322: Della Maddalena vs. Makhachev,Middleweight,Kyle Daukaus,43,Gerald Meerschaert,50,False,False,SUB
2025-11-15,UFC 322: Della Maddalena vs. Makhachev,Middleweight,Baisangur Susurkaev,41,Eric McConico,999,False,False,KO/TKO
2025-11-15,UFC 322: Della Maddalena vs. Makhachev,Featherweight,Malcolm Wellmaker,999,Ethyn Ewing,999,False,False,U-DEC
2025-11-15,UFC 322: Della Maddalena vs. Makhachev,Featherweight,Pat Sabatini,19,Chepe Mariscal,6,False,False,U-DEC
2025-11-15,UFC 322: Della Maddalena vs. Makhachev,Middleweight,Roman Kopylov,30,Gregory Rodrigues,14,False,False,U-DEC
2025-11-22,UFC Fight Night: Tsarukyan vs. Hooker,Flyweight,Tagir Ulanbekov,9,Kyoji Horiguchi,999,False,False,SUB
2025-11-22,UFC Fight Night: Tsarukyan vs. Hooker,Middleweight,Ismail Naurdiev,36,Ryan Loder,54,False,False,KO/TKO
2025-11-22,UFC Fight Night: Tsarukyan vs. Hooker,Flyweight,Alex Perez,16,Asu Almabayev,10,False,True,SUB
2025-11-22,UFC Fight Night: Tsarukyan vs. Hooker,Lightweight,Nurullo Aliev,46,Shem Rock,999,False,False,U-DEC
2025-11-22,UFC Fight Night: Tsarukyan vs. Hooker,Featherweight,Bogdan Grad,43,Luke Riley,999,False,False,KO/TKO
2025-11-22,UFC Fight Night: Tsarukyan vs. Hooker,Lightweight,Arman Tsarukyan,999,Dan Hooker,14,False,False,SUB
2025-11-22,UFC Fight Night: Tsarukyan vs. Hooker,Bantamweight,Bekzat Almakhan,40,Aleksandre Topuria,53,False,False,U-DEC
2025-11-22,UFC Fight Night: Tsarukyan vs. Hooker,Light Heavyweight,Volkan Oezdemir,7,Alonzo Menifield,21,False,False,KO/TKO
2025-11-22,UFC Fight Night: Tsarukyan vs. Hooker,Welterweight,Jack Hermansson,999,Myktybek Orolbai,999,False,False,KO/TKO
2025-11-22,UFC Fight Night: Tsarukyan vs. Hooker,Heavyweight,Marek Bujlo,999,Denzel Freeman,999,False,False,U-DEC
2025-11-22,UFC Fight Night: Tsarukyan vs. Hooker,Welterweight,Belal Muhammad,7,Ian Machado Garry,4,True,True,U-DEC
2025-11-22,UFC Fight Night: Tsarukyan vs. Hooker,Welterweight,Nicolas Dalby,33,Saygid Izagakhmaev,999,False,False,S-DEC
2025-11-22,UFC Fight Night: Tsarukyan vs. Hooker,Heavyweight,Waldo Cortes Acosta,9,Shamil Gaziev,16,False,True,KO/TKO
2025-11-22,UFC Fight Night: Tsarukyan vs. Hooker,Light Heavyweight,Abdul Rakhman Yakhyaev,999,Rafael Cerqueira,999,False,False,SUB
2025-12-06,UFC 323: Dvalishvili vs. Yan 2,Lightweight,Nazim Sadykhov,20,Fares Ziam,25,False,False,KO/TKO
2025-12-06,UFC 323: Dvalishvili vs. Yan 2,Bantamweight,Henry Cejudo,28,Payton Talbott,20,False,False,U-DEC
2025-12-06,UFC 323: Dvalishvili vs. Yan 2,Women's Flyweight,Maycee Barber,999,Karine Silva,13,False,False,U-DEC
2025-12-06,UFC 323: Dvalishvili vs. Yan 2,Middleweight,Marvin Vettori,22,Brunno Ferreira,37,False,False,U-DEC
2025-12-06,UFC 323: Dvalishvili vs. Yan 2,Featherweight,Muhammad Naimov,40,Mairon Santos,999,False,False,KO/TKO
2025-12-06,UFC 323: Dvalishvili vs. Yan 2,Bantamweight,Merab Dvalishvili,1,Petr Yan,4,True,True,U-DEC
2025-12-06,UFC 323: Dvalishvili vs. Yan 2,Light Heavyweight,Jan Blachowicz,7,Bogdan Guskov,9,True,True,M-DEC
2025-12-06,UFC 323: Dvalishvili vs. Yan 2,Lightweight,Edson Barboza,35,Jalin Turner,18,False,False,KO/TKO
2025-12-06,UFC 323: Dvalishvili vs. Yan 2,Middleweight,Mansur Abdul-Malik,40,Antonio Trocoli,70,False,False,SUB
2025-12-06,UFC 323: Dvalishvili vs. Yan 2,Lightweight,Terrance McKinney,40,Chris Duncan,31,False,False,SUB
2025-12-06,UFC 323: Dvalishvili vs. Yan 2,Lightweight,Grant Dawson,9,Manuel Torres,13,False,True,KO/TKO
2025-12-06,UFC 323: Dvalishvili vs. Yan 2,Flyweight,Alexandre Pantoja,1,Joshua Van,6,True,True,KO/TKO
2025-12-06,UFC 323: Dvalishvili vs. Yan 2,Light Heavyweight,Iwo Baraniewski,999,Ibo Aslan,33,False,False,KO/TKO
2025-12-06,UFC 323: Dvalishvili vs. Yan 2,Flyweight,Brandon Moreno,5,Tatsuro Taira,3,True,True,KO/TKO
2025-12-13,UFC Fight Night: Royval vs. Kape,Welterweight,Neil Magny,24,Yaroslav Amosov,999,False,False,SUB
2025-12-13,UFC Fight Night: Royval vs. Kape,Featherweight,Joanderson Brito,14,Isaac Thomson,999,False,False,U-DEC
2025-12-13,UFC Fight Night: Royval vs. Kape,Featherweight,Giga Chikadze,18,Kevin Vallejos,33,False,False,KO/TKO
2025-12-13,UFC Fight Night: Royval vs. Kape,Heavyweight,Kennedy Nzechukwu,27,Marcus Buchecha,39,False,False,U-DEC
2025-12-13,UFC Fight Night: Royval vs. Kape,Women's Flyweight,Jamey-Lyn Horth,17,Tereza Bleda,999,False,False,KO/TKO
2025-12-13,UFC Fight Night: Royval vs. Kape,Featherweight,Melquizael Costa,16,Morgan Charriere,28,False,False,KO/TKO
2025-12-13,UFC Fight Night: Royval vs. Kape,Heavyweight,Sean Sharaf,45,Steven Asplund,999,False,False,KO/TKO
2025-12-13,UFC Fight Night: Royval vs. Kape,Flyweight,Brandon Royval,6,Manel Kape,5,True,True,KO/TKO
2025-12-13,UFC Fight Night: Royval vs. Kape,Heavyweight,Allen Frye Jr.,999,Guilherme Pat,999,False,False,U-DEC
2025-12-13,UFC Fight Night: Royval vs. Kape,Women's Bantamweight,Melissa Croden,13,Luana Santos,9,False,True,U-DEC
2025-12-13,UFC Fight Night: Royval vs. Kape,Middleweight,Cesar Almeida,33,Cezary Oleksiejczuk,999,False,False,U-DEC
2026-01-24,UFC 324: Gaethje vs. Pimblett,Bantamweight,Sean O'Malley,5,Song Yadong,7,True,True,U-DEC
2026-01-24,UFC 324: Gaethje vs. Pimblett,Welterweight,Adam Fugitt,81,Ty Miller,999,False,False,KO/TKO
2026-01-24,UFC 324: Gaethje vs. Pimblett,Middleweight,Ateba Gautier,19,Andrey Pulyaev,53,False,False,U-DEC
2026-01-24,UFC 324: Gaethje vs. Pimblett,Bantamweight,Umar Nurmagomedov,3,Deiveson Figueiredo,15,False,True,U-DEC
2026-01-24,UFC 324: Gaethje vs. Pimblett,Light Heavyweight,Nikita Krylov,19,Modestas Bukauskas,22,False,False,KO/TKO
2026-01-24,UFC 324: Gaethje vs. Pimblett,Featherweight,Arnold Allen,999,Jean Silva,6,False,False,U-DEC
2026-01-24,UFC 324: Gaethje vs. Pimblett,Heavyweight,Josh Hokit,19,Denzel Freeman,27,False,False,KO/TKO
2026-01-24,UFC 324: Gaethje vs. Pimblett,Flyweight,Alex Perez,20,Charles Johnson,12,False,False,KO/TKO
2026-01-24,UFC 324: Gaethje vs. Pimblett,Women's Flyweight,Natalia Silva,5,Rose Namajunas,6,True,True,U-DEC
2026-01-24,UFC 324: Gaethje vs. Pimblett,Heavyweight,Waldo Cortes Acosta,6,Derrick Lewis,10,True,True,KO/TKO
2026-01-24,UFC 324: Gaethje vs. Pimblett,Lightweight,Justin Gaethje,5,Paddy Pimblett,6,True,True,U-DEC
2026-01-31,UFC 325: Volkanovski vs. Lopes 2,Middleweight,Jacob Malkoun,999,Torrez Finney,53,False,False,U-DEC
2026-01-31,UFC 325: Volkanovski vs. Lopes 2,Lightweight,Quillan Salkilld,12,Jamie Mullarkey,63,False,False,SUB
2026-01-31,UFC 325: Volkanovski vs. Lopes 2,Middleweight,Cam Rowston,35,Cody Brundage,999,False,False,KO/TKO
2026-01-31,UFC 325: Volkanovski vs. Lopes 2,Featherweight,Kaan Ofli,58,Yizha,52,False,False,M-DEC
2026-01-31,UFC 325: Volkanovski vs. Lopes 2,Lightweight,Rafael Fiziev,15,Mauricio Ruffy,41,False,False,KO/TKO
2026-01-31,UFC 325: Volkanovski vs. Lopes 2,Bantamweight,Sulangrangbo,999,Lawrence Lui,999,False,False,S-DEC
2026-01-31,UFC 325: Volkanovski vs. Lopes 2,Heavyweight,Tai Tuivasa,22,Tallison Teixeira,29,False,False,U-DEC
2026-01-31,UFC 325: Volkanovski vs. Lopes 2,Featherweight,Keiichiro Nakamura,999,Sebastian Szalay,999,False,False,KO/TKO
2026-01-31,UFC 325: Volkanovski vs. Lopes 2,Welterweight,Jonathan Micallef,59,Oban Elliott,61,False,False,SUB
2026-01-31,UFC 325: Volkanovski vs. Lopes 2,Lightweight,Dan Hooker,22,Benoit Saint Denis,7,False,False,KO/TKO
2026-01-31,UFC 325: Volkanovski vs. Lopes 2,Lightweight,Sangwook Kim,999,Dom Mar Fan,999,False,False,U-DEC
2026-01-31,UFC 325: Volkanovski vs. Lopes 2,Featherweight,Alexander Volkanovski,1,Diego Lopes,2,True,True,U-DEC
2026-01-31,UFC 325: Volkanovski vs. Lopes 2,Light Heavyweight,Junior Tafa,38,Billy Elekana,23,False,False,SUB
2026-02-07,UFC Fight Night: Bautista vs. Oliveira,Bantamweight,Jean Matsumoto,35,Farid Basharat,9,False,False,S-DEC
2026-02-07,UFC Fight Night: Bautista vs. Oliveira,Women's Bantamweight,Klaudia Sygula,22,Priscila Cachoeira,26,False,False,U-DEC
2026-02-07,UFC Fight Night: Bautista vs. Oliveira,Light Heavyweight,Dustin Jacoby,11,Julius Walker,29,False,False,KO/TKO
2026-02-07,UFC Fight Night: Bautista vs. Oliveira,Bantamweight,Javid Basharat,45,Gianni Vazquez,999,False,False,U-DEC
2026-02-07,UFC Fight Night: Bautista vs. Oliveira,Middleweight,Michal Oleksiejczuk,27,Marc-Andre Barriault,55,False,False,U-DEC
2026-02-07,UFC Fight Night: Bautista vs. Oliveira,Bantamweight,Muin Gafurov,28,Jakub Wiklacz,57,False,False,SUB
2026-02-07,UFC Fight Night: Bautista vs. Oliveira,Heavyweight,Jailton Almeida,3,Rizvan Kuniev,30,False,False,U-DEC
2026-02-07,UFC Fight Night: Bautista vs. Oliveira,Welterweight,Nikolay Veretennikov,84,Niko Price,68,False,False,KO/TKO
2026-02-07,UFC Fight Night: Bautista vs. Oliveira,Women's Strawweight,Bruna Brasil,43,Ketlen Souza,29,False,False,U-DEC
2026-02-07,UFC Fight Night: Bautista vs. Oliveira,Flyweight,Amir Albazi,13,Kyoji Horiguchi,20,False,False,U-DEC
2026-02-07,UFC Fight Night: Bautista vs. Oliveira,Welterweight,Alex Morono,69,Daniil Donchenko,46,False,False,U-DEC
2026-02-07,UFC Fight Night: Bautista vs. Oliveira,Bantamweight,Mario Bautista,12,Vinicius Oliveira,6,False,True,SUB
2026-02-21,UFC Fight Night: Strickland vs. Hernandez,Heavyweight,Serghei Spivac,13,Ante Delija,19,False,False,U-DEC
2026-02-21,UFC Fight Night: Strickland vs. Hernandez,Welterweight,Chidi Njokuani,56,Carlos Leal,59,False,False,U-DEC
2026-02-21,UFC Fight Night: Strickland vs. Hernandez,Middleweight,Zach Reese,999,Michel Pereira,34,False,False,S-DEC
2026-02-21,UFC Fight Night: Strickland vs. Hernandez,Welterweight,Phil Rowe,55,Jean-Paul Lebosnoyani,999,False,False,S-DEC
2026-02-21,UFC Fight Night: Strickland vs. Hernandez,Welterweight,Jacobe Smith,30,Josiah Harrell,999,False,False,KO/TKO
2026-02-21,UFC Fight Night: Strickland vs. Hernandez,Featherweight,Jordan Leavitt,999,Yadier del Valle,23,False,False,U-DEC
2026-02-21,UFC Fight Night: Strickland vs. Hernandez,Women's Flyweight,Juliana Miller,24,Carli Judice,12,False,False,U-DEC
2026-02-21,UFC Fight Night: Strickland vs. Hernandez,Flyweight,Ode Osbourne,999,Alibi Idiris,40,False,False,U-DEC
2026-02-21,UFC Fight Night: Strickland vs. Hernandez,Middleweight,Sean Strickland,5,Anthony Hernandez,4,True,True,KO/TKO
2026-02-21,UFC Fight Night: Strickland vs. Hernandez,Welterweight,Ramiz Brahimaj,51,Punahele Soriano,47,False,False,U-DEC
2026-02-21,UFC Fight Night: Strickland vs. Hernandez,Flyweight,Alden Coria,16,Luis Gurule,49,False,False,U-DEC
2026-02-21,UFC Fight Night: Strickland vs. Hernandez,Featherweight,Dan Ige,19,Melquizael Costa,7,False,False,KO/TKO
2026-02-21,UFC Fight Night: Strickland vs. Hernandez,Welterweight,Geoff Neal,14,Uros Medic,46,False,False,KO/TKO
2026-02-21,UFC Fight Night: Strickland vs. Hernandez,Women's Bantamweight,Nora Cornolle,17,Joselyne Edwards,6,False,False,SUB
2026-02-28,UFC Fight Night: Moreno vs. Kavanagh,Flyweight,Brandon Moreno,5,Lone'er Kavanagh,29,False,False,U-DEC
2026-02-28,UFC Fight Night: Moreno vs. Kavanagh,Flyweight,Imanol Rodriguez,999,Kevin Borjas,52,False,False,KO/TKO
2026-02-28,UFC Fight Night: Moreno vs. Kavanagh,Bantamweight,Cristian Quinonez,999,Kris Moutinho,83,False,False,U-DEC
2026-02-28,UFC Fight Night: Moreno vs. Kavanagh,Bantamweight,Marlon Vera,23,David Martinez,26,False,False,U-DEC
2026-02-28,UFC Fight Night: Moreno vs. Kavanagh,Bantamweight,Santiago Luna,37,Angel Pacheco,999,False,False,U-DEC
2026-02-28,UFC Fight Night: Moreno vs. Kavanagh,Middleweight,Ryan Gandra,999,Jose Daniel Medina,75,False,False,KO/TKO
2026-02-28,UFC Fight Night: Moreno vs. Kavanagh,Featherweight,Erik Silva,999,Francis Marshall,68,False,False,SUB
2026-02-28,UFC Fight Night: Moreno vs. Kavanagh,Featherweight,Douglas Silva de Andrade,999,Javier Reyes,999,False,False,KO/TKO
2026-02-28,UFC Fight Night: Moreno vs. Kavanagh,Flyweight,Edgar Chairez,32,Felipe Bunes,38,False,False,S-DEC
2026-02-28,UFC Fight Night: Moreno vs. Kavanagh,Lightweight,Daniel Zellhuber,48,King Green,999,False,False,KO/TKO
2026-02-28,UFC Fight Night: Moreno vs. Kavanagh,Women's Bantamweight,Ailin Perez,3,Macy Chiasson,12,False,True,U-DEC
2026-02-28,UFC Fight Night: Moreno vs. Kavanagh,Middleweight,Damian Pinas,999,Wes Schultz,999,False,False,KO/TKO
2026-03-07,UFC 326: Holloway vs. Oliveira 2,Middleweight,Gregory Rodrigues,12,Brunno Ferreira,34,False,False,KO/TKO
2026-03-07,UFC 326: Holloway vs. Oliveira 2,Featherweight,Ricky Turcios,999,Alberto Montes,999,False,False,SUB
2026-03-07,UFC 326: Holloway vs. Oliveira 2,Middleweight,Donte Johnson,48,Cody Brundage,58,False,False,S-DEC
2026-03-07,UFC 326: Holloway vs. Oliveira 2,Flyweight,Sumudaerji,23,Jesus Aguilar,26,False,False,U-DEC
2026-03-07,UFC 326: Holloway vs. Oliveira 2,Light Heavyweight,Luke Fernandez,999,Rodolfo Bellato,32,False,False,KO/TKO
2026-03-07,UFC 326: Holloway vs. Oliveira 2,Bantamweight,Rob Font,13,Raul Rosas Jr.,29,False,False,U-DEC
2026-03-07,UFC 326: Holloway vs. Oliveira 2,Light Heavyweight,Rafael Tobias,999,Diyar Nurgozhay,44,False,False,U-DEC
2026-03-07,UFC 326: Holloway vs. Oliveira 2,Middleweight,Caio Borralho,11,Reinier de Ridder,14,False,True,U-DEC
2026-03-07,UFC 326: Holloway vs. Oliveira 2,Bantamweight,Cody Garbrandt,41,Xiao Long,50,False,False,U-DEC
2026-03-07,UFC 326: Holloway vs. Oliveira 2,Lightweight,Drew Dober,44,Michael Johnson,35,False,False,KO/TKO
2026-03-07,UFC 326: Holloway vs. Oliveira 2,Lightweight,Max Holloway,1,Charles Oliveira,4,True,True,U-DEC
2026-03-07,UFC 326: Holloway vs. Oliveira 2,Flyweight,Cody Durden,999,Nyamjargal Tumendemberel,30,False,False,U-DEC
2026-03-14,UFC Fight Night: Emmett vs. Vallejos,Women's Strawweight,Piera Rodriguez,14,Sam Hughes,24,False,False,U-DEC
2026-03-14,UFC Fight Night: Emmett vs. Vallejos,Heavyweight,Vitor Petrino,18,Steven Asplund,24,False,False,U-DEC
2026-03-14,UFC Fight Night: Emmett vs. Vallejos,Bantamweight,Luan Lacerda,73,Hecher Sosa,999,False,False,U-DEC
2026-03-14,UFC Fight Night: Emmett vs. Vallejos,Women's Strawweight,Amanda Lemos,7,Gillian Robertson,4,True,True,U-DEC
2026-03-14,UFC Fight Night: Emmett vs. Vallejos,Featherweight,Andre Fili,51,Jose Delgado,12,False,False,S-DEC
2026-03-14,UFC Fight Night: Emmett vs. Vallejos,Women's Bantamweight,Bia Mesquita,14,Montse Rendon,21,False,False,SUB
2026-03-14,UFC Fight Night: Emmett vs. Vallejos,Lightweight,Bolaji Oki,72,Manoel Sousa,999,False,False,KO/TKO
2026-03-14,UFC Fight Night: Emmett vs. Vallejos,Middleweight,Brad Tavares,54,Eryk Anders,48,False,False,U-DEC
2026-03-14,UFC Fight Night: Emmett vs. Vallejos,Light Heavyweight,Ion Cutelaba,20,Oumar Sy,15,False,False,SUB
2026-03-14,UFC Fight Night: Emmett vs. Vallejos,Featherweight,Marwan Rahiki,999,Harry Hardwick,999,False,False,KO/TKO
2026-03-14,UFC Fight Night: Emmett vs. Vallejos,Welterweight,Chris Curtis,40,Myktybek Orolbai,21,False,False,U-DEC
2026-03-14,UFC Fight Night: Emmett vs. Vallejos,Bantamweight,Elijah Smith,45,SuYoung You,44,False,False,SUB
2026-03-14,UFC Fight Night: Emmett vs. Vallejos,Featherweight,Josh Emmett,20,Kevin Vallejos,16,False,False,KO/TKO
2026-03-14,UFC Fight Night: Emmett vs. Vallejos,Flyweight,Charles Johnson,24,Bruno Silva,35,False,False,S-DEC
2026-03-21,UFC Fight Night: Evloev vs. Murphy,Women's Strawweight,Shanelle Dyer,999,Ravena Oliveira,43,False,False,KO/TKO
2026-03-21,UFC Fight Night: Evloev vs. Murphy,Featherweight,Movsar Evloev,2,Lerone Murphy,7,True,True,M-DEC
2026-03-21,UFC Fight Night: Evloev vs. Murphy,Featherweight,Nathaniel Wood,14,Losene Keita,999,False,False,S-DEC
2026-03-21,UFC Fight Night: Evloev vs. Murphy,Lightweight,Mason Jones,29,Axel Sola,999,False,False,U-DEC
2026-03-21,UFC Fight Night: Evloev vs. Murphy,Light Heavyweight,Iwo Baraniewski,28,Austen Lane,999,False,False,KO/TKO
2026-03-21,UFC Fight Night: Evloev vs. Murphy,Featherweight,Kurtis Campbell,999,Danny Silva,67,False,False,KO/TKO
2026-03-21,UFC Fight Night: Evloev vs. Murphy,Middleweight,Roman Dolidze,13,Christian Leroy Duncan,18,False,False,U-DEC
2026-03-21,UFC Fight Night: Evloev vs. Murphy,Welterweight,Michael Page,999,Sam Patterson,29,False,False,U-DEC
2026-03-21,UFC Fight Night: Evloev vs. Murphy,Middleweight,Mantas Kondratavicius,999,Antonio Trocoli,76,False,False,U-DEC
2026-03-21,UFC Fight Night: Evloev vs. Murphy,Heavyweight,Mario Pinto,15,Felipe Franco,999,False,False,U-DEC
2026-03-21,UFC Fight Night: Evloev vs. Murphy,Lightweight,Shem Rock,70,Abdul-Kareem Al-Selwady,999,False,False,U-DEC
2026-03-21,UFC Fight Night: Evloev vs. Murphy,Heavyweight,Louie Sutherland,39,Brando Pericic,20,False,False,KO/TKO
2026-03-21,UFC Fight Night: Evloev vs. Murphy,Featherweight,Luke Riley,41,Michael Aswell Jr.,47,False,False,U-DEC
2026-03-28,UFC Fight Night: Adesanya vs. Pyfer,Heavyweight,Marcin Tybura,19,Tyrell Fortune,999,False,False,U-DEC
2026-03-28,UFC Fight Night: Adesanya vs. Pyfer,Women's Flyweight,Casey O'Neill,999,Gabriella Fernandes,21,False,False,KO/TKO
2026-03-28,UFC Fight Night: Adesanya vs. Pyfer,Welterweight,Michael Chiesa,22,Niko Price,80,False,False,SUB
2026-03-28,UFC Fight Night: Adesanya vs. Pyfer,Lightweight,Chase Hooper,36,Lance Gibson Jr.,999,False,False,KO/TKO
2026-03-28,UFC Fight Night: Adesanya vs. Pyfer,Women's Strawweight,Alexia Thainara,14,Bruna Brasil,43,False,False,U-DEC
2026-03-28,UFC Fight Night: Adesanya vs. Pyfer,Middleweight,Israel Adesanya,6,Joe Pyfer,12,False,True,KO/TKO
2026-03-28,UFC Fight Night: Adesanya vs. Pyfer,Women's Flyweight,Alexa Grasso,9,Maycee Barber,7,True,True,KO/TKO
2026-03-28,UFC Fight Night: Adesanya vs. Pyfer,Lightweight,Terrance McKinney,48,Kyle Nelson,47,False,False,KO/TKO
2026-03-28,UFC Fight Night: Adesanya vs. Pyfer,Bantamweight,Ricky Simon,34,Adrian Yanez,25,False,False,M-DEC
2026-03-28,UFC Fight Night: Adesanya vs. Pyfer,Light Heavyweight,Navajo Stirling,16,Bruno Lopes,32,False,False,KO/TKO
2026-03-28,UFC Fight Night: Adesanya vs. Pyfer,Middleweight,Mansur Abdul-Malik,36,Yousri Belgaroui,26,False,False,KO/TKO
2026-03-28,UFC Fight Night: Adesanya vs. Pyfer,Featherweight,Julian Erosa,36,Lerryan Douglas,999,False,False,KO/TKO
2026-03-28,UFC Fight Night: Adesanya vs. Pyfer,Lightweight,Ignacio Bahamondes,18,Tofiq Musayev,999,False,False,U-DEC
2026-04-04,UFC Fight Night: Moicano vs. Duncan,Heavyweight,Guilherme Pat,24,Thomas Petersen,34,False,False,M-DEC
2026-04-04,UFC Fight Night: Moicano vs. Duncan,Women's Strawweight,Virna Jandiroba,2,Tabatha Ricci,12,False,True,U-DEC
2026-04-04,UFC Fight Night: Moicano vs. Duncan,Women's Bantamweight,Alice Pereira,22,Hailey Cowan,23,False,False,KO/TKO
2026-04-04,UFC Fight Night: Moicano vs. Duncan,Featherweight,Jose Delano,999,Robert Ruchala,66,False,False,U-DEC
2026-04-04,UFC Fight Night: Moicano vs. Duncan,Lightweight,Lando Vannata,999,Darrius Flowers,999,False,False,KO/TKO
2026-04-04,UFC Fight Night: Moicano vs. Duncan,Lightweight,Kai Kamaka III,999,Dakota Hope,999,False,False,S-DEC
2026-04-04,UFC Fight Night: Moicano vs. Duncan,Light Heavyweight,Abdul Rakhman Yakhyaev,22,Brendson Ribeiro,37,False,False,SUB
2026-04-04,UFC Fight Night: Moicano vs. Duncan,Flyweight,Alessandro Costa,36,Stewart Nicoll,53,False,False,KO/TKO
2026-04-04,UFC Fight Night: Moicano vs. Duncan,Featherweight,Tommy McMillen,999,Manolo Zecchini,999,False,False,KO/TKO
2026-04-04,UFC Fight Night: Moicano vs. Duncan,Women's Flyweight,Dione Barbosa,17,Melissa Gatto,999,False,False,M-DEC
2026-04-04,UFC Fight Night: Moicano vs. Duncan,Lightweight,Renato Moicano,13,Chris Duncan,20,False,False,SUB
2026-04-04,UFC Fight Night: Moicano vs. Duncan,Middleweight,Azamat Bekoev,42,Tresean Gore,69,False,False,SUB
2026-04-04,UFC Fight Night: Moicano vs. Duncan,Bantamweight,Ethyn Ewing,999,Rafael Estevam,999,False,False,KO/TKO
2026-04-11,UFC 327: Prochazka vs. Ulberg,Featherweight,Patricio Pitbull,999,Aaron Pico,61,False,False,U-DEC
2026-04-11,UFC 327: Prochazka vs. Ulberg,Middleweight,Kelvin Gastelum,26,Vicente Luque,999,False,False,SUB
2026-04-11,UFC 327: Prochazka vs. Ulberg,Welterweight,Charles Radtke,57,Francisco Prado,72,False,False,U-DEC
2026-04-11,UFC 327: Prochazka vs. Ulberg,Featherweight,Cub Swanson,19,Nate Landwehr,55,False,False,KO/TKO
2026-04-11,UFC 327: Prochazka vs. Ulberg,Lightweight,Mateusz Gamrot,7,Esteban Ribovics,20,False,False,SUB
2026-04-11,UFC 327: Prochazka vs. Ulberg,Lightweight,Chris Padilla,26,MarQuel Mederos,43,False,False,M-DEC
2026-04-11,UFC 327: Prochazka vs. Ulberg,Heavyweight,Curtis Blaydes,4,Josh Hokit,12,False,True,U-DEC
2026-04-11,UFC 327: Prochazka vs. Ulberg,Light Heavyweight,Jiri Prochazka,5,Carlos Ulberg,2,True,True,KO/TKO
2026-04-11,UFC 327: Prochazka vs. Ulberg,Light Heavyweight,Azamat Murzakanov,4,Paulo Costa,999,False,False,KO/TKO
2026-04-11,UFC 327: Prochazka vs. Ulberg,Welterweight,Kevin Holland,27,Randy Brown,17,False,False,U-DEC
2026-04-11,UFC 327: Prochazka vs. Ulberg,Light Heavyweight,Dominick Reyes,8,Johnny Walker,10,True,True,S-DEC
2026-04-11,UFC 327: Prochazka vs. Ulberg,Women's Strawweight,Tatiana Suarez,8,Loopy Godinez,11,True,True,SUB
2026-04-18,UFC Fight Night: Burns vs. Malott,Women's Flyweight,JJ Aldrich,19,Jamey-Lyn Horth,14,False,False,U-DEC
2026-04-18,UFC Fight Night: Burns vs. Malott,Welterweight,Gilbert Burns,27,Mike Malott,20,False,False,KO/TKO
2026-04-18,UFC Fight Night: Burns vs. Malott,Bantamweight,Jamie Siraj,999,John Yannis,999,False,False,KO/TKO
2026-04-18,UFC Fight Night: Burns vs. Malott,Women's Flyweight,Jasmine Jasudavicius,11,Karine Silva,15,False,True,U-DEC
2026-04-18,UFC Fight Night: Burns vs. Malott,Featherweight,Dennis Buzukja,999,Marcio Barbosa,999,False,False,KO/TKO
2026-04-18,UFC Fight Night: Burns vs. Malott,Heavyweight,Tanner Boser,999,Gokhan Saricam,999,False,False,KO/TKO
2026-04-18,UFC Fight Night: Burns vs. Malott,Middleweight,Julien Leblanc,999,Robert Valentin,76,False,False,SUB
2026-04-18,UFC Fight Night: Burns vs. Malott,Lightweight,Thiago Moises,59,Gauge Young,73,False,False,S-DEC
2026-04-18,UFC Fight Night: Burns vs. Malott,Bantamweight,Kyler Phillips,26,Charles Jourdain,23,False,False,U-DEC
2026-04-18,UFC Fight Night: Burns vs. Malott,Women's Bantamweight,Melissa Croden,15,Daria Zhelezniakova,10,False,True,U-DEC
2026-04-18,UFC Fight Night: Burns vs. Malott,Lightweight,Mandel Nallo,999,Jai Herbert,63,False,False,KO/TKO
2026-04-25,UFC Fight Night: Sterling vs. Zalal,Women's Strawweight,Talita Alencar,21,Julia Polastri,19,False,False,U-DEC
2026-04-25,UFC Fight Night: Sterling vs. Zalal,Welterweight,Max Griffin,41,Victor Valenzuela,999,False,False,U-DEC
2026-04-25,UFC Fight Night: Sterling vs. Zalal,Bantamweight,Montel Jackson,8,Raoni Barcelos,19,False,False,S-DEC
2026-04-25,UFC Fight Night: Sterling vs. Zalal,Middleweight,Rodolfo Vieira,41,Eric McConico,67,False,False,U-DEC
2026-04-25,UFC Fight Night: Sterling vs. Zalal,Heavyweight,Marcus Buchecha,35,Ryan Spann,19,False,False,KO/TKO
2026-04-25,UFC Fight Night: Sterling vs. Zalal,Lightweight,Rafa Garcia,38,Alexander Hernandez,23,False,False,U-DEC
2026-04-25,UFC Fight Night: Sterling vs. Zalal,Lightweight,Francis Marshall,999,Lucas Brennan,999,False,False,U-DEC
2026-04-25,UFC Fight Night: Sterling vs. Zalal,Women's Bantamweight,Norma Dumont,2,Joselyne Edwards,6,True,True,U-DEC
2026-04-25,UFC Fight Night: Sterling vs. Zalal,Bantamweight,Jafel Filho,999,Cody Durden,999,False,False,U-DEC
2026-04-25,UFC Fight Night: Sterling vs. Zalal,Women's Bantamweight,Mayra Bueno Silva,22,Michelle Montague,15,False,False,U-DEC
2026-04-25,UFC Fight Night: Sterling vs. Zalal,Middleweight,Jackson McVey,999,Sedriques Dumas,73,False,False,SUB
2026-04-25,UFC Fight Night: Sterling vs. Zalal,Featherweight,Aljamain Sterling,999,Youssef Zalal,13,False,False,U-DEC
2026-04-25,UFC Fight Night: Sterling vs. Zalal,Bantamweight,Davey Grant,41,Adrian Luna Martinetti,999,False,False,U-DEC
2026-05-02,UFC Fight Night: Della Maddalena vs. Prates,Bantamweight,Colby Thicknesse,61,Vince Morales,67,False,False,U-DEC
2026-05-02,UFC Fight Night: Della Maddalena vs. Prates,Light Heavyweight,Junior Tafa,36,Kevin Christian,40,False,False,KO/TKO
2026-05-02,UFC Fight Night: Della Maddalena vs. Prates,Heavyweight,Tai Tuivasa,26,Louie Sutherland,45,False,False,U-DEC
2026-05-02,UFC Fight Night: Della Maddalena vs. Prates,Middleweight,Cam Rowston,24,Robert Bryczek,48,False,False,U-DEC
2026-05-02,UFC Fight Night: Della Maddalena vs. Prates,Lightweight,Beneil Dariush,18,Quillan Salkilld,11,False,False,KO/TKO
2026-05-02,UFC Fight Night: Della Maddalena vs. Prates,Lightweight,Dom Mar Fan,54,Kody Steele,99,False,False,SUB
2026-05-02,UFC Fight Night: Della Maddalena vs. Prates,Welterweight,Jonathan Micallef,43,Themba Gorimbo,31,False,False,S-DEC
2026-05-02,UFC Fight Night: Della Maddalena vs. Prates,Middleweight,Ben Johnston,999,Wes Schultz,74,False,False,SUB
2026-05-02,UFC Fight Night: Della Maddalena vs. Prates,Heavyweight,Shamil Gaziev,24,Brando Pericic,14,False,False,KO/TKO
2026-05-02,UFC Fight Night: Della Maddalena vs. Prates,Flyweight,Tim Elliott,16,Steve Erceg,999,False,False,U-DEC
2026-05-02,UFC Fight Night: Della Maddalena vs. Prates,Featherweight,Marwan Rahiki,45,Ollie Schmid,999,False,False,KO/TKO
2026-05-02,UFC Fight Night: Della Maddalena vs. Prates,Welterweight,Jack Della Maddalena,5,Carlos Prates,11,True,True,KO/TKO
2026-05-02,UFC Fight Night: Della Maddalena vs. Prates,Middleweight,Jacob Malkoun,25,Gerald Meerschaert,64,False,False,U-DEC
2026-05-09,UFC 328: Chimaev vs. Strickland,Lightweight,King Green,15,Jeremy Stephens,81,False,False,SUB
2026-05-09,UFC 328: Chimaev vs. Strickland,Middleweight,Baisangur Susurkaev,37,Djorden Santos,56,False,False,SUB
2026-05-09,UFC 328: Chimaev vs. Strickland,Heavyweight,Alexander Volkov,1,Waldo Cortes Acosta,4,True,True,U-DEC
2026-05-09,UFC 328: Chimaev vs. Strickland,Featherweight,Pat Sabatini,16,William Gomis,23,False,False,U-DEC
2026-05-09,UFC 328: Chimaev vs. Strickland,Middleweight,Khamzat Chimaev,1,Sean Strickland,3,True,True,S-DEC
2026-05-09,UFC 328: Chimaev vs. Strickland,Middleweight,Ateba Gautier,26,Ozzy Diaz,58,False,False,KO/TKO
2026-05-09,UFC 328: Chimaev vs. Strickland,Welterweight,Sean Brady,8,Joaquin Buckley,12,False,True,U-DEC
2026-05-09,UFC 328: Chimaev vs. Strickland,Middleweight,Roman Kopylov,34,Marco Tulio,30,False,False,U-DEC
2026-05-09,UFC 328: Chimaev vs. Strickland,Flyweight,Joshua Van,4,Tatsuro Taira,1,True,True,KO/TKO
2026-05-09,UFC 328: Chimaev vs. Strickland,Lightweight,Jim Miller,42,Jared Gordon,40,False,False,SUB
2026-05-09,UFC 328: Chimaev vs. Strickland,Flyweight,Clayton Carpenter,25,Jose Ochoa,24,False,False,U-DEC
2026-05-09,UFC 328: Chimaev vs. Strickland,Welterweight,Joel Alvarez,13,Yaroslav Amosov,42,False,False,SUB
2026-05-09,UFC 328: Chimaev vs. Strickland,Lightweight,Grant Dawson,12,Mateusz Rebecki,29,False,False,SUB
2026-05-16,UFC Fight Night: Allen vs. Costa,Women's Strawweight,Shauna Bannon,32,Nicolle Caliari,999,False,False,SUB
2026-05-16,UFC Fight Night: Allen vs. Costa,Middleweight,Cody Brundage,59,Andre Petroski,49,False,False,KO/TKO
2026-05-16,UFC Fight Night: Allen vs. Costa,Women's Bantamweight,Ketlen Vieira,13,Jacqueline Cavalcanti,5,False,True,U-DEC
2026-05-16,UFC Fight Night: Allen vs. Costa,Light Heavyweight,Tuco Tokkos,35,Ivan Erslan,42,False,False,U-DEC
2026-05-16,UFC Fight Night: Allen vs. Costa,Bantamweight,Timmy Cuamba,52,Benardo Sopaj,61,False,False,SUB
2026-05-16,UFC Fight Night: Allen vs. Costa,Flyweight,Daniel Barez,47,Luis Gurule,49,False,False,U-DEC
2026-05-16,UFC Fight Night: Allen vs. Costa,Women's Strawweight,Alice Ardelean,23,Polyana Viana,34,False,False,SUB
2026-05-16,UFC Fight Night: Allen vs. Costa,Lightweight,Tommy Gantt,999,Artur Minev,999,False,False,KO/TKO
2026-05-16,UFC Fight Night: Allen vs. Costa,Featherweight,Arnold Allen,10,Melquizael Costa,8,True,True,U-DEC
2026-05-16,UFC Fight Night: Allen vs. Costa,Welterweight,Nikolay Veretennikov,61,Khaos Williams,43,False,False,KO/TKO
2026-05-16,UFC Fight Night: Allen vs. Costa,Bantamweight,Malcolm Wellmaker,999,Juan Diaz,999,False,False,SUB
2026-05-16,UFC Fight Night: Allen vs. Costa,Featherweight,Dooho Choi,33,Daniel Santos,999,False,False,KO/TKO
2026-05-30,UFC Fight Night: Song vs. Figueiredo,Bantamweight,Kai Asakura,999,Cameron Smotherman,62,False,False,KO/TKO
2026-05-30,UFC Fight Night: Song vs. Figueiredo,Bantamweight,Rei Tsuruya,999,Luis Gurule,999,False,False,SUB
2026-05-30,UFC Fight Night: Song vs. Figueiredo,Featherweight,Zhu Kangjie,999,Rodrigo Vera,999,False,False,KO/TKO
2026-05-30,UFC Fight Night: Song vs. Figueiredo,Women's Strawweight,Loma Lookboonmee,28,Jaqueline Amorim,20,False,False,SUB
2026-05-30,UFC Fight Night: Song vs. Figueiredo,Bantamweight,Aoriqileng,58,Cody Haddon,999,False,False,KO/TKO
2026-05-30,UFC Fight Night: Song vs. Figueiredo,Women's Strawweight,Angela Hill,24,Xiong Jingnan,999,False,False,U-DEC
2026-05-30,UFC Fight Night: Song vs. Figueiredo,Bantamweight,Song Yadong,7,Deiveson Figueiredo,18,False,False,SUB
2026-05-30,UFC Fight Night: Song vs. Figueiredo,Flyweight,Alex Perez,10,Sumudaerji,19,False,False,NC
2026-05-30,UFC Fight Night: Song vs. Figueiredo,Light Heavyweight,Zhang Mingyang,19,Alonzo Menifield,25,False,False,KO/TKO
2026-05-30,UFC Fight Night: Song vs. Figueiredo,Welterweight,Ding Meng,999,Jose Souza,999,False,False,S-DEC
2026-05-30,UFC Fight Night: Song vs. Figueiredo,Welterweight,Jake Matthews,32,Carlston Harris,36,False,False,U-DEC
2026-05-30,UFC Fight Night: Song vs. Figueiredo,Middleweight,YiSak Lee,999,Luis Felipe Dias,999,False,False,KO/TKO
2026-05-30,UFC Fight Night: Song vs. Figueiredo,Heavyweight,Sergei Pavlovich,3,Tallison Teixeira,20,False,False,KO/TKO
2026-06-06,UFC Fight Night: Muhammad vs. Bonfim,Flyweight,Bruno Silva,31,Edgar Chairez,26,False,False,SUB
2026-06-06,UFC Fight Night: Muhammad vs. Bonfim,Middleweight,Brendan Allen,11,Edmen Shahbazyan,23,False,False,U-DEC
2026-06-06,UFC Fight Night: Muhammad vs. Bonfim,Featherweight,Jordan Leavitt,26,Joanderson Brito,16,False,False,SUB
2026-06-06,UFC Fight Night: Muhammad vs. Bonfim,Lightweight,Fares Ziam,17,Tom Nolan,35,False,False,U-DEC
2026-06-06,UFC Fight Night: Muhammad vs. Bonfim,Welterweight,Belal Muhammad,7,Gabriel Bonfim,9,True,True,U-DEC
2026-06-06,UFC Fight Night: Muhammad vs. Bonfim,Bantamweight,Marcus McGhee,12,John Yannis,52,False,False,U-DEC
2026-06-06,UFC Fight Night: Muhammad vs. Bonfim,Women's Bantamweight,Priscila Cachoeira,26,Chelsea Chandler,27,False,False,SUB
2026-06-06,UFC Fight Night: Muhammad vs. Bonfim,Women's Flyweight,Jeisla Chaves,999,Yuneisy Duben,29,False,False,S-DEC
2026-06-06,UFC Fight Night: Muhammad vs. Bonfim,Women's Strawweight,Ketlen Souza,29,Ariane Carnelossi,35,False,False,KO/TKO
2026-06-06,UFC Fight Night: Muhammad vs. Bonfim,Light Heavyweight,Iwo Baraniewski,22,Junior Tafa,31,False,False,KO/TKO
2026-06-06,UFC Fight Night: Muhammad vs. Bonfim,Bantamweight,Bryce Mitchell,18,Santiago Luna,29,False,False,SUB
2026-06-14,UFC Freedom 250,Middleweight,Bo Nickal,24,Kyle Daukaus,36,False,False,KO/TKO
2026-06-14,UFC Freedom 250,Featherweight,Diego Lopes,3,Steve Garcia,5,True,True,KO/TKO
2026-06-14,UFC Freedom 250,Heavyweight,Josh Hokit,6,Derrick Lewis,11,True,True,KO/TKO
2026-06-14,UFC Freedom 250,Heavyweight,Alex Pereira,999,Ciryl Gane,999,False,False,KO/TKO
2026-06-14,UFC Freedom 250,Bantamweight,Sean O'Malley,5,Aiemann Zahabi,15,False,True,KO/TKO
2026-06-14,UFC Freedom 250,Lightweight,Ilia Topuria,1,Justin Gaethje,6,True,True,KO/TKO
2026-06-14,UFC Freedom 250,Lightweight,Mauricio Ruffy,16,Michael Chandler,30,False,False,KO/TKO
2026-06-20,UFC Fight Night: Kape vs. Horiguchi,Flyweight,Andre Lima,11,Kevin Borjas,43,False,False,U-DEC
2026-06-20,UFC Fight Night: Kape vs. Horiguchi,Flyweight,Manel Kape,2,Kyoji Horiguchi,13,False,True,KO/TKO
2026-06-20,UFC Fight Night: Kape vs. Horiguchi,Flyweight,Allan Nascimento,999,Mitch Raposo,30,False,False,S-DEC
2026-06-20,UFC Fight Night: Kape vs. Horiguchi,Featherweight,Vinicius Oliveira,999,Andre Fili,54,False,False,KO/TKO
2026-06-20,UFC Fight Night: Kape vs. Horiguchi,Welterweight,Leon Shahbazyan,999,Levan Chokheli,999,False,False,KO/TKO
2026-06-20,UFC Fight Night: Kape vs. Horiguchi,Featherweight,Gaston Bolanos,999,Michael Aswell Jr.,64,False,False,U-DEC
2026-06-20,UFC Fight Night: Kape vs. Horiguchi,Featherweight,Shane Collins,999,Otari Tanzilovi,999,False,False,U-DEC
2026-06-20,UFC Fight Night: Kape vs. Horiguchi,Featherweight,Hyder Amil,58,Christian Rodriguez,27,False,False,SUB
2026-06-20,UFC Fight Night: Kape vs. Horiguchi,Light Heavyweight,Ion Cutelaba,17,Navajo Stirling,12,False,False,KO/TKO
2026-06-20,UFC Fight Night: Kape vs. Horiguchi,Women's Bantamweight,Karol Rosa,8,Luana Santos,9,True,True,U-DEC
2026-06-20,UFC Fight Night: Kape vs. Horiguchi,Women's Bantamweight,Bia Mesquita,5,Melissa Mullins,21,False,False,SUB
2026-06-20,UFC Fight Night: Kape vs. Horiguchi,Featherweight,Melsik Baghdasaryan,57,Murtazali Magomedov,999,False,False,SUB
2026-06-27,UFC Fight Night: Fiziev vs. Torres,Middleweight,Shara Magomedov,23,Michel Pereira,34,False,False,U-DEC
2026-06-27,UFC Fight Night: Fiziev vs. Torres,Welterweight,Daniil Donchenko,31,Theodor Berggren,999,False,False,KO/TKO
2026-06-27,UFC Fight Night: Fiziev vs. Torres,Featherweight,Kaan Ofli,62,Javier Reyes,30,False,False,SUB
2026-06-27,UFC Fight Night: Fiziev vs. Torres,Middleweight,Abus Magomedov,25,Michal Oleksiejczuk,22,False,False,SUB
2026-06-27,UFC Fight Night: Fiziev vs. Torres,Light Heavyweight,Abdul Rakhman Yakhyaev,21,Julius Walker,29,False,False,KO/TKO
2026-06-27,UFC Fight Night: Fiziev vs. Torres,Middleweight,Nursulton Ruziboev,28,Andrey Pulyaev,45,False,False,SUB
2026-06-27,UFC Fight Night: Fiziev vs. Torres,Welterweight,Farman Hasanov,999,Eric Nolan,999,False,False,U-DEC
2026-06-27,UFC Fight Night: Fiziev vs. Torres,Lightweight,Nazim Sadykhov,33,Matheus Camilo,85,False,False,KO/TKO
2026-06-27,UFC Fight Night: Fiziev vs. Torres,Flyweight,Asu Almabayev,5,Charles Johnson,20,False,False,SUB
2026-06-27,UFC Fight Night: Fiziev vs. Torres,Bantamweight,Bekzat Almakhan,55,Jean Matsumoto,33,False,False,U-DEC
2026-06-27,UFC Fight Night: Fiziev vs. Torres,Lightweight,Rafael Fiziev,21,Manuel Torres,11,False,False,KO/TKO
2026-06-27,UFC Fight Night: Fiziev vs. Torres,Middleweight,Ikram Aliskerov,8,Brunno Ferreira,36,False,False,U-DEC
2026-06-27,UFC Fight Night: Fiziev vs. Torres,Welterweight,Tahir Abdullayev,999,Jefferson Nascimento,999,False,False,KO/TKO
2026-07-11,UFC 329: McGregor vs. Holloway 2,Middleweight,Ryan Gandra,44,Zach Reese,49,False,False,KO/TKO
2026-07-11,UFC 329: McGregor vs. Holloway 2,Heavyweight,Gable Steveson,999,Elisha Ellison,46,False,False,KO/TKO
2026-07-11,UFC 329: McGregor vs. Holloway 2,Lightweight,Benoit Saint Denis,6,Paddy Pimblett,9,True,True,SUB
2026-07-11,UFC 329: McGregor vs. Holloway 2,Flyweight,Alessandro Costa,999,Cody Durden,999,False,False,SUB
2026-07-11,UFC 329: McGregor vs. Holloway 2,Light Heavyweight,Nikita Krylov,18,Robert Whittaker,999,False,False,KO/TKO
2026-07-11,UFC 329: McGregor vs. Holloway 2,Featherweight,Luke Riley,27,Kai Kamaka III,999,False,False,KO/TKO
2026-07-11,UFC 329: McGregor vs. Holloway 2,Welterweight,Conor McGregor,999,Max Holloway,999,False,False,KO/TKO
2026-07-11,UFC 329: McGregor vs. Holloway 2,Bantamweight,Farid Basharat,9,John Garza,999,False,False,U-DEC
2026-07-11,UFC 329: McGregor vs. Holloway 2,Lightweight,King Green,14,Terrance McKinney,36,False,False,KO/TKO
2026-07-11,UFC 329: McGregor vs. Holloway 2,Flyweight,Brandon Royval,7,Lone'er Kavanagh,16,False,True,SUB
2026-07-11,UFC 329: McGregor vs. Holloway 2,Middleweight,Damian Pinas,34,Cesar Almeida,50,False,False,KO/TKO
2026-07-11,UFC 329: McGregor vs. Holloway 2,Bantamweight,Cory Sandhagen,4,Mario Bautista,7,True,True,U-DEC
2026-07-11,UFC 329: McGregor vs. Holloway 2,Women's Flyweight,Tracy Cortez,8,Wang Cong,999,False,False,U-DEC
2026-07-11,UFC 329: McGregor vs. Holloway 2,Bantamweight,Cody Garbrandt,42,Adrian Yanez,25,False,False,KO/TKO
2026-07-18,UFC Fight Night: Du Plessis vs. Usman,Women's Flyweight,Anna Melisano,999,Dione Barbosa,16,False,False,SUB
2026-07-18,UFC Fight Night: Du Plessis vs. Usman,Featherweight,Austin Bashi,48,Jose Delgado,12,False,False,U-DEC
2026-07-18,UFC Fight Night: Du Plessis vs. Usman,Flyweight,Alden Coria,14,Stewart Nicoll,47,False,False,U-DEC
2026-07-18,UFC Fight Night: Du Plessis vs. Usman,Light Heavyweight,Levi Rodrigues Jr.,999,Felipe Franco,999,False,False,KO/TKO
2026-07-18,UFC Fight Night: Du Plessis vs. Usman,Middleweight,Jared Cannonier,14,Christian Leroy Duncan,12,False,True,U-DEC
2026-07-18,UFC Fight Night: Du Plessis vs. Usman,Women's Strawweight,Tabatha Ricci,12,Fatima Kline,3,False,True,U-DEC
2026-07-18,UFC Fight Night: Du Plessis vs. Usman,Middleweight,Dricus Du Plessis,2,Kamaru Usman,999,False,False,U-DEC
2026-07-18,UFC Fight Night: Du Plessis vs. Usman,Featherweight,Ezra Elliott,999,Damien Anderson,999,False,False,U-DEC
2026-07-18,UFC Fight Night: Du Plessis vs. Usman,Featherweight,Tommy McMillen,42,Alberto Montes,56,False,False,KO/TKO
2026-07-18,UFC Fight Night: Du Plessis vs. Usman,Heavyweight,RJ Harris,999,Alvin Hines,42,False,False,KO/TKO
2026-07-18,UFC Fight Night: Du Plessis vs. Usman,Lightweight,Chase Hooper,50,Mitch Ramirez,86,False,False,SUB
2026-07-18,UFC Fight Night: Du Plessis vs. Usman,Welterweight,Jean-Paul Lebosnoyani,57,Seokhyeon Ko,26,False,False,U-DEC
2026-07-25,UFC Fight Night: Ankalaev vs. Guskov,Light Heavyweight,Dustin Jacoby,13,Muhammad Saidov,999,False,False,KO/TKO
2026-07-25,UFC Fight Night: Ankalaev vs. Guskov,Lightweight,Nurullo Aliev,38,Mike Davis,47,False,False,U-DEC
2026-07-25,UFC Fight Night: Ankalaev vs. Guskov,Light Heavyweight,Magomed Tuchalov,999,Brendson Ribeiro,37,False,False,U-DEC
2026-07-25,UFC Fight Night: Ankalaev vs. Guskov,Lightweight,Magomed Zaynukov,999,Damian Rzepecki,999,False,False,U-DEC
2026-07-25,UFC Fight Night: Ankalaev vs. Guskov,Bantamweight,Cody Gibson,66,Abdul Hussein,999,False,False,SUB
2026-07-25,UFC Fight Night: Ankalaev vs. Guskov,Heavyweight,Rizvan Kuniev,16,Tyrell Fortune,24,False,False,KO/TKO
2026-07-25,UFC Fight Night: Ankalaev vs. Guskov,Welterweight,Abubakar Vagaev,999,Saygid Izagakhmaev,64,False,False,U-DEC
2026-07-25,UFC Fight Night: Ankalaev vs. Guskov,Light Heavyweight,Magomed Ankalaev,2,Bogdan Guskov,11,True,True,KO/TKO
2026-07-25,UFC Fight Night: Ankalaev vs. Guskov,Lightweight,Ismael Bonfim,66,Axel Sola,65,False,False,SUB
2026-07-25,UFC Fight Night: Ankalaev vs. Guskov,Flyweight,Steve Erceg,13,Ramazan Temirov,11,False,True,KO/TKO
2026-07-25,UFC Fight Night: Ankalaev vs. Guskov,Heavyweight,Valter Walker,10,Thomas Petersen,28,False,False,SUB
2026-07-25,UFC Fight Night: Ankalaev vs. Guskov,Welterweight,Santiago Ponzinibbio,34,Sam Patterson,32,False,False,KO/TKO
2026-08-01,UFC Fight Night: Medic vs. Rodriguez,Light Heavyweight,Jan Blachowicz,9,Navajo Stirling,7,True,True,KO/TKO
2026-08-01,UFC Fight Night: Medic vs. Rodriguez,Featherweight,Dennis Buzukja,89,Bogdan Grad,67,False,False,SUB
2026-08-01,UFC Fight Night: Medic vs. Rodriguez,Bantamweight,Borislav Nikolic,999,Mark Vologdin,999,False,False,U-DEC
2026-08-01,UFC Fight Night: Medic vs. Rodriguez,Lightweight,Mateusz Rebecki,31,Kyle Prepolec,92,False,False,KO/TKO
2026-08-01,UFC Fight Night: Medic vs. Rodriguez,Welterweight,Uros Medic,27,Daniel Rodriguez,16,False,False,KO/TKO
2026-08-01,UFC Fight Night: Medic vs. Rodriguez,Middleweight,Vlasto Cepo,999,Gilbert Urbina,999,False,False,KO/TKO
2026-08-01,UFC Fight Night: Medic vs. Rodriguez,Women's Strawweight,Marina Spasic,999,Stephanie Luciano,22,False,False,SUB
2026-08-01,UFC Fight Night: Medic vs. Rodriguez,Heavyweight,Jovan Leka,999,Alexander Poppeck,999,False,False,KO/TKO
2026-08-01,UFC Fight Night: Medic vs. Rodriguez,Heavyweight,Aleksandar Rakic,999,Marcin Tybura,18,False,False,U-DEC
2026-08-01,UFC Fight Night: Medic vs. Rodriguez,Welterweight,Oban Elliott,65,Michael Oliveira,999,False,False,KO/TKO
2026-08-01,UFC Fight Night: Medic vs. Rodriguez,Middleweight,Dusko Todorovic,66,Robert Valentin,64,False,False,SUB
2026-08-01,UFC Fight Night: Medic vs. Rodriguez,Women's Bantamweight,Nina Milosevic,999,Hailey Cowan,27,False,False,KO/TKO
2026-08-01,UFC Fight Night: Medic vs. Rodriguez,Lightweight,Ludovit Klein,25,Tofiq Musayev,56,False,False,KO/TKO
2026-08-01,UFC Fight Night: Medic vs. Rodriguez,Lightweight,Milos Janicic,999,Noah Gugnon,999,False,False,SUB
2026-08-08,UFC Fight Night: Gamrot vs. Salkilld,Featherweight,Darren Elkins,51,Yadier del Valle,44,False,False,KO/TKO
2026-08-08,UFC Fight Night: Gamrot vs. Salkilld,Featherweight,Miles Johns,999,Gianni Vazquez,999,False,False,KO/TKO
2026-08-08,UFC Fight Night: Gamrot vs. Salkilld,Light Heavyweight,Diyar Nurgozhay,33,Bruno Lopes,35,False,False,KO/TKO
2026-08-08,UFC Fight Night: Gamrot vs. Salkilld,Women's Strawweight,Amanda Lemos,8,Alexia Thainara,10,True,True,U-DEC
2026-08-08,UFC Fight Night: Gamrot vs. Salkilld,Heavyweight,Steven Asplund,27,Guilherme Pat,34,False,False,U-DEC
2026-08-08,UFC Fight Night: Gamrot vs. Salkilld,Heavyweight,Louie Sutherland,33,Jose Montanha,999,False,False,SUB
2026-08-08,UFC Fight Night: Gamrot vs. Salkilld,Lightweight,Manoel Sousa,61,Richie Miranda,999,False,False,U-DEC
2026-08-08,UFC Fight Night: Gamrot vs. Salkilld,Lightweight,Mateusz Gamrot,6,Quillan Salkilld,7,True,True,SUB
2026-08-08,UFC Fight Night: Gamrot vs. Salkilld,Women's Flyweight,Juliana Miller,30,Ravena Oliveira,999,False,False,SUB
2026-08-08,UFC Fight Night: Gamrot vs. Salkilld,Lightweight,Diego Ferreira,24,Billy Quarantillo,999,False,False,U-DEC
2026-08-08,UFC Fight Night: Gamrot vs. Salkilld,Women's Strawweight,Gigi Canuto,999,Carol Foro,999,False,False,U-DEC
2026-08-08,UFC Fight Night: Gamrot vs. Salkilld,Welterweight,Billy Ray Goff,67,Ty Miller,52,False,False,KO/TKO
2026-08-15,UFC 330: Makhachev vs. Machado Garry,Light Heavyweight,Rafael Tobias,43,Lucas Fernando,999,False,False,KO/TKO
2026-08-15,UFC 330: Makhachev vs. Machado Garry,Welterweight,Islam Makhachev,1,Ian Machado Garry,4,True,True,U-DEC
2026-08-15,UFC 330: Makhachev vs. Machado Garry,Women's Strawweight,Mackenzie Dern,9,Gillian Robertson,6,True,True,U-DEC
2026-08-15,UFC 330: Makhachev vs. Machado Garry,Middleweight,Mansur Abdul-Malik,50,Dustin Stoltzfus,56,False,False,SUB
2026-08-15,UFC 330: Makhachev vs. Machado Garry,Welterweight,Chidi Njokuani,58,Joel Alvarez,22,False,False,U-DEC
2026-08-15,UFC 330: Makhachev vs. Machado Garry,Lightweight,Edson Barboza,50,Esteban Ribovics,27,False,False,KO/TKO
2026-08-15,UFC 330: Makhachev vs. Machado Garry,Middleweight,Donte Johnson,43,Eric McConico,57,False,False,KO/TKO
2026-08-15,UFC 330: Makhachev vs. Machado Garry,Lightweight,Jalin Turner,14,Kaue Fernandes,17,False,False,KO/TKO
2026-08-15,UFC 330: Makhachev vs. Machado Garry,Welterweight,Jeremiah Wells,30,Myktybek Orolbai,13,False,False,SUB
2026-08-15,UFC 330: Makhachev vs. Machado Garry,Welterweight,Neil Magny,38,Ramiz Brahimaj,57,False,False,KO/TKO
2026-08-15,UFC 330: Makhachev vs. Machado Garry,Middleweight,Vicente Luque,21,Tresean Gore,62,False,False,U-DEC
2026-08-22,UFC Fight Night: Hernandez vs. Rodrigues,Light Heavyweight,Reinier de Ridder,999,Roman Dolidze,999,False,False,KO/TKO
2026-08-22,UFC Fight Night: Hernandez vs. Rodrigues,Lightweight,Gauge Young,48,Stan Dorsainvil,999,False,False,U-DEC
2026-08-22,UFC Fight Night: Hernandez vs. Rodrigues,Middleweight,Wes Schultz,60,Jackson McVey,52,False,False,KO/TKO
2026-08-22,UFC Fight Night: Hernandez vs. Rodrigues,Featherweight,Jamall Emmers,34,Lerryan Douglas,32,False,False,KO/TKO
2026-08-22,UFC Fight Night: Hernandez vs. Rodrigues,Heavyweight,Kennedy Nzechukwu,29,Shamil Gaziev,31,False,False,KO/TKO
2026-08-22,UFC Fight Night: Hernandez vs. Rodrigues,Featherweight,Marcio Barbosa,49,Ryan Kuse,999,False,False,KO/TKO
2026-08-22,UFC Fight Night: Hernandez vs. Rodrigues,Women's Strawweight,Shanelle Dyer,26,Elise Reed,38,False,False,KO/TKO
2026-08-22,UFC Fight Night: Hernandez vs. Rodrigues,Women's Flyweight,Carli Judice,11,Jeisla Chaves,24,False,False,KO/TKO
2026-08-22,UFC Fight Night: Hernandez vs. Rodrigues,Heavyweight,Serghei Spivac,13,Vitor Petrino,17,False,False,U-DEC
2026-08-22,UFC Fight Night: Hernandez vs. Rodrigues,Heavyweight,Anthony Wint,999,Terrance Chatman,999,False,False,SUB
2026-08-22,UFC Fight Night: Hernandez vs. Rodrigues,Lightweight,Chris Padilla,19,Nasrat Haqparast,35,False,False,SUB
2026-08-22,UFC Fight Night: Hernandez vs. Rodrigues,Lightweight,MarQuel Mederos,50,Mason Jones,22,False,False,KO/TKO
2026-08-22,UFC Fight Night: Hernandez vs. Rodrigues,Middleweight,Anthony Hernandez,8,Gregory Rodrigues,10,True,True,U-DEC
2026-08-29,UFC Fight Night: Nurmagomedov vs. Song,Flyweight,Bilal Hasan,999,Nilson Rojas,999,False,False,KO/TKO
2026-08-29,UFC Fight Night: Nurmagomedov vs. Song,Bantamweight,Umar Nurmagomedov,2,Song Yadong,7,True,True,KO/TKO
2026-08-29,UFC Fight Night: Nurmagomedov vs. Song,Flyweight,Alex Perez,11,Sumudaerji,17,False,False,U-DEC
2026-08-29,UFC Fight Night: Nurmagomedov vs. Song,Bantamweight,Aoriqileng,66,Kai Asakura,48,False,False,KO/TKO
2026-08-29,UFC Fight Night: Nurmagomedov vs. Song,Women's Strawweight,Xiong Jingnan,38,Julia Polastri,25,False,False,KO/TKO
2026-08-29,UFC Fight Night: Nurmagomedov vs. Song,Bantamweight,Xiao Long,49,Francesco Nuzzi,999,False,False,KO/TKO
2026-08-29,UFC Fight Night: Nurmagomedov vs. Song,Welterweight,Ding Meng,72,Cam Nelson,999,False,False,U-DEC
2026-08-29,UFC Fight Night: Nurmagomedov vs. Song,Women's Strawweight,Yan Xiaonan,4,Denise Gomes,8,True,True,KO/TKO
2026-08-29,UFC Fight Night: Nurmagomedov vs. Song,Flyweight,Namsrai Batbayar,999,Andre Lima,26,False,False,SUB
2026-08-29,UFC Fight Night: Nurmagomedov vs. Song,Featherweight,Jack Jenkins,52,Sean Woodson,26,False,False,S-DEC
2026-08-29,UFC Fight Night: Nurmagomedov vs. Song,Bantamweight,Lawrence Lui,54,Hector Santiago,999,False,False,KO/TKO
2026-08-29,UFC Fight Night: Nurmagomedov vs. Song,Flyweight,Rei Tsuruya,999,Kevin Borjas,43,False,False,SUB
2026-08-29,UFC Fight Night: Nurmagomedov vs. Song,Light Heavyweight,Liu Ce,999,Levi Rodrigues Jr.,43,False,False,KO/TKO
2026-09-05,UFC Fight Night: Hooker vs. Parnasse,Flyweight,Michael Aljarouj,999,Fabia Sintes,999,False,False,U-DEC
2026-09-05,UFC Fight Night: Hooker vs. Parnasse,Lightweight,Fares Ziam,20,Axel Sola,39,False,False,KO/TKO
2026-09-05,UFC Fight Night: Hooker vs. Parnasse,Women's Bantamweight,Nora Cornolle,17,Klaudia Sygula,14,False,False,U-DEC
2026-09-05,UFC Fight Night: Hooker vs. Parnasse,Welterweight,Daniil Donchenko,19,Punahele Soriano,44,False,False,U-DEC
2026-09-05,UFC Fight Night: Hooker vs. Parnasse,Women's Strawweight,Delphine Benouaich,999,Sofia Montenegro,999,False,False,SUB
2026-09-05,UFC Fight Night: Hooker vs. Parnasse,Light Heavyweight,Oumar Sy,27,Modestas Bukauskas,999,False,False,KO/TKO
2026-09-05,UFC Fight Night: Hooker vs. Parnasse,Featherweight,Nathaniel Wood,19,Pavel Andrusca,999,False,False,U-DEC
2026-09-05,UFC Fight Night: Hooker vs. Parnasse,Featherweight,Morgan Charriere,44,Felipe Lima,999,False,False,U-DEC
2026-09-05,UFC Fight Night: Hooker vs. Parnasse,Heavyweight,Mario Pinto,14,Ryan Spann,18,False,False,KO/TKO
2026-09-05,UFC Fight Night: Hooker vs. Parnasse,Featherweight,Losene Keita,61,Muhammad Naimov,50,False,False,KO/TKO
2026-09-05,UFC Fight Night: Hooker vs. Parnasse,Lightweight,Dan Hooker,29,Salahdine Parnasse,999,False,False,KO/TKO
2026-09-05,UFC Fight Night: Hooker vs. Parnasse,Middleweight,Michael Page,999,Nursulton Ruziboev,22,False,False,U-DEC
2026-09-05,UFC Fight Night: Hooker vs. Parnasse,Featherweight,Kurtis Campbell,76,Trevor Peek,999,False,False,SUB
2026-09-05,UFC Fight Night: Hooker vs. Parnasse,Middleweight,Matthieu Duclos,999,Luis Felipe Dias,38,False,False,KO/TKO
2026-09-12,Noche UFC: Silva vs. Delgado,Featherweight,Jean Silva,6,Jose Delgado,17,False,False,SUB
2026-09-12,Noche UFC: Silva vs. Delgado,Welterweight,Ignacio Bahamondes,999,Muslim Salikhov,38,False,False,U-DEC
2026-09-12,Noche UFC: Silva vs. Delgado,Lightweight,Drakkar Klose,36,Tommy Gantt,49,False,False,SUB
2026-09-12,Noche UFC: Silva vs. Delgado,Flyweight,Brandon Moreno,11,Joseph Morales,16,False,True,S-DEC
2026-09-12,Noche UFC: Silva vs. Delgado,Featherweight,Tommy McMillen,20,Marwan Rahiki,28,False,False,U-DEC
2026-09-12,Noche UFC: Silva vs. Delgado,Bantamweight,David Martinez,8,Dan Ige,999,False,False,U-DEC
2026-09-12,Noche UFC: Silva vs. Delgado,Featherweight,Sean King III,999,Jessie Rosas,999,False,False,KO/TKO
2026-09-12,Noche UFC: Silva vs. Delgado,Heavyweight,Waldo Cortes Acosta,8,Curtis Blaydes,7,True,True,U-DEC
2026-09-12,Noche UFC: Silva vs. Delgado,Women's Flyweight,JJ Aldrich,20,Regina Tarin,999,False,False,U-DEC
2026-09-12,Noche UFC: Silva vs. Delgado,Middleweight,Yousri Belgaroui,15,Djorden Santos,63,False,False,KO/TKO
2026-09-12,Noche UFC: Silva vs. Delgado,Lightweight,Rafa Garcia,27,Rongzhu,58,False,False,U-DEC
2026-09-12,Noche UFC: Silva vs. Delgado,Women's Flyweight,Manon Fiorot,3,Alexa Grasso,8,True,True,U-DEC
2026-09-19,UFC 331: Van vs. Pantoja 2,Heavyweight,Gable Steveson,23,Sean Sharaf,51,False,False,KO/TKO
2026-09-19,UFC 331: Van vs. Pantoja 2,Light Heavyweight,Alonzo Menifield,22,Iwo Baraniewski,17,False,False,S-DEC
2026-09-19,UFC 331: Van vs. Pantoja 2,Featherweight,Giga Chikadze,34,Joanderson Brito,13,False,False,KO/TKO
2026-09-19,UFC 331: Van vs. Pantoja 2,Heavyweight,Tai Tuivasa,33,Robelis Despaigne,999,False,False,S-DEC
2026-09-19,UFC 331: Van vs. Pantoja 2,Middleweight,Ryan Gandra,25,Ozzy Diaz,64,False,False,KO/TKO
2026-09-19,UFC 331: Van vs. Pantoja 2,Flyweight,Joshua Van,1,Alexandre Pantoja,3,True,True,U-DEC
2026-09-19,UFC 331: Van vs. Pantoja 2,Women's Flyweight,Casey O'Neill,14,Eduarda Moura,999,False,False,SUB
2026-09-19,UFC 331: Van vs. Pantoja 2,Middleweight,Edmen Shahbazyan,22,Brunno Ferreira,40,False,False,U-DEC
2026-09-19,UFC 331: Van vs. Pantoja 2,Bantamweight,Marlon Vera,29,Charles Jourdain,18,False,False,KO/TKO
2026-09-19,UFC 331: Van vs. Pantoja 2,Featherweight,Michael Aswell Jr.,71,JooSang Yoo,999,False,False,S-DEC
2026-09-19,UFC 331: Van vs. Pantoja 2,Featherweight,Patricio Pitbull,85,Dooho Choi,29,False,False,KO/TKO
2026-09-19,UFC 331: Van vs. Pantoja 2,Lightweight,Arman Tsarukyan,4,Mauricio Ruffy,14,False,True,KO/TKO
2026-09-26,UFC Fight Night: Rosas Jr. vs. Barcelos,Bantamweight,Raul Rosas Jr.,20,Raoni Barcelos,14,False,False,KO/TKO
2026-09-26,UFC Fight Night: Rosas Jr. vs. Barcelos,Lightweight,Elves Brener,68,Josiah Harrell,999,False,False,KO/TKO
2026-09-26,UFC Fight Night: Rosas Jr. vs. Barcelos,Bantamweight,Brady Hiestand,999,Rinya Nakamura,19,False,False,SUB
2026-09-26,UFC Fight Night: Rosas Jr. vs. Barcelos,Light Heavyweight,Rodolfo Bellato,27,Christian Edwards,999,False,False,KO/TKO
2026-09-26,UFC Fight Night: Rosas Jr. vs. Barcelos,Bantamweight,Mahammadali Osmanli,999,Ilimbek Akylbek,999,False,False,DQ
2026-09-26,UFC Fight Night: Rosas Jr. vs. Barcelos,Bantamweight,John Castaneda,999,Alatengheili,54,False,False,S-DEC
2026-09-26,UFC Fight Night: Rosas Jr. vs. Barcelos,Middleweight,Rodolfo Vieira,48,Robert Bryczek,59,False,False,U-DEC
2026-09-26,UFC Fight Night: Rosas Jr. vs. Barcelos,Women's Bantamweight,Norma Dumont,4,Ailin Perez,2,True,True,U-DEC
2026-09-26,UFC Fight Night: Rosas Jr. vs. Barcelos,Women's Strawweight,Melissa Amaya,999,Tina Black,999,False,False,KO/TKO
2026-09-26,UFC Fight Night: Rosas Jr. vs. Barcelos,Light Heavyweight,Luis Hernandez,999,Sedriques Dumas,999,False,False,SUB
2026-09-26,UFC Fight Night: Rosas Jr. vs. Barcelos,Bantamweight,Montel Jackson,13,Ricky Simon,38,False,False,KO/TKO
2026-09-26,UFC Fight Night: Rosas Jr. vs. Barcelos,Women's Strawweight,Vanessa Demopoulos,999,Yazmin Jauregui,999,False,False,KO/TKO
