fighter,division,last_fight,days_since,rating,ufc_bouts,wins,losses,top15_wins,form_3y,bouts_3y,record_3y,slpm,sapm,diff_pm,kd_p15,td_p15,sub_p15,finish_loss_rate,bouts_2y,activity,p_rating,p_form,p_entrench,p_offense,p_activity,p_durability,score,rank,rank_p10,rank_p90,champion,rank_all
Merab Dvalishvili,Bantamweight,2025-12-06,294,1934.09590301129,17,14,3,8,75.52438413981145,6.0,5-1,4.371626831148805,3.3153430994602933,1.056283731688512,0.0,5.20431765612953,0.46260601387818046,0.0,4.0,3.3666666666666667,1.0,0.8791208791208791,0.9423076923076923,0.9010989010989011,0.7252747252747253,0.8351648351648352,0.9362637362637363,1,1.0,1.0,False,1
Mario Bautista,Bantamweight,2026-07-11,77,1806.3753922374415,15,12,3,3,147.1208887384439,6.0,5-1,5.69799449469131,4.140778607943374,1.5572158867479355,0.3539127015336217,2.300432559968541,0.8847817538340543,0.0,5.0,5.0,0.945054945054945,0.978021978021978,0.8681318681318682,0.9120879120879121,0.9560439560439561,0.6703296703296703,0.9027472527472529,2,2.0,3.0,False,2
Petr Yan,Bantamweight,2025-12-06,294,1864.2308303619136,16,12,4,8,98.69086183548234,4.0,4-0,5.5,4.2125,1.2875,0.0,1.6875,0.0,0.0,3.0,2.3666666666666667,0.989010989010989,0.945054945054945,0.9258241758241759,0.6593406593406593,0.489010989010989,0.6373626373626373,0.8788461538461539,0,2.0,4.0,True,3
Umar Nurmagomedov,Bantamweight,2026-08-29,28,1834.7192300986487,10,8,2,2,32.41377285498288,6.0,4-2,3.4282907662082516,2.200392927308448,1.2278978388998036,0.0,3.8310412573673873,0.0,0.16666666666666666,4.0,4.0,0.978021978021978,0.7362637362637363,0.7857142857142858,0.6813186813186813,0.8241758241758241,0.8021978021978022,0.8604395604395604,3,3.0,5.0,False,4
Song Yadong,Bantamweight,2026-08-29,28,1810.906750170038,18,13,4,4,46.37055710067261,6.0,4-2,3.6763005780346822,3.7341040462427744,-0.057803468208092484,0.17341040462427745,1.2138728323699421,0.3468208092485549,0.0,4.0,4.0,0.9560439560439561,0.7802197802197802,0.9340659340659341,0.4065934065934066,0.8241758241758241,0.7472527472527473,0.8516483516483515,4,4.0,6.0,False,5
Raul Rosas Jr.,Bantamweight,2026-09-26,0,1710.358891318484,9,8,1,1,82.3623160530376,5.0,5-0,2.5,2.472972972972973,0.02702702702702703,0.0,5.675675675675675,0.20270270270270271,0.0,3.0,3.0,0.8571428571428571,0.9010989010989011,0.7335164835164836,0.7142857142857143,0.6263736263736264,0.945054945054945,0.8197802197802198,5,6.0,8.0,False,6
Raoni Barcelos,Bantamweight,2026-09-26,0,1673.035584818126,16,11,5,2,73.25638406255052,6.0,5-1,3.9701173959445044,3.425827107790822,0.5442902881536821,0.0,4.3223052294557105,1.7609391675560302,0.16666666666666666,5.0,5.0,0.7912087912087912,0.8681318681318682,0.8681318681318682,0.9340659340659341,0.9560439560439561,0.5494505494505495,0.8126373626373627,6,6.0,11.0,False,7
Sean O'Malley,Bantamweight,2026-06-14,104,1822.0284619147908,15,12,3,5,7.815642754679629,5.0,3-2,4.474079639368895,3.279489105935387,1.1945905334335085,0.169045830202855,0.0,0.0,0.2,3.0,3.0,0.967032967032967,0.6373626373626373,0.8901098901098901,0.3956043956043956,0.6263736263736264,0.5054945054945055,0.7983516483516484,7,6.0,13.0,False,8
Montel Jackson,Bantamweight,2026-09-26,0,1732.8595681176491,14,10,4,0,42.72029929655514,5.0,3-2,2.4459078080903107,1.4111006585136407,1.0348071495766697,1.1288805268109126,0.8466603951081844,0.5644402634054563,0.0,4.0,4.0,0.9120879120879121,0.7582417582417582,0.5989010989010989,0.5164835164835165,0.8241758241758241,0.989010989010989,0.7978021978021977,8,7.0,11.0,False,9
David Martinez,Bantamweight,2026-09-12,14,1794.4879559817011,5,5,0,0,124.02511416255743,5.0,5-0,6.157813305827747,4.208354822073234,1.9494584837545128,0.2320783909231563,0.6962351727694689,0.0,0.0,5.0,5.0,0.9230769230769231,0.967032967032967,0.4423076923076923,0.7252747252747253,0.9560439560439561,0.6483516483516484,0.7857142857142858,9,7.0,14.0,False,10
Payton Talbott,Bantamweight,2025-12-06,294,1719.1177338131693,6,5,1,0,66.74748395248798,6.0,5-1,5.8560258829873275,2.9927204098139657,2.863305473173362,0.7279590186033971,0.9706120248045295,0.24265300620113237,0.0,3.0,2.3666666666666667,0.8901098901098901,0.8461538461538461,0.4862637362637363,0.8681318681318682,0.489010989010989,0.8461538461538461,0.7782967032967033,10,8.0,15.0,False,11
Farid Basharat,Bantamweight,2026-07-11,77,1715.1122241901226,7,7,0,0,113.04785622637314,5.0,5-0,4.12,3.6533333333333333,0.4666666666666667,0.0,3.6,0.2,0.0,4.0,4.0,0.8681318681318682,0.9560439560439561,0.5164835164835165,0.7032967032967034,0.8241758241758241,0.7692307692307693,0.7780219780219779,11,9.0,14.0,False,12
Bryce Mitchell,Bantamweight,2026-06-06,112,1720.8815646500286,13,10,3,2,-12.51214506508586,5.0,3-2,1.8896103896103895,1.2467532467532467,0.6428571428571428,0.0,2.3376623376623376,0.5844155844155844,0.4,4.0,4.0,0.9010989010989011,0.3626373626373626,0.8324175824175825,0.43956043956043955,0.8241758241758241,0.6593406593406593,0.7593406593406593,12,10.0,16.0,False,13
Marcus McGhee,Bantamweight,2026-06-06,112,1716.9749087619896,6,5,1,0,151.21337987001516,4.0,3-1,5.796198192583359,3.9638516671860393,1.83234652539732,0.2804612028669367,0.2804612028669367,0.0,0.0,3.0,3.0,0.8791208791208791,0.989010989010989,0.4862637362637363,0.6263736263736264,0.6263736263736264,0.7142857142857143,0.7571428571428571,13,12.0,17.0,False,14
Aiemann Zahabi,Bantamweight,2026-06-14,104,1696.3936712041852,11,8,3,1,93.29362402597167,5.0,4-1,5.736359246740705,4.736842105263158,0.9995171414775471,0.0,0.0,0.0,0.2,4.0,4.0,0.8241758241758241,0.9230769230769231,0.782967032967033,0.4945054945054945,0.8241758241758241,0.27472527472527475,0.737912087912088,14,13.0,19.0,False,15
Cory Sandhagen,Bantamweight,2026-07-11,77,1796.5808064339278,17,11,6,8,-91.22984675812927,4.0,1-3,3.965827338129497,4.4784172661870505,-0.512589928057554,0.0,0.6070143884892087,0.0,0.0,3.0,3.0,0.9340659340659341,0.10989010989010989,0.9423076923076923,0.24175824175824176,0.6263736263736264,0.5934065934065934,0.7346153846153847,15,10.0,22.0,False,16
Chris Gutierrez,Bantamweight,2025-10-04,357,1697.0297223329444,15,10,4,1,-22.83648019453335,5.0,3-2,3.9176470588235293,2.5058823529411764,1.411764705882353,0.17647058823529413,0.17647058823529413,0.0,0.0,2.0,1.0166666666666666,0.8351648351648352,0.2967032967032967,0.8186813186813187,0.37362637362637363,0.29120879120879123,0.9340659340659341,0.7145604395604395,16,14.0,22.0,False,17
Brady Hiestand,Bantamweight,2026-09-26,0,1658.783301738753,5,4,1,0,92.32474519071798,2.0,2-0,2.2875297855440824,3.717235901509134,-1.4297061159650515,0.0,4.289118347895155,3.574265289912629,0.0,1.0,1.0,0.7472527472527473,0.9120879120879121,0.4423076923076923,0.9560439560439561,0.21978021978021978,0.7582417582417582,0.6983516483516483,17,15.0,24.0,False,18
Deiveson Figueiredo,Bantamweight,2026-05-30,119,1673.0021187469831,22,14,7,9,-12.626172036272692,8.0,4-4,1.7897223862965153,3.340224453632605,-1.5505020673360899,0.13290017720023628,1.860602480803308,0.26580035440047256,0.25,5.0,5.0,0.7802197802197802,0.3516483516483517,0.989010989010989,0.15384615384615385,0.9560439560439561,0.4725274725274725,0.6945054945054947,18,16.0,26.100000000000023,False,19
Charles Jourdain,Bantamweight,2026-09-19,7,1652.2068539147494,18,9,8,1,14.69204885313411,6.0,3-3,4.784053156146179,4.235880398671096,0.548172757475083,0.24916943521594684,0.9966777408637874,0.7475083056478405,0.3333333333333333,4.0,4.0,0.7252747252747253,0.6703296703296703,0.8708791208791209,0.6373626373626373,0.8241758241758241,0.18681318681318682,0.6912087912087912,19,17.0,25.0,False,20
Daniel Marcos,Bantamweight,2025-11-08,322,1669.711861286616,6,5,1,0,95.91532748847203,4.0,3-1,4.192460925528654,3.6224333435488814,0.5700275819797732,0.2758197977321483,2.2065583818571866,0.2758197977321483,0.0,3.0,2.2111111111111112,0.7582417582417582,0.9340659340659341,0.4862637362637363,0.5714285714285714,0.4725274725274725,0.7802197802197802,0.6906593406593406,20,17.0,23.0,False,21
Elijah Smith,Bantamweight,2026-03-14,196,1635.827467299587,3,3,0,0,57.115899837215466,3.0,3-0,3.6856010568031703,1.7040951122853367,1.9815059445178336,0.5944517833553501,1.7833553500660502,1.1889035667107002,0.0,3.0,2.911111111111111,0.6923076923076923,0.8351648351648352,0.34065934065934067,0.8571428571428571,0.5274725274725275,0.967032967032967,0.671978021978022,21,17.0,27.0,False,22
Jean Matsumoto,Bantamweight,2026-06-27,91,1627.7511485943521,6,4,2,0,56.52665472110766,6.0,4-2,5.118650715826632,5.059815650127476,0.0588350656991567,0.0,3.3535987448519315,0.5295155912924103,0.0,5.0,5.0,0.6593406593406593,0.8131868131868132,0.4862637362637363,0.8131868131868132,0.9560439560439561,0.4835164835164835,0.6527472527472529,22,20.0,29.0,False,23
Cody Haddon,Bantamweight,2026-05-30,119,1654.1068859967556,2,2,0,0,0.0,2.0,2-0,8.88054094665665,2.70473328324568,6.1758076634109695,0.67618332081142,2.70473328324568,0.0,0.0,2.0,2.0,0.7362637362637363,0.5054945054945055,0.29120879120879123,0.989010989010989,0.4340659340659341,0.8791208791208791,0.6486263736263738,23,20.0,31.0,False,24
Said Nurmagomedov,Bantamweight,2025-07-26,427,1700.161052583634,11,7,4,0,-63.01671693498952,3.0,1-2,2.01815269620929,1.825947677522691,0.19220501868659906,0.4805125467164976,0.4805125467164976,0.9610250934329952,0.0,2.0,0.6277777777777778,0.8461538461538461,0.18681318681318682,0.5741758241758241,0.34065934065934067,0.08791208791208792,0.9560439560439561,0.6483516483516483,24,20.0,33.0,False,25
Marlon Vera,Bantamweight,2026-09-19,7,1674.40583086084,27,16,11,3,-68.41391731990439,5.0,1-4,3.7911418122714347,6.216984965461195,-2.4258431531897604,0.7314099959366112,0.5485574969524584,0.0,0.0,3.0,3.0,0.8021978021978022,0.15384615384615385,0.9505494505494505,0.14285714285714285,0.6263736263736264,0.26373626373626374,0.6384615384615384,25,20.0,36.0,False,26
Davey Grant,Bantamweight,2026-04-25,154,1621.8947557869556,16,9,7,0,44.81402616549531,4.0,3-1,7.986135181975736,4.700173310225303,3.285961871750433,0.0,0.0,0.0,0.25,4.0,4.0,0.6263736263736264,0.7692307692307693,0.6291208791208791,0.8901098901098901,0.8241758241758241,0.2087912087912088,0.6357142857142857,26,23.0,34.0,False,27
Rinya Nakamura,Bantamweight,2026-09-26,0,1636.2826417906065,6,4,2,0,19.2486611517013,4.0,2-2,2.7397260273972597,1.942714819427148,0.7970112079701119,0.37359900373599,1.49439601494396,0.37359900373599,0.25,3.0,3.0,0.7032967032967034,0.7032967032967034,0.4862637362637363,0.46153846153846156,0.6263736263736264,0.7362637362637363,0.6351648351648352,27,25.0,31.0,False,28
Rob Font,Bantamweight,2026-03-07,203,1635.3381526024075,22,12,10,4,-155.20936941649552,6.0,2-4,4.533333333333333,4.622222222222222,-0.08888888888888889,0.0,0.0,0.16666666666666666,0.0,5.0,4.872222222222222,0.6813186813186813,0.02197802197802198,0.9532967032967032,0.3076923076923077,0.9120879120879121,0.5604395604395604,0.6318681318681318,28,21.0,36.10000000000002,False,29
Adrian Yanez,Bantamweight,2026-07-11,77,1681.8071004510002,11,7,3,0,-21.665292794359175,5.0,2-2,5.162790697674419,4.558139534883721,0.6046511627906976,1.0465116279069768,0.0,0.0,0.2,3.0,3.0,0.8131868131868132,0.3076923076923077,0.5741758241758241,0.5384615384615384,0.6263736263736264,0.32967032967032966,0.6296703296703298,29,24.0,32.0,False,30
Ethyn Ewing,Bantamweight,2026-04-04,175,1670.6955354955683,2,2,0,0,0.0,2.0,2-0,7.443890274314215,4.526184538653366,2.9177057356608476,0.5610972568578554,1.683291770573566,0.0,0.0,2.0,2.0,0.7692307692307693,0.5054945054945055,0.29120879120879123,0.9230769230769231,0.4340659340659341,0.5824175824175825,0.6271978021978023,30,24.0,34.0,False,31
Jafel Filho,Bantamweight,2026-04-25,154,1587.8792845280068,6,3,3,0,46.589300841462546,4.0,2-2,1.6091954022988506,1.3537675606641124,0.2554278416347382,0.0,3.0651340996168583,1.5325670498084292,0.0,3.0,3.0,0.5384615384615384,0.7912087912087912,0.4862637362637363,0.6703296703296703,0.6263736263736264,1.0,0.617032967032967,31,24.0,36.0,False,32
Da'Mon Blackshear,Bantamweight,2025-07-26,427,1625.6210402345391,10,5,4,0,11.046410513888986,5.0,3-2,4.366944655041698,4.2987111448066715,0.06823351023502654,0.0,0.34116755117513264,2.3881728582259285,0.2,4.0,2.6277777777777778,0.6373626373626373,0.6593406593406593,0.5467032967032968,0.8351648351648352,0.5054945054945055,0.37362637362637363,0.6082417582417582,32,28.900000000000002,35.10000000000002,False,33
Kyler Phillips,Bantamweight,2026-04-18,161,1645.5448159671334,10,6,4,0,-21.124244342456905,4.0,1-3,3.95,4.45,-0.5,0.0,2.75,0.0,0.0,3.0,3.0,0.7142857142857143,0.31868131868131866,0.5467032967032968,0.4725274725274725,0.6263736263736264,0.6043956043956044,0.6016483516483516,33,31.0,36.0,False,34
Santiago Luna,Bantamweight,2026-06-06,112,1631.2021247294977,4,3,1,0,-25.219436085972347,4.0,3-1,5.639097744360902,3.552631578947368,2.0864661654135337,3.3834586466165413,2.1146616541353382,0.8458646616541353,0.25,4.0,4.0,0.6703296703296703,0.2857142857142857,0.3928571428571429,0.967032967032967,0.8241758241758241,0.43956043956043955,0.5906593406593406,34,30.0,39.0,False,35
Dan Ige,Bantamweight,2026-09-12,14,1616.1069502951889,22,11,11,1,-71.5819057125459,7.0,2-5,2.8408370323398855,3.6271401395053897,-0.786303107165504,0.38046924540266325,0.38046924540266325,0.0,0.14285714285714285,5.0,5.0,0.6153846153846154,0.13186813186813187,0.8901098901098901,0.13186813186813187,0.9560439560439561,0.5384615384615384,0.582967032967033,35,27.0,44.0,False,36
Victor Henry,Bantamweight,2025-04-05,539,1627.497233285452,6,4,2,1,-17.52664407966813,3.0,2-1,5.672326755392382,4.130335016062414,1.541991739329968,1.2391005048187242,2.4782010096374485,0.0,0.3333333333333333,2.0,0.005555555555555536,0.6483516483516484,0.34065934065934067,0.695054945054945,0.8791208791208791,0.04945054945054945,0.1978021978021978,0.5750000000000001,36,32.0,42.0,False,37
Francesco Nuzzi,Bantamweight,2026-08-29,28,1614.9065695557317,1,1,0,0,0.0,1.0,1-0,11.0,4.0,7.0,15.0,0.0,0.0,0.0,1.0,1.0,0.6043956043956044,0.5054945054945055,0.22802197802197804,1.0,0.21978021978021978,0.6923076923076923,0.5483516483516484,37,35.0,43.0,False,38
John Castaneda,Bantamweight,2026-09-26,0,1565.0694226618414,10,4,5,0,18.51896632610601,5.0,1-3,5.36,4.68,0.68,0.0,1.0,0.4,0.0,3.0,3.0,0.4945054945054945,0.6923076923076923,0.5467032967032968,0.5824175824175825,0.6263736263736264,0.5274725274725275,0.5434065934065935,38,38.0,42.0,False,39
Kai Asakura,Bantamweight,2026-08-29,28,1608.5744208289423,4,2,2,0,156.12315635294044,4.0,2-2,3.0662983425414367,3.149171270718232,-0.08287292817679558,1.2430939226519337,0.0,0.0,0.5,4.0,4.0,0.5934065934065934,1.0,0.3928571428571429,0.25274725274725274,0.8241758241758241,0.17582417582417584,0.5296703296703298,39,35.0,50.0,False,40
Jakub Wiklacz,Bantamweight,2026-02-07,231,1595.9533317307546,2,2,0,0,0.0,2.0,2-0,3.4018899388549193,3.86881600889383,-0.4669260700389105,0.0,0.0,2.501389660922735,0.0,2.0,1.7166666666666668,0.5714285714285714,0.5054945054945055,0.29120879120879123,0.6923076923076923,0.3626373626373626,0.7252747252747253,0.5258241758241758,40,39.0,44.0,False,41
Serhiy Sidey,Bantamweight,2025-05-03,511,1566.6645658193145,3,2,1,0,56.53615503488959,3.0,2-1,4.488888888888889,4.2444444444444445,0.24444444444444444,0.0,1.6666666666666667,1.3333333333333333,0.0,2.0,0.1611111111111112,0.5054945054945055,0.8241758241758241,0.34065934065934067,0.7802197802197802,0.06593406593406594,0.6153846153846154,0.5208791208791208,41,38.0,47.0,False,42
Ricky Simon,Bantamweight,2026-09-26,0,1580.7659510168473,18,10,7,2,-102.13158202557179,7.0,2-4,2.9555512795843755,5.091398883971522,-2.135847604387146,0.173176832788147,2.078121993457764,0.0,0.14285714285714285,5.0,5.0,0.5274725274725275,0.06593406593406594,0.9010989010989011,0.16483516483516483,0.9560439560439561,0.2967032967032967,0.5181318681318682,42,37.900000000000006,52.0,False,43
Juan Diaz,Bantamweight,2026-05-16,133,1563.4499454268,1,1,0,0,0.0,1.0,1-0,1.4233576642335768,1.6423357664233578,-0.21897810218978103,0.0,8.211678832116789,1.6423357664233578,0.0,1.0,1.0,0.4835164835164835,0.5054945054945055,0.22802197802197804,0.945054945054945,0.21978021978021978,0.978021978021978,0.5170329670329671,43,37.0,49.0,False,44
Henry Cejudo,Bantamweight,2025-12-06,294,1607.3158683253093,16,10,6,6,-68.016728658396,3.0,0-3,3.466666666666667,6.488888888888889,-3.022222222222222,0.0,0.6666666666666666,0.0,0.0,2.0,1.3666666666666667,0.5824175824175825,0.16483516483516483,0.9148351648351649,0.03296703296703297,0.34065934065934067,0.23076923076923078,0.5049450549450549,44,39.0,55.0,False,45
Benardo Sopaj,Bantamweight,2026-05-16,133,1575.9308715451418,3,2,1,0,80.2070507565661,3.0,2-1,4.393530997304582,4.690026954177897,-0.29649595687331537,0.8086253369272237,2.4258760107816713,0.8086253369272237,0.3333333333333333,2.0,2.0,0.5164835164835165,0.8901098901098901,0.34065934065934067,0.7692307692307693,0.4340659340659341,0.15384615384615385,0.5035714285714286,45,40.0,52.0,False,46
Aleksandre Topuria,Bantamweight,2025-11-22,308,1595.1927118859894,2,2,0,0,0.0,2.0,2-0,2.933333333333333,2.566666666666667,0.36666666666666664,0.0,1.5,0.0,0.0,2.0,1.2888888888888888,0.5604395604395604,0.5054945054945055,0.29120879120879123,0.2967032967032967,0.32967032967032966,0.9230769230769231,0.49945054945054945,46,42.0,50.0,False,47
Abdul Hussein,Bantamweight,2026-07-25,63,1556.6453005298586,1,1,0,0,0.0,1.0,1-0,4.955527318932655,3.354510800508259,1.6010165184243963,1.1435832274459974,1.1435832274459974,3.4307496823379924,0.0,1.0,1.0,0.45054945054945056,0.5054945054945055,0.22802197802197804,0.978021978021978,0.21978021978021978,0.8131868131868132,0.489010989010989,47,43.0,52.0,False,48
Cody Garbrandt,Bantamweight,2026-07-11,77,1557.5892224185961,18,10,8,3,-47.20546146708557,5.0,2-3,2.30684730867814,3.11973636030758,-0.8128890516294398,0.32954961552544854,0.0,0.0,0.4,3.0,3.0,0.46153846153846156,0.24175824175824176,0.9203296703296704,0.07692307692307693,0.6263736263736264,0.31868131868131866,0.48681318681318686,48,41.0,57.0,False,49
Colby Thicknesse,Bantamweight,2026-05-02,147,1523.596166543383,3,2,1,0,16.741898944177365,3.0,2-1,3.2444444444444445,2.933333333333333,0.3111111111111111,0.0,0.6666666666666666,1.6666666666666667,0.0,3.0,3.0,0.37362637362637363,0.6813186813186813,0.34065934065934067,0.5934065934065934,0.6263736263736264,0.8571428571428571,0.48076923076923084,49,44.0,52.0,False,50
Javid Basharat,Bantamweight,2026-02-07,231,1594.8738284313288,6,4,2,0,-93.72641022032826,3.0,1-2,4.298331697742885,3.2384690873405297,1.0598626104023552,0.44160942100098133,1.324828263002944,0.0,0.3333333333333333,2.0,1.7166666666666668,0.5494505494505495,0.08791208791208792,0.4862637362637363,0.5494505494505495,0.3626373626373626,0.4065934065934066,0.46703296703296715,50,47.0,56.0,False,51
Ilimbek Akylbek,Bantamweight,2026-09-26,0,1547.8562896460514,1,1,0,0,0.0,1.0,1-0,2.5899280575539567,2.5899280575539567,0.0,0.0,6.474820143884892,0.0,0.0,1.0,1.0,0.42857142857142855,0.5054945054945055,0.22802197802197804,0.7582417582417582,0.21978021978021978,0.9065934065934066,0.4664835164835165,51,45.900000000000006,54.0,False,52
Borislav Nikolic,Bantamweight,2026-08-01,56,1534.2003202552144,1,1,0,0,0.0,1.0,1-0,3.8,2.8,1.0,0.0,1.0,2.0,0.0,1.0,1.0,0.3956043956043956,0.5054945054945055,0.22802197802197804,0.8461538461538461,0.21978021978021978,0.8681318681318682,0.4565934065934067,52,48.0,57.0,False,53
Muin Gafurov,Bantamweight,2026-02-07,231,1546.0145387941411,5,2,3,0,72.52608107381252,4.0,2-2,3.54978354978355,2.2510822510822512,1.298701298701299,0.32467532467532473,0.9740259740259741,0.0,0.5,2.0,1.7166666666666668,0.4175824175824176,0.8571428571428571,0.4423076923076923,0.4175824175824176,0.3626373626373626,0.34065934065934067,0.4560439560439561,53,47.0,57.0,False,54
Hecher Sosa,Bantamweight,2026-03-14,196,1547.9566256686219,1,1,0,0,0.0,1.0,1-0,6.933333333333334,4.133333333333334,2.8,0.0,0.0,0.0,0.0,1.0,0.9111111111111111,0.43956043956043955,0.5054945054945055,0.22802197802197804,0.7912087912087912,0.14285714285714285,0.6813186813186813,0.4483516483516483,54,50.0,57.10000000000002,False,55
Vince Morales,Bantamweight,2026-05-02,147,1463.376697423544,12,3,9,0,-37.46535345084362,4.0,0-4,2.4,3.3333333333333335,-0.9333333333333333,0.0,1.75,1.25,0.0,4.0,4.0,0.24175824175824176,0.27472527472527475,0.5879120879120879,0.45054945054945056,0.8241758241758241,0.8241758241758241,0.4225274725274726,55,51.0,61.0,False,56
Hector Santiago,Bantamweight,2026-08-29,28,1559.8859539696357,1,1,0,0,0.0,1.0,1-0,5.099150141643059,5.439093484419263,-0.3399433427762039,2.5495750708215295,0.0,0.0,0.0,1.0,1.0,0.4725274725274725,0.5054945054945055,0.22802197802197804,0.5604395604395604,0.21978021978021978,0.42857142857142855,0.41868131868131875,56,55.0,61.0,False,57
SuYoung You,Bantamweight,2026-03-14,196,1523.5645589325306,4,3,1,0,-56.2545139198171,4.0,3-1,2.3694516971279374,2.1344647519582245,0.2349869451697128,0.0,3.231070496083551,0.293733681462141,0.25,4.0,3.911111111111111,0.3626373626373626,0.1978021978021978,0.3928571428571429,0.4835164835164835,0.7362637362637363,0.7032967032967034,0.41703296703296705,57,55.0,61.0,False,58
ChangHo Lee,Bantamweight,2025-11-01,329,1521.9555884093306,3,2,1,0,-65.95948475032264,3.0,2-1,3.6855670103092786,2.6288659793814433,1.056701030927835,0.0,2.7061855670103094,0.3865979381443299,0.0,2.0,1.1722222222222223,0.3516483516483517,0.17582417582417584,0.34065934065934067,0.6483516483516484,0.31868131868131866,0.8901098901098901,0.41373626373626377,58,54.900000000000006,63.0,False,59
Cristian Quinonez,Bantamweight,2026-02-28,210,1501.179894475063,4,2,2,0,35.07197545161398,2.0,1-1,2.4753694581280787,2.623152709359606,-0.1477832512315271,0.0,4.987684729064039,1.1083743842364533,0.5,1.0,0.8333333333333334,0.31868131868131866,0.7472527472527473,0.3928571428571429,0.8241758241758241,0.12637362637362637,0.25274725274725274,0.4107142857142857,59,54.0,63.0,False,60
Cody Gibson,Bantamweight,2026-07-25,63,1437.9515430093286,11,3,8,1,-39.80125346547402,6.0,2-4,2.4500587544065806,2.132784958871915,0.3172737955346651,0.0,2.643948296122209,1.5863689776733254,0.5,4.0,4.0,0.13186813186813187,0.26373626373626374,0.782967032967033,0.7362637362637363,0.8241758241758241,0.3516483516483517,0.3923076923076923,60,54.900000000000006,67.0,False,61
Alatengheili,Bantamweight,2026-09-26,0,1526.9482943539065,10,6,3,0,-45.15683087974048,4.0,2-2,2.4166666666666665,5.45,-3.033333333333333,0.0,2.0,0.0,0.0,2.0,2.0,0.38461538461538464,0.25274725274725274,0.5467032967032968,0.06593406593406594,0.4340659340659341,0.4175824175824176,0.37774725274725274,61,59.0,67.0,False,62
Timmy Cuamba,Bantamweight,2026-05-16,133,1450.2357069818463,5,2,3,0,47.35793674675733,5.0,2-3,2.8858695652173916,3.5380434782608696,-0.6521739130434783,0.24456521739130438,1.4673913043478262,0.0,0.2,3.0,3.0,0.1978021978021978,0.8021978021978022,0.4423076923076923,0.21978021978021978,0.6263736263736264,0.4945054945054945,0.36043956043956044,62,60.0,70.0,False,63
John Yannis,Bantamweight,2026-06-06,112,1537.3604359365754,3,1,2,0,-9.034928323791064,3.0,1-2,3.5569422776911077,4.071762870514821,-0.514820592823713,0.7020280811232449,0.0,0.0,0.3333333333333333,3.0,3.0,0.4065934065934066,0.37362637362637363,0.34065934065934067,0.18681318681318682,0.6263736263736264,0.21978021978021978,0.36043956043956044,63,61.0,69.0,False,64
Bekzat Almakhan,Bantamweight,2026-06-27,91,1519.641939090672,4,1,3,0,-71.01706528620025,4.0,1-3,2.5832127351664256,4.232995658465992,-1.649782923299566,0.9768451519536904,0.0,0.0,0.0,3.0,3.0,0.34065934065934067,0.14285714285714285,0.3928571428571429,0.08791208791208792,0.6263736263736264,0.6263736263736264,0.34890109890109894,64,62.0,72.0,False,65
Lawrence Lui,Bantamweight,2026-08-29,28,1474.5739233601673,2,1,1,0,0.0,2.0,1-1,4.022346368715084,4.118116520351157,-0.09577015163607343,0.0,5.027932960893855,0.0,0.5,2.0,2.0,0.2857142857142857,0.5054945054945055,0.29120879120879123,0.7472527472527473,0.4340659340659341,0.10989010989010989,0.3447802197802198,65,62.0,73.0,False,66
Aoriqileng,Bantamweight,2026-08-29,28,1445.8319510579531,10,4,6,0,23.195306783111164,5.0,2-3,2.1040462427745665,3.121387283236994,-1.0173410404624277,0.6936416184971098,0.6936416184971098,0.3468208092485549,0.4,3.0,3.0,0.17582417582417584,0.7252747252747253,0.5467032967032968,0.17582417582417584,0.6263736263736264,0.3076923076923077,0.34065934065934067,66,63.0,73.0,False,67
Rafael Estevam,Bantamweight,2026-04-04,175,1486.0733688454018,4,3,1,0,-53.09454130361519,4.0,3-1,1.8683901292596945,4.353701527614571,-2.4853113983548765,0.0,5.023501762632197,0.26439482961222094,0.25,3.0,3.0,0.3076923076923077,0.2087912087912088,0.3928571428571429,0.3516483516483517,0.6263736263736264,0.2857142857142857,0.332967032967033,67,66.0,73.0,False,68
Malcolm Wellmaker,Bantamweight,2026-05-16,133,1476.3108873413157,4,2,2,0,-137.40671550032062,4.0,2-2,4.280742459396752,3.932714617169373,0.3480278422273782,1.0440835266821344,0.0,0.0,0.25,4.0,4.0,0.2967032967032967,0.03296703296703297,0.3928571428571429,0.38461538461538464,0.8241758241758241,0.3626373626373626,0.3313186813186813,68,65.0,75.0,False,69
Luis Gurule,Bantamweight,2026-05-30,119,1413.7922110520956,6,1,5,0,22.887129785552133,6.0,1-5,6.722050795157845,8.075005934013767,-1.352955138855922,0.0,0.6408734868264894,0.21362449560882982,0.3333333333333333,6.0,6.0,0.12087912087912088,0.7142857142857143,0.4862637362637363,0.5054945054945055,1.0,0.054945054945054944,0.3291208791208791,69,62.900000000000006,78.0,False,70
John Garza,Bantamweight,2026-07-11,77,1509.3448367693143,1,0,1,0,0.0,1.0,0-1,5.466666666666667,5.733333333333333,-0.26666666666666666,0.0,0.0,0.0,0.0,1.0,1.0,0.32967032967032966,0.5054945054945055,0.22802197802197804,0.31868131868131866,0.21978021978021978,0.38461538461538464,0.3258241758241759,70,66.0,74.0,False,71
Sulangrangbo,Bantamweight,2026-01-31,238,1465.540122670197,1,0,1,0,0.0,1.0,0-1,3.7333333333333334,3.466666666666667,0.26666666666666666,0.0,0.0,0.0,0.0,1.0,0.6777777777777778,0.27472527472527475,0.5054945054945055,0.22802197802197804,0.2087912087912088,0.10989010989010989,0.7912087912087912,0.32527472527472534,71,64.0,75.0,False,72
Nathan Fletcher,Bantamweight,2025-08-02,420,1461.354684091952,3,1,2,0,-86.54800315331022,3.0,1-2,3.4131736526946104,2.1556886227544907,1.2574850299401197,0.0,3.368263473053892,0.6736526946107784,0.3333333333333333,2.0,0.6666666666666667,0.21978021978021978,0.12087912087912088,0.34065934065934067,0.8021978021978022,0.0989010989010989,0.5714285714285714,0.32142857142857145,72,64.0,76.0,False,73
Brad Katona,Bantamweight,2025-05-10,504,1462.520968253959,9,4,5,0,-51.943039126223766,4.0,1-3,4.819102749638205,5.036179450072359,-0.2170767004341534,0.0,3.256150506512301,0.0,0.25,2.0,0.19999999999999996,0.23076923076923078,0.23076923076923078,0.5247252747252747,0.6043956043956044,0.07692307692307693,0.16483516483516483,0.31263736263736264,73,67.0,77.0,False,74
Mahammadali Osmanli,Bantamweight,2026-09-26,0,1452.1437103539486,1,0,1,0,0.0,1.0,0-1,2.5899280575539567,2.5899280575539567,0.0,0.0,0.0,0.0,0.0,1.0,1.0,0.2087912087912088,0.5054945054945055,0.22802197802197804,0.10989010989010989,0.21978021978021978,0.9065934065934066,0.3027472527472527,74,67.0,79.0,False,75
Xiao Long,Bantamweight,2026-08-29,28,1438.5698590027189,5,1,4,0,-101.1525095160589,5.0,1-4,4.976798143851508,4.263341067285383,0.7134570765661252,0.2610208816705336,0.7830626450116009,0.0,0.2,4.0,4.0,0.14285714285714285,0.07692307692307693,0.4423076923076923,0.5274725274725275,0.8241758241758241,0.3956043956043956,0.2939560439560439,75,71.0,80.0,False,76
Patchy Mix,Bantamweight,2025-10-04,357,1464.5302747151268,2,0,2,0,0.0,2.0,0-2,5.3,7.3,-2.0,0.0,2.5,0.0,0.0,2.0,1.0166666666666666,0.25274725274725274,0.5054945054945055,0.29120879120879123,0.42857142857142855,0.29120879120879123,0.13186813186813187,0.29313186813186815,76,72.9,79.0,False,77
Luan Lacerda,Bantamweight,2026-03-14,196,1406.168686670646,4,1,3,0,-19.810151818507848,2.0,1-1,3.5958188153310107,5.226480836236934,-1.6306620209059235,0.0,4.390243902439025,0.6271777003484321,0.0,2.0,1.9111111111111112,0.10989010989010989,0.32967032967032966,0.3928571428571429,0.6153846153846154,0.3956043956043956,0.45054945054945056,0.2873626373626374,77,74.0,79.0,False,78
Pedro Falcao,Bantamweight,2025-04-05,539,1448.4570531245167,2,0,2,0,0.0,2.0,0-2,3.3,4.7,-1.4,0.0,2.5,0.0,0.0,1.0,-0.9944444444444445,0.18681318681318682,0.5054945054945055,0.29120879120879123,0.2857142857142857,0.01098901098901099,0.5164835164835165,0.27362637362637365,78,75.0,81.0,False,79
Mark Vologdin,Bantamweight,2026-08-01,56,1442.553821303769,2,0,1,0,0.0,2.0,0-1,4.433333333333334,6.4,-1.9666666666666666,0.5,2.0,0.0,0.0,2.0,2.0,0.15384615384615385,0.5054945054945055,0.29120879120879123,0.32967032967032966,0.4340659340659341,0.24175824175824176,0.2568681318681319,79,78.0,81.0,False,80
Cameron Saaiman,Bantamweight,2025-04-26,518,1465.0897170221433,6,3,3,0,-215.98206631778112,3.0,0-3,5.059701492537313,7.522388059701492,-2.462686567164179,0.0,0.0,0.6716417910447761,0.6666666666666666,1.0,-0.8777777777777778,0.26373626373626374,0.01098901098901099,0.4862637362637363,0.26373626373626374,0.02197802197802198,0.02197802197802198,0.24670329670329672,80,77.0,83.0,False,81
Cameron Smotherman,Bantamweight,2026-05-30,119,1385.426230776244,4,1,3,0,-121.73477968533575,4.0,1-3,3.97153024911032,3.373665480427046,0.597864768683274,0.0,0.0,0.0,0.25,4.0,4.0,0.08791208791208792,0.04395604395604396,0.3928571428571429,0.27472527472527475,0.8241758241758241,0.46153846153846156,0.23736263736263738,81,79.0,84.0,False,82
Adrian Luna Martinetti,Bantamweight,2026-04-25,154,1444.1162519737616,1,0,1,0,0.0,1.0,0-1,6.6,10.8,-4.2,0.0,1.0,0.0,0.0,1.0,1.0,0.16483516483516483,0.5054945054945055,0.22802197802197804,0.1978021978021978,0.21978021978021978,0.04395604395604396,0.20549450549450549,82,82.0,84.0,False,83
Quang Le,Bantamweight,2025-09-13,378,1370.38569422463,5,1,4,0,-52.29047325939359,5.0,1-4,3.541488451668093,5.4148845166809245,-1.8733960650128316,0.0,2.694610778443114,0.38494439692044485,0.6,4.0,2.9,0.054945054945054944,0.21978021978021978,0.4423076923076923,0.3626373626373626,0.5164835164835165,0.06593406593406594,0.20384615384615387,83,83.0,86.0,False,84
Toshiomi Kazama,Bantamweight,2025-08-09,413,1326.4100428324623,4,1,3,0,9.1294273124945,2.0,1-1,0.18045112781954886,5.684210526315789,-5.50375939849624,0.0,2.706766917293233,2.706766917293233,0.5,1.0,-0.2944444444444445,0.02197802197802198,0.6483516483516484,0.3928571428571429,0.23076923076923078,0.03296703296703297,0.07692307692307693,0.18571428571428572,84,83.0,86.0,False,85
Angel Pacheco,Bantamweight,2026-02-28,210,1389.6926711667993,2,0,2,0,0.0,2.0,0-2,4.8,9.033333333333333,-4.233333333333333,0.0,0.5,0.0,0.0,1.0,0.8333333333333334,0.0989010989010989,0.5054945054945055,0.29120879120879123,0.04395604395604396,0.12637362637362637,0.08791208791208792,0.17280219780219783,85,85.0,86.0,False,86
Cortavious Romious,Bantamweight,2025-04-05,539,1373.6987145460748,2,0,2,0,0.0,2.0,0-2,1.1764705882352942,4.07563025210084,-2.899159663865546,0.0,3.7815126050420167,0.0,0.5,2.0,0.005555555555555536,0.06593406593406594,0.5054945054945055,0.29120879120879123,0.0989010989010989,0.04945054945054945,0.12087912087912088,0.16291208791208792,86,86.9,88.0,False,87
Josias Musasa,Bantamweight,2025-09-27,364,1364.8445060716842,2,0,2,0,0.0,2.0,0-2,3.0656934306569346,4.27007299270073,-1.2043795620437956,0.0,0.8211678832116789,0.0,0.5,2.0,0.9777777777777779,0.04395604395604396,0.5054945054945055,0.29120879120879123,0.12087912087912088,0.15384615384615385,0.0989010989010989,0.15824175824175826,87,87.0,89.0,False,88
Jamie Siraj,Bantamweight,2026-04-18,161,1383.7495476213405,1,0,1,0,0.0,1.0,0-1,2.2085889570552144,7.730061349693251,-5.521472392638037,0.0,0.0,0.0,1.0,1.0,1.0,0.07692307692307693,0.5054945054945055,0.22802197802197804,0.01098901098901099,0.21978021978021978,0.01098901098901099,0.14395604395604394,88,89.0,90.0,False,89
Kris Moutinho,Bantamweight,2026-02-28,210,1329.985514494122,4,0,4,0,-103.48247974580408,2.0,0-2,1.9299905392620624,3.576158940397351,-1.6461684011352886,0.0,0.0,0.0,0.5,2.0,1.8333333333333333,0.03296703296703297,0.054945054945054944,0.3928571428571429,0.02197802197802198,0.38461538461538464,0.14285714285714285,0.13461538461538464,89,87.0,90.0,False,90
Saimon Oliveira,Bantamweight,2025-10-11,350,1313.9513533499394,4,0,4,0,-93.23287291139968,2.0,0-2,2.066420664206642,3.7638376383763834,-1.6974169741697416,0.0,1.107011070110701,0.0,1.0,2.0,1.0555555555555556,0.01098901098901099,0.0989010989010989,0.3928571428571429,0.054945054945054944,0.3076923076923077,0.03296703296703297,0.1175824175824176,90,90.0,91.0,False,91
Aljamain Sterling,Featherweight,2026-04-25,154,1870.0343089013365,23,18,5,12,17.782883270823277,4.0,3-1,2.7625,1.325,1.4375,0.0,4.3125,0.1875,0.0,3.0,3.0,0.9901960784313726,0.7549019607843137,0.9754901960784315,0.5490196078431373,0.7009803921568627,0.9705882352941176,0.903186274509804,1,1.0,2.0,False,1
Diego Lopes,Featherweight,2026-06-14,104,1868.8146517217624,11,8,3,5,288.9097339579903,9.0,7-2,5.866706966903431,5.340788877134654,0.5259180897687774,1.2241196917031887,2.1762127852501134,0.1360132990781321,0.0,5.0,5.0,0.9803921568627451,1.0,0.8651960784313726,0.803921568627451,0.9558823529411765,0.5294117647058824,0.8953431372549021,2,1.0,3.0,False,2
Steve Garcia,Featherweight,2026-06-14,104,1769.386355314164,11,8,3,0,138.11816480469724,6.0,5-1,6.100352112676056,1.795774647887324,4.304577464788732,1.584507042253521,0.0,0.39612676056338025,0.16666666666666666,3.0,3.0,0.9607843137254902,0.9509803921568627,0.5833333333333333,0.9215686274509803,0.7009803921568627,0.8333333333333334,0.8546568627450981,3,2.900000000000002,8.0,False,3
Lerone Murphy,Featherweight,2026-03-21,189,1737.975425062691,11,9,1,2,61.30300886690247,5.0,4-1,4.85270487412962,2.838778789501875,2.0139260846277454,0.16068559185859668,1.124799143010177,0.16068559185859668,0.0,4.0,3.95,0.9117647058823529,0.8529411764705882,0.8284313725490196,0.6568627450980392,0.803921568627451,0.8529411764705882,0.8524509803921568,4,4.0,6.0,False,4
Joanderson Brito,Featherweight,2026-09-19,7,1741.2977465293015,11,8,3,2,33.512281871038795,7.0,5-2,1.8618181818181818,2.036363636363636,-0.17454545454545456,0.0,2.8363636363636364,1.5272727272727273,0.0,5.0,5.0,0.9313725490196079,0.7941176470588235,0.8284313725490196,0.46078431372549017,0.9558823529411765,0.9411764705882353,0.8522058823529411,5,3.0,8.0,False,5
Vinicius Oliveira,Featherweight,2026-06-20,98,1738.9194556221014,6,5,1,2,85.23005926728706,6.0,5-1,5.27818601721604,2.8847365106025613,2.3934495066134787,0.5668696199874028,1.3226957799706067,0.18895653999580095,0.16666666666666666,4.0,4.0,0.9215686274509803,0.9019607843137255,0.7303921568627452,0.7549019607843137,0.8725490196078431,0.7254901960784313,0.8426470588235294,6,4.0,8.0,False,6
Youssef Zalal,Featherweight,2026-04-25,154,1701.6879844636248,13,8,4,1,195.7829728408767,6.0,5-1,2.829379822806516,1.8519577022006286,0.9774221206058873,0.2572163475278651,1.2860817376393254,1.5432980851671905,0.0,4.0,4.0,0.8431372549019608,0.9901960784313726,0.8235294117647058,0.5784313725490197,0.8725490196078431,0.9607843137254902,0.8406862745098038,7,4.0,10.0,False,7
Pat Sabatini,Featherweight,2026-05-09,140,1705.2116921965278,11,9,2,2,115.82771340179352,5.0,4-1,1.4031620553359683,0.9486166007905138,0.45454545454545453,0.0,4.743083003952569,0.5928853754940712,0.2,4.0,4.0,0.8627450980392157,0.9411764705882353,0.8284313725490196,0.4411764705882353,0.8725490196078431,0.8823529411764706,0.8240196078431372,8,7.0,12.0,False,8
Movsar Evloev,Featherweight,2026-03-21,189,1813.6165720505396,10,10,0,5,8.740441112893905,3.0,3-0,2.6363636363636362,2.909090909090909,-0.2727272727272727,0.0,4.909090909090909,0.0,0.0,2.0,1.95,0.9705882352941176,0.6862745098039216,0.8333333333333333,0.43137254901960786,0.4117647058823529,0.8431372549019608,0.8200980392156862,9,6.0,12.0,False,9
Kevin Vallejos,Featherweight,2026-03-14,196,1767.3466710969958,4,4,0,0,167.57834225883153,4.0,4-0,5.677114133648728,3.548196333530455,2.1289178001182734,2.1289178001182734,1.0644589000591367,0.0,0.0,4.0,3.911111111111111,0.9509803921568627,0.9705882352941176,0.4191176470588235,0.8823529411764706,0.7941176470588235,0.8137254901960784,0.8181372549019609,10,5.0,13.100000000000023,False,10
Jean Silva,Featherweight,2026-09-12,14,1749.4939229145195,9,7,2,1,103.22077083272711,9.0,7-2,5.344619105199516,6.384522370012092,-1.0399032648125754,1.0882708585247884,1.0882708585247884,0.7255139056831922,0.2222222222222222,6.0,6.0,0.9411764705882353,0.9215686274509803,0.7426470588235294,0.6764705882352942,0.9901960784313726,0.2549019607843137,0.8068627450980392,11,7.0,14.100000000000023,False,11
Melquizael Costa,Featherweight,2026-05-16,133,1714.9132667293159,10,7,3,0,156.51268395764077,8.0,6-2,4.059070045899022,3.3765715426062655,0.6824985032927559,0.35920973857513466,1.4368389543005387,0.8980243464378366,0.125,6.0,6.0,0.8823529411764706,0.9607843137254902,0.5514705882352942,0.6372549019607843,0.9901960784313726,0.7058823529411765,0.7872549019607843,12,11.0,16.0,False,12
Cub Swanson,Featherweight,2026-04-11,168,1669.3124145443685,26,16,10,6,12.713526143417539,3.0,2-1,6.449511400651465,5.830618892508142,0.6188925081433224,1.4657980456026056,0.0,0.0,0.0,2.0,2.0,0.803921568627451,0.7254901960784313,0.9779411764705883,0.7745098039215687,0.49019607843137253,0.47058823529411764,0.7789215686274511,13,11.0,17.0,False,13
Alexander Volkanovski,Featherweight,2026-01-31,238,1914.6480813179935,18,15,3,12,-54.48756244237825,4.0,2-2,4.981070849107626,3.1151974040021635,1.8658734451054624,0.0,0.730124391563007,0.24337479718766902,0.5,2.0,1.6777777777777778,1.0,0.17647058823529413,0.9656862745098039,0.6274509803921569,0.37745098039215685,0.3627450980392157,0.7786764705882353,0,8.0,19.0,True,14
Arnold Allen,Featherweight,2026-05-16,133,1729.3443079404992,15,12,3,5,-25.590707772313863,4.0,2-2,3.914285714285714,3.757142857142857,0.15714285714285714,0.21428571428571427,1.5,0.21428571428571427,0.0,2.0,2.0,0.9019607843137255,0.27450980392156865,0.9215686274509804,0.45098039215686275,0.49019607843137253,0.803921568627451,0.7676470588235296,14,11.0,20.0,False,15
Tommy McMillen,Featherweight,2026-09-12,14,1718.0532443596003,3,3,0,0,46.968231641599914,3.0,3-0,12.795477903391571,4.779033915724563,8.016443987667008,1.8499486125385405,2.3124357656731753,1.3874614594039052,0.0,3.0,3.0,0.8921568627450981,0.8235294117647058,0.3700980392156863,0.9705882352941176,0.7009803921568627,0.6176470588235294,0.7517156862745098,15,13.0,20.0,False,16
Luke Riley,Featherweight,2026-07-11,77,1690.0722648090646,3,3,0,0,66.21582833478578,3.0,3-0,6.666666666666666,3.8641188959660298,2.8025477707006368,1.2738853503184713,0.0,0.0,0.0,3.0,3.0,0.8333333333333334,0.8627450980392157,0.3700980392156863,0.8529411764705882,0.7009803921568627,0.7843137254901961,0.7340686274509804,16,15.0,22.0,False,17
Chepe Mariscal,Featherweight,2025-11-15,315,1704.972061386169,6,5,1,0,73.6057518899654,4.0,3-1,3.933333333333333,2.1666666666666665,1.7666666666666666,0.0,2.0,0.0,0.0,2.0,1.25,0.8529411764705882,0.8823529411764706,0.4852941176470588,0.5294117647058824,0.3627450980392157,0.9313725490196079,0.7333333333333334,17,15.0,22.0,False,18
Yair Rodriguez,Featherweight,2025-04-12,532,1706.2692357141345,15,11,4,2,-25.149653929225224,2.0,1-1,4.813863928112965,1.7329910141206675,3.0808729139922977,1.1553273427471116,0.5776636713735558,0.0,0.5,1.0,-0.9555555555555555,0.8725490196078431,0.29411764705882354,0.8848039215686274,0.7843137254901961,0.00980392156862745,0.5196078431372549,0.7299019607843138,18,15.0,27.0,False,19
Jamall Emmers,Featherweight,2026-08-22,35,1646.079381519891,10,6,4,0,87.88675584978273,5.0,4-1,5.412735849056604,4.209905660377359,1.2028301886792454,2.1226415094339623,3.714622641509434,0.5306603773584906,0.2,3.0,3.0,0.7549019607843137,0.9117647058823529,0.5514705882352942,0.9313725490196079,0.7009803921568627,0.49019607843137253,0.7183823529411766,19,16.900000000000002,26.0,False,20
Jose Aldo,Featherweight,2025-05-10,504,1677.28585964997,23,14,9,13,-21.582963988053052,3.0,1-2,4.355555555555555,4.444444444444445,-0.08888888888888889,0.3333333333333333,0.3333333333333333,0.0,0.0,2.0,0.19999999999999996,0.8235294117647058,0.3137254901960784,0.982843137254902,0.4117647058823529,0.09803921568627451,0.6764705882352942,0.7122549019607843,20,16.0,29.100000000000023,False,21
Jose Delgado,Featherweight,2026-09-12,14,1672.0799154512122,6,4,2,1,-26.708652027481776,6.0,4-2,5.421981004070556,3.9240162822252374,1.4979647218453187,0.976933514246947,0.4884667571234735,0.0,0.16666666666666666,6.0,6.0,0.8137254901960784,0.2647058823529412,0.6936274509803921,0.7156862745098039,0.9901960784313726,0.5588235294117647,0.7083333333333335,21,18.0,28.0,False,22
Yadier del Valle,Featherweight,2026-08-08,49,1665.415774670639,4,3,1,0,32.457885110425195,4.0,3-1,1.2631578947368423,0.9022556390977444,0.3609022556390978,0.6766917293233083,0.6766917293233083,2.7067669172932334,0.0,4.0,4.0,0.7745098039215687,0.7843137254901961,0.4191176470588235,0.5588235294117647,0.8725490196078431,0.9803921568627451,0.7083333333333334,22,17.900000000000002,25.0,False,23
Christian Rodriguez,Featherweight,2026-06-20,98,1630.4835169256407,10,6,4,0,30.910914023570967,7.0,4-3,4.489225857940942,3.6512370311252993,0.8379888268156425,0.17956903431763768,2.3343974461292896,1.077414205905826,0.14285714285714285,4.0,4.0,0.7352941176470589,0.7745098039215687,0.5514705882352942,0.7058823529411765,0.8725490196078431,0.6274509803921569,0.6955882352941176,23,21.0,27.0,False,24
Nathaniel Wood,Featherweight,2026-09-05,21,1633.0723556835035,15,11,4,1,-46.80619919050832,6.0,4-2,4.2444444444444445,3.977777777777778,0.26666666666666666,0.6666666666666666,0.6666666666666666,0.3333333333333333,0.0,4.0,4.0,0.7450980392156863,0.21568627450980393,0.8480392156862745,0.5098039215686274,0.8725490196078431,0.7450980392156863,0.6955882352941176,24,18.0,31.0,False,25
Felipe Lima,Featherweight,2026-09-05,21,1666.435949975688,4,3,1,0,14.273557641447724,4.0,3-1,4.088888888888889,2.7733333333333334,1.3155555555555556,0.0,2.1333333333333333,0.5333333333333333,0.0,3.0,3.0,0.7843137254901961,0.7352941176470589,0.4191176470588235,0.5980392156862745,0.7009803921568627,0.8627450980392157,0.6914215686274511,25,22.0,28.0,False,26
Mairon Santos,Featherweight,2025-12-06,294,1660.8460527862635,4,4,0,0,81.5911152768922,4.0,4-0,3.3297758804695836,2.2411953041622197,1.088580576307364,0.6403415154749199,0.0,0.0,0.0,3.0,2.3666666666666667,0.7647058823529411,0.8921568627450981,0.4191176470588235,0.4215686274509804,0.5784313725490197,0.9117647058823529,0.6794117647058824,26,22.0,31.0,False,27
Sean Woodson,Featherweight,2026-08-29,28,1627.5599934221407,11,8,2,0,73.2811583463706,5.0,4-1,5.362397820163487,4.103542234332425,1.2588555858310626,0.24523160762942778,0.24523160762942778,0.0,0.2,3.0,3.0,0.7254901960784313,0.8725490196078431,0.5833333333333333,0.5686274509803921,0.7009803921568627,0.5098039215686274,0.6732843137254902,27,25.0,30.0,False,28
William Gomis,Featherweight,2026-05-09,140,1610.6868884758715,7,5,2,1,9.017027481289915,4.0,2-2,3.6,3.3833333333333333,0.21666666666666667,0.0,0.5,0.0,0.0,4.0,4.0,0.6666666666666666,0.7058823529411765,0.7254901960784313,0.3137254901960784,0.8725490196078431,0.8235294117647058,0.6730392156862746,28,23.0,32.0,False,29
David Onama,Featherweight,2025-11-01,329,1607.5388470812015,9,6,3,1,52.008731486548186,4.0,3-1,4.735758407687028,4.262182566918325,0.4735758407687028,0.3088538091969801,1.2354152367879203,0.6177076183939602,0.25,3.0,2.1722222222222225,0.6568627450980392,0.8333333333333334,0.7426470588235294,0.6176470588235294,0.5686274509803921,0.4411764705882353,0.6617647058823529,29,25.0,32.0,False,30
Marcio Barbosa,Featherweight,2026-08-22,35,1623.1307300345077,2,2,0,0,0.0,2.0,2-0,3.6437246963562755,2.4291497975708505,1.2145748987854252,7.287449392712551,0.0,0.0,0.0,2.0,2.0,0.7156862745098039,0.5049019607843137,0.3088235294117647,0.9607843137254902,0.49019607843137253,0.8725490196078431,0.6421568627450981,30,27.0,36.0,False,31
Kaan Ofli,Featherweight,2026-06-27,91,1618.8637001056547,5,3,2,0,188.56786544161378,5.0,3-2,2.4885844748858448,3.17351598173516,-0.6849315068493151,0.34246575342465757,0.34246575342465757,0.6849315068493151,0.2,4.0,4.0,0.7058823529411765,0.9803921568627451,0.4534313725490196,0.24509803921568626,0.8725490196078431,0.6470588235294118,0.6392156862745098,31,28.0,36.0,False,32
Daniel Santos,Featherweight,2026-05-16,133,1617.736807296072,6,4,2,0,43.25247071832678,3.0,2-1,6.335195530726256,5.731843575418994,0.6033519553072625,0.5027932960893854,3.519553072625698,0.0,0.3333333333333333,3.0,3.0,0.696078431372549,0.8137254901960784,0.4852941176470588,0.8235294117647058,0.7009803921568627,0.24509803921568626,0.633578431372549,32,29.0,37.0,False,33
Brian Ortega,Featherweight,2025-08-23,399,1666.6186808325945,13,8,5,4,-3.2222953525081266,3.0,1-2,2.8646173969914974,5.591890124264225,-2.727272727272727,0.0,0.8829300196206671,0.2943100065402224,0.0,1.0,-0.21666666666666656,0.7941176470588235,0.3431372549019608,0.8799019607843137,0.11764705882352941,0.06372549019607843,0.5,0.6325980392156862,33,26.0,41.0,False,34
Jordan Leavitt,Featherweight,2026-06-06,112,1605.858133533066,10,6,4,0,12.552380074640041,4.0,2-2,1.16991643454039,0.7938718662952646,0.37604456824512533,0.0,4.387186629526463,1.2534818941504178,0.5,3.0,3.0,0.6470588235294118,0.7156862745098039,0.5514705882352942,0.47058823529411764,0.7009803921568627,0.6862745098039216,0.6237745098039216,34,33.0,35.0,False,35
Dooho Choi,Featherweight,2026-09-19,7,1553.143949371212,11,6,4,0,39.445834686394846,4.0,3-1,5.467557251908397,4.351145038167939,1.116412213740458,0.4293893129770992,2.5763358778625953,1.2881679389312977,0.25,3.0,3.0,0.49019607843137253,0.803921568627451,0.5833333333333333,0.8431372549019608,0.7009803921568627,0.4215686274509804,0.5791666666666666,35,35.0,44.0,False,36
Pavel Andrusca,Featherweight,2026-09-05,21,1612.120874584689,1,1,0,0,0.0,1.0,1-0,3.3333333333333335,1.8666666666666667,1.4666666666666666,0.0,4.0,1.0,0.0,1.0,1.0,0.6764705882352942,0.5049019607843137,0.23039215686274508,0.696078431372549,0.2647058823529412,0.9509803921568627,0.5789215686274509,36,35.0,44.0,False,37
Julian Erosa,Featherweight,2026-03-28,182,1524.8503355189534,18,9,9,1,58.103745381844874,5.0,3-2,5.993303571428571,6.160714285714286,-0.16741071428571427,0.0,2.008928571428571,1.0044642857142856,0.2,3.0,2.988888888888889,0.4117647058823529,0.8431372549019608,0.8700980392156863,0.7254901960784313,0.6078431372549019,0.27450980392156865,0.5740196078431373,37,34.0,49.0,False,38
Losene Keita,Featherweight,2026-09-05,21,1616.2828476521847,2,1,1,0,0.0,2.0,1-1,3.910614525139665,3.9664804469273744,-0.0558659217877095,1.6759776536312851,0.0,0.0,0.0,2.0,2.0,0.6862745098039216,0.5049019607843137,0.3088235294117647,0.5196078431372549,0.49019607843137253,0.7549019607843137,0.5730392156862745,38,37.0,44.0,False,39
Rodrigo Vera,Featherweight,2026-05-30,119,1598.8029078693048,1,1,0,0,0.0,1.0,1-0,9.272727272727273,3.8181818181818183,5.454545454545455,8.181818181818182,8.181818181818182,0.0,0.0,1.0,1.0,0.6274509803921569,0.5049019607843137,0.23039215686274508,0.9901960784313726,0.2647058823529412,0.7941176470588235,0.5705882352941176,39,35.0,46.0,False,40
Miles Johns,Featherweight,2026-08-08,49,1560.2727715427798,12,7,5,0,21.869728475360716,6.0,3-3,3.157169117647059,3.28125,-0.12408088235294118,0.2068014705882353,1.4476102941176472,0.0,0.16666666666666666,4.0,4.0,0.5098039215686274,0.7647058823529411,0.6053921568627452,0.3235294117647059,0.8725490196078431,0.6568627450980392,0.5686274509803921,40,36.0,46.0,False,41
Murtazali Magomedov,Featherweight,2026-06-20,98,1592.756753608042,1,1,0,0,0.0,1.0,1-0,3.8961038961038956,2.3376623376623376,1.5584415584415583,0.0,11.688311688311687,11.688311688311687,0.0,1.0,1.0,0.5980392156862745,0.5049019607843137,0.23039215686274508,0.9803921568627451,0.2647058823529412,0.9019607843137255,0.567156862745098,41,36.0,48.0,False,42
Sean King III,Featherweight,2026-09-12,14,1599.049981536493,1,1,0,0,0.0,1.0,1-0,11.666666666666668,5.0,6.666666666666667,0.0,25.0,0.0,0.0,1.0,1.0,0.6372549019607843,0.5049019607843137,0.23039215686274508,1.0,0.2647058823529412,0.5882352941176471,0.555392156862745,42,39.0,50.0,False,43
Austin Bashi,Featherweight,2026-07-18,70,1570.5272808878115,3,1,2,0,15.021057813065227,3.0,1-2,1.6939078751857355,2.347696879643388,-0.6537890044576523,0.0,3.1203566121842496,0.8915304606240714,0.0,3.0,3.0,0.5490196078431373,0.7450980392156863,0.3700980392156863,0.3431372549019608,0.7009803921568627,0.8921568627450981,0.5541666666666667,43,38.0,48.10000000000002,False,44
Josh Emmett,Featherweight,2026-03-14,196,1596.7113494117914,17,10,7,5,-66.02015277614419,4.0,1-3,1.4315352697095436,3.7344398340248963,-2.3029045643153525,0.46680497925311204,1.8672199170124482,0.0,0.5,3.0,2.911111111111111,0.6176470588235294,0.14705882352941177,0.9362745098039216,0.09803921568627451,0.5882352941176471,0.3137254901960784,0.5504901960784314,44,36.0,55.0,False,45
Aaron Pico,Featherweight,2026-04-11,168,1593.9254993893135,2,1,1,0,0.0,2.0,1-1,6.1580381471389645,3.1062670299727517,3.0517711171662123,0.0,6.539509536784741,0.0,0.5,2.0,2.0,0.6078431372549019,0.5049019607843137,0.3088235294117647,0.9117647058823529,0.49019607843137253,0.37254901960784315,0.5387254901960784,45,42.0,52.0,False,46
Calvin Kattar,Featherweight,2025-07-12,441,1592.3606298415696,15,7,8,4,-80.5188369706259,3.0,0-3,1.6,4.4,-2.8,0.0,0.0,0.0,0.0,2.0,0.55,0.5882352941176471,0.09803921568627451,0.9044117647058824,0.029411764705882353,0.12745098039215685,0.696078431372549,0.5343137254901961,46,37.0,58.0,False,47
Ezra Elliott,Featherweight,2026-07-18,70,1566.3636040031954,1,1,0,0,0.0,1.0,1-0,0.4,0.4666666666666667,-0.06666666666666667,0.0,12.0,3.0,0.0,1.0,1.0,0.5196078431372549,0.5049019607843137,0.23039215686274508,0.8921568627450981,0.2647058823529412,0.9901960784313726,0.5318627450980393,47,41.0,54.0,False,48
Jack Jenkins,Featherweight,2026-08-29,28,1538.4939111069436,7,4,3,0,8.921921886735618,4.0,2-2,4.064272211720227,3.1001890359168245,0.9640831758034026,0.8506616257088847,0.8506616257088847,0.5671077504725898,0.25,3.0,3.0,0.43137254901960786,0.696078431372549,0.517156862745098,0.6470588235294118,0.7009803921568627,0.6078431372549019,0.5276960784313726,48,44.900000000000006,52.0,False,49
Patricio Freire,Featherweight,2025-07-19,434,1578.8859106957625,2,1,1,1,0.0,2.0,1-1,2.4,3.9,-1.5,0.0,3.0,0.5,0.0,2.0,0.5888888888888888,0.5588235294117647,0.5049019607843137,0.517156862745098,0.2647058823529412,0.13725490196078433,0.7647058823529411,0.5151960784313725,49,45.0,55.10000000000002,False,50
Marwan Rahiki,Featherweight,2026-09-12,14,1584.101520346514,3,2,1,0,-46.968231641599914,3.0,2-1,6.874625074985003,5.866826634673066,1.0077984403119378,1.079784043191362,0.539892021595681,0.0,0.0,3.0,3.0,0.5784313725490197,0.20588235294117646,0.3700980392156863,0.7941176470588235,0.7009803921568627,0.45098039215686275,0.5144607843137254,50,45.900000000000006,55.0,False,51
Giga Chikadze,Featherweight,2026-09-19,7,1580.0150351938566,13,8,5,2,-130.36174961976212,4.0,0-4,2.601908065915004,3.902862098872506,-1.300954032957502,0.0,0.0,0.0,0.5,3.0,3.0,0.5686274509803921,0.049019607843137254,0.8602941176470589,0.10784313725490197,0.7009803921568627,0.29411764705882354,0.5080882352941176,51,41.0,61.0,False,52
Yizha,Featherweight,2026-01-31,238,1519.368213960499,4,1,3,0,111.98578343218401,3.0,1-2,3.9847577572128468,4.050081654872074,-0.065323897659227,1.4697876973326074,1.4697876973326074,0.0,0.0,2.0,1.6777777777777778,0.39215686274509803,0.9313725490196079,0.4191176470588235,0.5882352941176471,0.37745098039215685,0.7352941176470589,0.504656862745098,52,46.0,59.0,False,53
Kurtis Campbell,Featherweight,2026-09-05,21,1548.2377506589378,2,1,1,0,0.0,2.0,1-1,3.2737030411449015,1.5026833631484795,1.7710196779964222,0.0,12.075134168157424,0.8050089445438283,0.5,2.0,2.0,0.47058823529411764,0.5049019607843137,0.3088235294117647,0.9411764705882353,0.49019607843137253,0.5686274509803921,0.4995098039215687,53,49.0,58.0,False,54
Jose Delano,Featherweight,2026-04-04,175,1566.853193690906,1,1,0,0,0.0,1.0,1-0,7.133333333333334,4.466666666666667,2.6666666666666665,0.0,0.0,0.0,0.0,1.0,1.0,0.5294117647058824,0.5049019607843137,0.23039215686274508,0.7647058823529411,0.2647058823529412,0.6666666666666666,0.4911764705882353,54,50.0,59.10000000000002,False,55
Danny Silva,Featherweight,2026-03-21,189,1540.5923335857347,4,3,1,0,4.691789848103554,4.0,3-1,4.196634774001979,5.305179808644012,-1.1085450346420322,0.5938634114153745,2.0785219399538106,0.29693170570768723,0.0,3.0,2.95,0.46078431372549017,0.6666666666666666,0.4191176470588235,0.4803921568627451,0.5980392156862745,0.5392156862745098,0.4897058823529411,55,51.900000000000006,58.0,False,56
Lerryan Douglas,Featherweight,2026-08-22,35,1553.6167901779586,2,1,1,0,0.0,2.0,1-1,5.986078886310906,4.7331786542923435,1.2529002320185616,4.176334106728539,0.0,0.0,0.5,2.0,2.0,0.5,0.5049019607843137,0.3088235294117647,0.9509803921568627,0.49019607843137253,0.22549019607843138,0.4794117647058824,56,51.0,63.0,False,57
Andre Fili,Featherweight,2026-06-20,98,1509.6370909857278,26,13,13,1,-8.751572259448722,7.0,3-4,4.080182694747526,5.968028419182948,-1.8878457244354223,0.22836843440751078,2.2836843440751076,0.0,0.42857142857142855,4.0,4.0,0.37254901960784315,0.3333333333333333,0.8897058823529411,0.3333333333333333,0.8725490196078431,0.17647058823529413,0.47352941176470587,57,49.0,64.10000000000002,False,58
Shane Collins,Featherweight,2026-06-20,98,1540.2031408750745,1,1,0,0,0.0,1.0,1-0,5.066666666666666,3.8666666666666667,1.2,0.0,0.0,3.0,0.0,1.0,1.0,0.45098039215686275,0.5049019607843137,0.23039215686274508,0.8333333333333334,0.2647058823529412,0.7745098039215687,0.47352941176470587,58,53.0,64.0,False,59
Darren Elkins,Featherweight,2026-08-08,49,1497.1335723431775,31,19,12,5,-87.13428926224697,4.0,2-2,1.9555095706156234,3.2591826176927055,-1.303673047077082,0.0,4.190377651319193,0.9311950336264873,0.5,3.0,3.0,0.3333333333333333,0.0784313725490196,0.9705882352941176,0.39215686274509803,0.7009803921568627,0.35294117647058826,0.46151960784313717,59,51.0,67.0,False,60
Patricio Pitbull,Featherweight,2026-09-19,7,1566.957726875258,2,1,1,0,0.0,2.0,1-1,4.711191335740072,6.4981949458483745,-1.787003610108303,0.8122743682310468,0.0,0.0,0.0,2.0,2.0,0.5392156862745098,0.5049019607843137,0.3088235294117647,0.3627450980392157,0.49019607843137253,0.39215686274509803,0.4549019607843138,60,57.0,65.0,False,61
Bogdan Grad,Featherweight,2026-08-01,56,1510.7864775174442,4,2,2,0,-39.85618016942885,4.0,2-2,3.2473572938689212,2.8414376321353063,0.40591966173361516,0.0,5.327695560253699,0.7610993657505285,0.25,4.0,4.0,0.38235294117647056,0.22549019607843138,0.4191176470588235,0.6666666666666666,0.8725490196078431,0.6372549019607843,0.45245098039215687,61,58.0,65.0,False,62
Michael Aswell Jr.,Featherweight,2026-09-19,7,1524.3607642207069,5,2,3,0,-25.324254135026194,5.0,2-3,6.223662884927066,6.126418152350081,0.0972447325769854,0.486223662884927,0.2431118314424635,0.0,0.0,5.0,5.0,0.4019607843137255,0.28431372549019607,0.4534313725490196,0.6078431372549019,0.9558823529411765,0.43137254901960786,0.45171568627450986,62,58.0,64.0,False,63
Isaac Dulgarian,Featherweight,2025-11-01,329,1538.7945549260373,4,2,2,0,-55.86780763942602,3.0,1-2,2.25,1.8571428571428572,0.39285714285714285,0.0,4.821428571428571,2.142857142857143,0.3333333333333333,1.0,0.17222222222222228,0.4411764705882353,0.1568627450980392,0.4191176470588235,0.7352941176470589,0.08823529411764706,0.7156862745098039,0.44754901960784316,63,57.0,66.10000000000002,False,64
Morgan Charriere,Featherweight,2026-09-05,21,1531.6989521082112,7,3,4,0,-31.83412465438255,6.0,2-4,3.460300429184549,5.359442060085836,-1.8991416309012874,0.482832618025751,1.6899141630901287,0.482832618025751,0.16666666666666666,5.0,5.0,0.4215686274509804,0.2549019607843137,0.517156862745098,0.35294117647058826,0.9558823529411765,0.38235294117647056,0.43995098039215685,64,59.0,67.0,False,65
Hyder Amil,Featherweight,2026-06-20,98,1499.484396812655,6,3,3,0,-163.37588933850998,6.0,3-3,7.270588235294118,4.9411764705882355,2.3294117647058825,0.35294117647058826,0.7058823529411765,0.7058823529411765,0.3333333333333333,4.0,4.0,0.3431372549019608,0.0196078431372549,0.4852941176470588,0.8725490196078431,0.8725490196078431,0.30392156862745096,0.4147058823529412,65,64.0,69.0,False,66
Javier Reyes,Featherweight,2026-06-27,91,1501.8057469559317,2,1,1,0,0.0,2.0,1-1,5.72972972972973,3.675675675675676,2.054054054054054,1.6216216216216217,1.6216216216216217,0.0,0.5,2.0,2.0,0.35294117647058826,0.5049019607843137,0.3088235294117647,0.8627450980392157,0.49019607843137253,0.3235294117647059,0.4142156862745099,66,63.0,69.0,False,67
Keiichiro Nakamura,Featherweight,2026-01-31,238,1550.0,1,1,0,0,0.0,1.0,1-0,3.260869565217391,5.72463768115942,-2.463768115942029,1.0869565217391304,0.0,0.0,0.0,1.0,0.6777777777777778,0.4803921568627451,0.5049019607843137,0.23039215686274508,0.18627450980392157,0.15196078431372548,0.4803921568627451,0.3870098039215686,67,66.0,71.0,False,68
Steven Nguyen,Featherweight,2025-07-26,427,1490.0058525582767,2,1,1,0,0.0,2.0,1-1,6.2,6.48,-0.28,3.6,0.6,0.0,0.0,1.0,-0.37222222222222223,0.29411764705882354,0.5049019607843137,0.3088235294117647,0.9019607843137255,0.04411764705882353,0.4019607843137255,0.3772058823529412,68,67.0,74.0,False,69
Muhammad Naimov,Featherweight,2026-09-05,21,1495.6014345932083,8,5,3,0,-144.74334096187727,7.0,4-3,2.1499762695775986,2.762221167536782,-0.6122448979591837,0.0,1.9221642145230184,0.2135738016136687,0.42857142857142855,4.0,4.0,0.3235294117647059,0.029411764705882353,0.5269607843137255,0.21568627450980393,0.8725490196078431,0.46078431372549017,0.36519607843137253,69,68.0,73.0,False,70
Isaac Thomson,Featherweight,2025-12-13,287,1490.4203023122996,1,0,1,0,0.0,1.0,0-1,1.4,2.2,-0.8,0.0,4.0,0.0,0.0,1.0,0.40555555555555556,0.30392156862745096,0.5049019607843137,0.23039215686274508,0.22549019607843138,0.11764705882352941,0.9215686274509803,0.35392156862745094,70,68.0,76.0,False,71
Douglas Silva de Andrade,Featherweight,2026-02-28,210,1508.2682145229574,14,7,7,0,-101.40117577268643,2.0,0-2,2.652210175145955,4.804003336113428,-2.1517931609674728,0.0,0.0,0.0,0.5,1.0,0.8333333333333334,0.3627450980392157,0.058823529411764705,0.625,0.08823529411764706,0.1715686274509804,0.21568627450980393,0.3330882352941177,71,70.0,81.0,False,72
Nate Landwehr,Featherweight,2026-04-11,168,1493.900025819753,11,5,6,0,-78.87038289672796,4.0,1-3,4.292284108329075,6.775677056719468,-2.4833929483903936,0.45988758303525806,0.0,0.0,0.75,3.0,3.0,0.3137254901960784,0.11764705882352941,0.5833333333333333,0.20588235294117646,0.7009803921568627,0.0784313725490196,0.3330882352941176,72,70.0,80.0,False,73
Otari Tanzilovi,Featherweight,2026-06-20,98,1459.7968591249255,1,0,1,0,0.0,1.0,0-1,3.8666666666666667,5.066666666666666,-1.2,0.0,5.0,0.0,0.0,1.0,1.0,0.2549019607843137,0.5049019607843137,0.23039215686274508,0.49019607843137253,0.2647058823529412,0.5784313725490197,0.3313725490196079,73,71.0,78.0,False,74
JooSang Yoo,Featherweight,2026-09-19,7,1479.5010890152953,3,1,2,0,-54.828535029924524,3.0,1-2,3.980815347721822,4.748201438848921,-0.7673860911270983,0.7194244604316546,0.7194244604316546,0.0,0.3333333333333333,3.0,3.0,0.28431372549019607,0.16666666666666666,0.3700980392156863,0.4019607843137255,0.7009803921568627,0.3431372549019608,0.3281862745098039,74,72.0,78.0,False,75
Ricardo Ramos,Featherweight,2025-10-11,350,1462.1222423570268,15,8,7,0,-70.80284193767875,4.0,1-3,2.0406235238545114,4.534718941898914,-2.4940954180444024,0.0,1.7005196032120926,1.7005196032120926,0.5,2.0,1.0555555555555556,0.2647058823529412,0.13725490196078433,0.6397058823529411,0.23529411764705882,0.3480392156862745,0.23529411764705882,0.32524509803921564,75,72.0,80.0,False,76
Gaston Bolanos,Featherweight,2026-06-20,98,1454.4272985853515,5,3,2,0,-11.375922735156337,4.0,2-2,3.811972089607051,4.34080058758722,-0.528828497980169,0.0,0.9915534337128168,0.0,0.5,3.0,3.0,0.24509803921568626,0.3235294117647059,0.4534313725490196,0.29411764705882354,0.7009803921568627,0.2647058823529412,0.32426470588235295,76,73.0,78.10000000000002,False,77
Trevor Peek,Featherweight,2026-09-05,21,1435.8505685420344,6,2,4,0,-48.47436482946614,4.0,1-3,3.0111843991970173,3.1488385431603096,-0.13765414396329223,0.0,1.5486091195870375,0.0,0.25,1.0,1.0,0.20588235294117646,0.18627450980392157,0.4852941176470588,0.28431372549019607,0.2647058823529412,0.5980392156862745,0.30980392156862746,77,74.0,82.0,False,78
Damien Anderson,Featherweight,2026-07-18,70,1433.6363959968046,1,0,1,0,0.0,1.0,0-1,0.4666666666666667,0.4,0.06666666666666667,0.0,0.0,1.0,0.0,1.0,1.0,0.18627450980392157,0.5049019607843137,0.23039215686274508,0.13725490196078433,0.2647058823529412,1.0,0.3073529411764706,78,72.0,84.0,False,79
Kai Kamaka III,Featherweight,2026-07-11,77,1444.9325725528647,2,1,1,0,0.0,2.0,1-1,7.091412742382271,8.254847645429363,-1.1634349030470914,0.0,0.0,0.0,0.5,2.0,2.0,0.21568627450980393,0.5049019607843137,0.3088235294117647,0.5,0.49019607843137253,0.08823529411764706,0.2926470588235295,79,76.0,83.0,False,80
Robert Ruchala,Featherweight,2026-04-04,175,1428.1406248851456,2,0,2,0,0.0,2.0,0-2,3.3666666666666667,5.2,-1.8333333333333333,0.0,1.0,0.0,0.0,2.0,2.0,0.17647058823529413,0.5049019607843137,0.3088235294117647,0.17647058823529413,0.49019607843137253,0.5490196078431373,0.28872549019607846,80,77.0,83.10000000000002,False,81
Sebastian Szalay,Featherweight,2026-01-31,238,1450.0,1,0,1,0,0.0,1.0,0-1,5.72463768115942,3.260869565217391,2.463768115942029,0.0,1.0869565217391304,0.0,1.0,1.0,0.6777777777777778,0.22549019607843138,0.5049019607843137,0.23039215686274508,0.6862745098039216,0.15196078431372548,0.13725490196078433,0.2879901960784314,81,75.0,85.0,False,82
Dennis Buzukja,Featherweight,2026-08-01,56,1376.2140473950817,6,1,5,0,5.206812365643145,5.0,1-4,5.476618705035972,4.829136690647482,0.6474820143884893,0.4046762589928058,0.0,0.0,0.6,2.0,2.0,0.058823529411764705,0.6764705882352942,0.4852941176470588,0.5392156862745098,0.49019607843137253,0.16666666666666666,0.2862745098039216,82,75.0,85.0,False,83
Melsik Baghdasaryan,Featherweight,2026-06-20,98,1467.5252997747807,6,3,3,0,-88.30425353537771,2.0,0-2,1.8072289156626506,4.156626506024097,-2.3493975903614457,0.0,0.0,0.0,1.0,2.0,2.0,0.27450980392156865,0.06862745098039216,0.4852941176470588,0.06862745098039216,0.49019607843137253,0.09803921568627451,0.2686274509803922,83,79.0,87.0,False,84
Ricky Turcios,Featherweight,2026-03-07,203,1415.7536190629046,6,2,4,0,-77.70528316152672,3.0,0-3,3.816884661117717,4.137931034482758,-0.3210463733650416,0.0,0.535077288941736,0.535077288941736,0.6666666666666666,2.0,1.8722222222222222,0.14705882352941177,0.12745098039215685,0.4852941176470588,0.37254901960784315,0.39215686274509803,0.19607843137254902,0.25245098039215685,84,83.0,88.0,False,85
Alberto Montes,Featherweight,2026-07-18,70,1451.8907103229947,2,1,1,0,0.0,2.0,1-1,4.5953002610966065,14.30809399477807,-9.712793733681464,0.0,0.0,0.783289817232376,0.5,2.0,2.0,0.23529411764705882,0.5049019607843137,0.3088235294117647,0.0196078431372549,0.49019607843137253,0.029411764705882353,0.24754901960784312,85,83.0,90.0,False,86
Gianni Vazquez,Featherweight,2026-08-08,49,1395.6781025897992,2,0,2,0,0.0,2.0,0-2,1.7079889807162536,3.9118457300275487,-2.203856749311295,0.0,0.0,1.6528925619834711,0.5,2.0,2.0,0.10784313725490197,0.5049019607843137,0.3088235294117647,0.1568627450980392,0.49019607843137253,0.28431372549019607,0.22941176470588237,86,86.0,92.0,False,87
Lucas Almeida,Featherweight,2025-10-11,350,1393.2241544614594,6,2,4,0,-86.15249044585471,4.0,1-3,4.626300851466414,5.421002838221381,-0.7947019867549668,0.42573320719016083,0.0,0.0,0.5,2.0,1.0555555555555556,0.09803921568627451,0.08823529411764706,0.4852941176470588,0.38235294117647056,0.3480392156862745,0.18627450980392157,0.22426470588235295,87,87.0,94.0,False,88
JeongYeong Lee,Featherweight,2025-05-10,504,1424.0262924247718,4,2,2,0,-136.31957400167698,3.0,1-2,3.8927613941018766,4.857908847184987,-0.96514745308311,0.0,0.96514745308311,0.0,0.3333333333333333,1.0,-0.8,0.16666666666666666,0.0392156862745098,0.4191176470588235,0.2549019607843137,0.0196078431372549,0.3333333333333333,0.2225490196078431,88,86.0,95.0,False,89
Westin Wilson,Featherweight,2025-08-23,399,1352.6700129809926,4,1,3,0,-21.82203799493095,3.0,1-2,1.6582914572864318,6.331658291457285,-4.673366834170853,0.0,2.261306532663316,6.783919597989948,0.6666666666666666,1.0,-0.21666666666666656,0.0392156862745098,0.30392156862745096,0.4191176470588235,0.7450980392156863,0.06372549019607843,0.12745098039215685,0.22230392156862744,89,84.0,95.0,False,90
Ramon Taveras,Featherweight,2025-09-27,364,1400.7934911482716,3,1,2,0,-37.10794574804049,3.0,1-2,3.8666666666666667,6.466666666666667,-2.6,0.3333333333333333,0.0,0.0,0.0,2.0,0.9777777777777779,0.11764705882352941,0.24509803921568626,0.3700980392156863,0.16666666666666666,0.18627450980392157,0.4117647058823529,0.21862745098039216,90,87.0,93.0,False,91
Ryan Kuse,Featherweight,2026-08-22,35,1433.985567572411,1,0,1,0,0.0,1.0,0-1,1.7964071856287427,3.9520958083832336,-2.155688622754491,0.0,0.0,0.0,1.0,1.0,1.0,0.19607843137254902,0.5049019607843137,0.23039215686274508,0.0784313725490196,0.2647058823529412,0.11764705882352941,0.21764705882352942,91,86.0,93.0,False,92
Harry Hardwick,Featherweight,2026-03-14,196,1391.4390638148566,2,0,2,0,0.0,2.0,0-2,5.468164794007491,8.539325842696629,-3.0711610486891385,0.0,0.0,0.0,1.0,2.0,1.9111111111111112,0.08823529411764706,0.5049019607843137,0.3088235294117647,0.19607843137254902,0.4019607843137255,0.049019607843137254,0.19656862745098042,92,90.0,96.0,False,93
Jeka Saragih,Featherweight,2025-06-07,476,1331.6537113668776,4,1,3,0,-168.03158382302604,3.0,1-2,2.608695652173913,4.434782608695652,-1.826086956521739,3.9130434782608696,3.9130434782608696,0.0,0.6666666666666666,1.0,-0.6444444444444444,0.029411764705882353,0.00980392156862745,0.4191176470588235,0.8137254901960784,0.029411764705882353,0.1568627450980392,0.1965686274509804,93,88.0,100.0,False,94
Roberto Romero,Featherweight,2025-04-26,518,1381.7764187327248,2,0,2,0,0.0,2.0,0-2,4.557491289198607,6.439024390243903,-1.8815331010452963,0.6271777003484321,0.0,0.0,0.5,2.0,0.12222222222222223,0.06862745098039216,0.5049019607843137,0.3088235294117647,0.30392156862745096,0.0784313725490196,0.14705882352941177,0.19215686274509802,94,92.0,97.0,False,95
Ollie Schmid,Featherweight,2026-05-02,147,1420.3026266141835,1,0,1,0,0.0,1.0,0-1,3.2335329341317367,7.904191616766467,-4.6706586826347305,0.0,0.0,0.0,1.0,1.0,1.0,0.1568627450980392,0.5049019607843137,0.23039215686274508,0.049019607843137254,0.2647058823529412,0.058823529411764705,0.19117647058823534,95,90.0,97.0,False,96
Zhu Kangjie,Featherweight,2026-05-30,119,1401.1970921306952,1,0,1,0,0.0,1.0,0-1,3.8181818181818183,9.272727272727273,-5.454545454545455,0.0,0.0,0.0,1.0,1.0,1.0,0.13725490196078433,0.5049019607843137,0.23039215686274508,0.0392156862745098,0.2647058823529412,0.0392156862745098,0.17941176470588238,96,93.0,98.0,False,97
Jessie Rosas,Featherweight,2026-09-12,14,1400.950018463507,1,0,1,0,0.0,1.0,0-1,5.0,11.666666666666668,-6.666666666666667,0.0,0.0,0.0,1.0,1.0,1.0,0.12745098039215685,0.5049019607843137,0.23039215686274508,0.058823529411764705,0.2647058823529412,0.0196078431372549,0.17500000000000002,97,95.0,99.0,False,98
Erik Silva,Featherweight,2026-02-28,210,1385.9439450744978,3,0,3,0,-48.286708189812316,2.0,0-2,1.5544041450777202,1.2435233160621761,0.31088082901554404,0.0,0.0,0.0,1.0,1.0,0.8333333333333334,0.0784313725490196,0.19607843137254902,0.3700980392156863,0.12745098039215685,0.1715686274509804,0.20588235294117646,0.17083333333333334,98,95.0,99.0,False,99
Manolo Zecchini,Featherweight,2026-04-04,175,1360.4855233460853,2,0,2,0,0.0,1.0,0-1,3.7179487179487176,12.82051282051282,-9.102564102564102,0.0,0.0,0.0,1.0,1.0,1.0,0.049019607843137254,0.5049019607843137,0.3088235294117647,0.00980392156862745,0.2647058823529412,0.00980392156862745,0.14950980392156865,99,98.0,101.0,False,100
Connor Matthews,Featherweight,2025-05-17,497,1299.6240657290223,3,0,3,0,-37.769862043581725,3.0,0-3,4.250513347022587,6.960985626283367,-2.71047227926078,0.0,2.7720739219712525,0.0,1.0,2.0,0.23888888888888893,0.0196078431372549,0.23529411764705882,0.3700980392156863,0.27450980392156865,0.10784313725490197,0.06862745098039216,0.14607843137254903,100,100.0,101.0,False,101
Mohammad Yahya,Featherweight,2025-07-26,427,1276.1526505511988,3,0,3,0,-79.29674388629587,3.0,0-3,3.495798319327731,6.38655462184874,-2.8907563025210083,0.0,0.5042016806722689,0.5042016806722689,0.6666666666666666,1.0,-0.37222222222222223,0.00980392156862745,0.10784313725490197,0.3700980392156863,0.14705882352941177,0.04411764705882353,0.10784313725490197,0.11691176470588237,101,102.0,102.0,False,102
Joshua Van,Flyweight,2026-09-19,7,1776.483035719261,12,11,1,4,173.06672476436006,11.0,10-1,8.28094932649134,5.728030788967287,2.5529185375240537,0.7697241821680564,0.7697241821680564,0.28864656831302116,0.09090909090909091,7.0,7.0,1.0,1.0,0.857843137254902,0.9411764705882353,0.9803921568627451,0.23529411764705882,0.8882352941176472,0,1.0,2.0,True,1
Manel Kape,Flyweight,2026-06-20,98,1738.71992031519,11,8,3,4,63.45363072885334,5.0,4-1,4.129188047087232,3.096891035315424,1.032297011771808,0.8149713250830063,0.0,0.0,0.0,4.0,4.0,0.9803921568627451,0.8627450980392157,0.8382352941176471,0.43137254901960786,0.7254901960784313,0.7450980392156863,0.8490196078431371,1,1.0,3.0,False,2
Alexandre Pantoja,Flyweight,2026-09-19,7,1712.8243058943833,19,14,5,8,-7.528840356354294,6.0,4-2,4.73015873015873,4.867724867724868,-0.13756613756613756,0.0,4.444444444444445,0.6349206349206349,0.16666666666666666,4.0,4.0,0.9411764705882353,0.39215686274509803,0.9656862745098039,0.8823529411764706,0.7254901960784313,0.37254901960784315,0.8176470588235294,2,2.0,8.0,False,3
Brandon Royval,Flyweight,2026-07-11,77,1675.3377803420497,13,8,5,6,54.74272829573147,6.0,3-3,6.5066999065129325,4.917419756933624,1.589280149579308,0.0,0.9816142100342786,0.7011530071673419,0.16666666666666666,4.0,4.0,0.8823529411764706,0.803921568627451,0.892156862745098,0.8235294117647058,0.7254901960784313,0.35294117647058826,0.8098039215686275,3,3.0,7.0,False,4
Tatsuro Taira,Flyweight,2026-05-09,140,1713.4621415215918,10,8,2,3,44.002001832876886,6.0,4-2,2.6510369702434624,4.192966636609558,-1.5419296663660955,0.40577096483318303,4.260595130748422,0.40577096483318303,0.16666666666666666,4.0,4.0,0.9607843137254902,0.7647058823529411,0.7941176470588236,0.5490196078431373,0.7254901960784313,0.49019607843137253,0.807843137254902,4,3.0,7.0,False,5
Ramazan Temirov,Flyweight,2026-07-25,63,1692.6402501937264,3,3,0,2,91.9406254994908,3.0,3-0,4.7332832456799405,3.6513899323816683,1.0818933132982722,3.3809166040571004,0.6761833208114201,0.0,0.0,3.0,3.0,0.9215686274509803,0.9411764705882353,0.5049019607843137,0.9607843137254902,0.5,0.7058823529411765,0.801470588235294,5,3.0,7.100000000000023,False,6
Asu Almabayev,Flyweight,2026-06-27,91,1677.9700019516156,8,7,1,0,27.520516785421933,7.0,6-1,2.204124068618957,2.0585687055969504,0.1455553630220066,0.15595217466643566,4.834517414659505,1.2476173973314852,0.14285714285714285,5.0,5.0,0.9019607843137255,0.7058823529411765,0.47058823529411764,0.8431372549019608,0.8725490196078431,0.8431372549019608,0.782843137254902,6,4.0,9.0,False,7
Kyoji Horiguchi,Flyweight,2026-06-20,98,1599.5099254234485,11,9,2,3,99.50992542344852,3.0,2-1,3.725,1.025,2.7,0.75,0.75,0.375,0.3333333333333333,3.0,3.0,0.7254901960784313,0.9607843137254902,0.8137254901960784,0.7254901960784313,0.5,0.8627450980392157,0.7691176470588236,7,5.0,10.0,False,8
Sumudaerji,Flyweight,2026-08-29,28,1614.0344917389966,11,7,4,1,88.12236764071145,6.0,4-2,3.871784057359764,1.7840573597638127,2.087726697595951,0.0,0.7591733445803459,0.37958667229017296,0.16666666666666666,5.0,5.0,0.7647058823529411,0.9215686274509803,0.7156862745098039,0.49019607843137253,0.8725490196078431,0.8823529411764706,0.7602941176470589,8,7.0,10.100000000000023,False,9
Rei Tsuruya,Flyweight,2026-08-29,28,1637.6302526906827,4,3,1,0,127.27186012755055,4.0,3-1,2.7962716378162447,2.0239680426098534,0.7723035952063914,0.0,3.994673768308921,0.7989347536617842,0.0,3.0,3.0,0.8431372549019608,0.9803921568627451,0.3088235294117647,0.7058823529411765,0.5,0.9411764705882353,0.7289215686274509,9,8.0,13.0,False,10
Kai Kara-France,Flyweight,2025-06-28,455,1651.7298275800233,13,8,5,2,27.069511671986675,2.0,1-1,3.5036496350364965,3.1908237747653807,0.31282586027111575,1.8769551616266946,0.0,0.0,0.5,1.0,-0.5277777777777777,0.8627450980392157,0.6862745098039216,0.8137254901960784,0.5882352941176471,0.0392156862745098,0.3333333333333333,0.7137254901960784,10,9.0,15.0,False,11
Jose Ochoa,Flyweight,2026-05-09,140,1633.0090456993876,4,2,2,0,63.353504706922195,4.0,2-2,5.161076054466954,2.9890401859847224,2.1720358684822316,0.5978080371969445,0.29890401859847227,0.8967120557954167,0.0,4.0,4.0,0.803921568627451,0.8431372549019608,0.3088235294117647,0.8627450980392157,0.7254901960784313,0.7843137254901961,0.7088235294117649,11,10.900000000000002,15.0,False,12
Brandon Moreno,Flyweight,2026-09-12,14,1635.3714094426323,21,12,7,8,-91.40141488446534,6.0,3-3,3.986928104575163,4.248366013071895,-0.26143790849673204,0.0,0.7352941176470588,0.12254901960784313,0.16666666666666666,5.0,5.0,0.8235294117647058,0.13725490196078433,0.9754901960784315,0.2549019607843137,0.8725490196078431,0.47058823529411764,0.6955882352941176,12,9.0,17.100000000000023,False,13
Charles Johnson,Flyweight,2026-08-15,42,1563.2392916059634,16,9,7,1,79.74747778281426,11.0,7-4,4.778313253012048,4.0120481927710845,0.7662650602409639,0.4337349397590361,0.5421686746987951,0.5421686746987951,0.18181818181818182,7.0,7.0,0.6078431372549019,0.9019607843137255,0.7892156862745099,0.6078431372549019,0.9803921568627451,0.5098039215686274,0.6823529411764707,13,12.0,17.0,False,14
Alex Perez,Flyweight,2026-08-29,28,1600.539504736287,15,8,7,3,-2.8914435499132196,6.0,2-4,3.1927540333993774,3.141805830738749,0.05094820266062836,0.7642230399094254,2.0379281064251344,0.0,0.3333333333333333,3.0,3.0,0.7450980392156863,0.4117647058823529,0.8725490196078431,0.45098039215686275,0.5,0.5686274509803921,0.6779411764705884,14,12.0,16.0,False,15
Alden Coria,Flyweight,2026-07-18,70,1619.4296776449428,4,4,0,0,-34.652630191818844,4.0,4-0,5.643180349062702,2.4434389140271495,3.199741435035553,0.0,3.4906270200387852,1.1635423400129283,0.0,4.0,4.0,0.7843137254901961,0.2549019607843137,0.3088235294117647,0.9803921568627451,0.7254901960784313,0.9019607843137255,0.6647058823529413,15,12.0,19.0,False,16
Allan Nascimento,Flyweight,2026-06-20,98,1596.8251924814647,6,4,2,1,27.680219841513008,3.0,2-1,3.1923244657653727,2.852158744003489,0.340165721761884,0.39249890972525076,0.39249890972525076,0.7849978194505015,0.0,3.0,3.0,0.7058823529411765,0.7254901960784313,0.5833333333333334,0.3333333333333333,0.5,0.8235294117647058,0.6475490196078433,16,15.0,19.0,False,17
Tim Elliott,Flyweight,2026-09-12,14,1570.0307816696295,23,11,12,2,-8.159539202244105,5.0,3-2,3.8954171562867215,4.212690951821386,-0.3172737955346651,0.0,2.90834312573443,1.3219741480611045,0.2,3.0,3.0,0.6274509803921569,0.37254901960784315,0.9019607843137255,0.6862745098039216,0.5,0.4117647058823529,0.6348039215686274,17,16.0,20.0,False,18
Joseph Morales,Flyweight,2026-09-12,14,1579.3198392362044,6,3,3,0,79.31983923620442,3.0,2-1,4.04364569961489,3.812580231065468,0.2310654685494223,0.0,1.7329910141206675,1.7329910141206675,0.0,3.0,3.0,0.6470588235294118,0.8823529411764706,0.3970588235294118,0.7450980392156863,0.5,0.6862745098039216,0.6269607843137255,18,15.0,20.0,False,19
Tagir Ulanbekov,Flyweight,2025-11-22,308,1582.361980940705,8,6,2,2,-11.357322579127413,4.0,3-1,2.707057686110216,3.5771833709313565,-0.8701256848211408,0.29004189494038024,1.7402513696422817,2.030293264582662,0.25,3.0,2.2888888888888888,0.6862745098039216,0.3333333333333333,0.7156862745098039,0.6470588235294118,0.3137254901960784,0.5490196078431373,0.6205882352941177,19,18.0,20.0,False,20
Bilal Hasan,Flyweight,2026-08-29,28,1580.0553639703255,1,1,0,0,0.0,1.0,1-0,7.098214285714286,4.419642857142857,2.6785714285714284,2.008928571428571,2.008928571428571,0.0,0.0,1.0,1.0,0.6666666666666666,0.5294117647058824,0.19607843137254902,1.0,0.1568627450980392,0.6470588235294118,0.5647058823529411,20,21.0,24.0,False,21
Nyamjargal Tumendemberel,Flyweight,2026-03-07,203,1556.6390552668304,3,2,1,0,35.471663878968684,3.0,2-1,1.88545362392296,1.9158641662442981,-0.030410542321338066,0.45615813482007095,2.7369488089204257,1.3684744044602128,0.0,3.0,2.8722222222222222,0.5686274509803921,0.7450980392156863,0.2598039215686274,0.6666666666666666,0.37254901960784315,0.9607843137254902,0.5637254901960784,21,21.0,23.0,False,22
Fabia Sintes,Flyweight,2026-09-05,21,1559.5768125949098,1,1,0,0,0.0,1.0,1-0,1.8666666666666667,0.6666666666666666,1.2,0.0,3.0,3.0,0.0,1.0,1.0,0.5882352941176471,0.5294117647058824,0.19607843137254902,0.9019607843137255,0.1568627450980392,1.0,0.5549019607843136,22,21.0,25.0,False,23
Andre Lima,Flyweight,2026-08-29,28,1550.4453557043832,6,5,1,0,13.886115225065168,6.0,5-1,3.8607594936708862,3.050632911392405,0.810126582278481,0.0,0.9493670886075949,1.139240506329114,0.0,3.0,3.0,0.5098039215686274,0.6274509803921569,0.3970588235294118,0.5686274509803921,0.5,0.7647058823529411,0.5299019607843137,23,23.0,25.0,False,24
Edgar Chairez,Flyweight,2026-09-12,14,1522.0019842135,7,4,3,0,46.01311282288816,6.0,4-2,4.518518518518518,4.87037037037037,-0.35185185185185186,0.5555555555555556,0.0,1.3888888888888888,0.0,4.0,4.0,0.4117647058823529,0.7843137254901961,0.4362745098039216,0.6274509803921569,0.7254901960784313,0.5882352941176471,0.5088235294117647,24,23.0,28.0,False,25
Jesus Aguilar,Flyweight,2026-03-07,203,1529.117118840541,8,5,3,0,-27.182049652840988,6.0,4-2,5.511912427559562,4.623309723116548,0.8886027044430135,0.0,1.54539600772698,0.77269800386349,0.0,4.0,3.8722222222222222,0.45098039215686275,0.29411764705882354,0.47058823529411764,0.7647058823529411,0.6274509803921569,0.6078431372549019,0.4950980392156863,25,25.0,28.0,False,26
Imanol Rodriguez,Flyweight,2026-02-28,210,1536.7268689661566,1,1,0,0,0.0,1.0,1-0,4.919786096256685,2.3529411764705883,2.5668449197860963,1.6042780748663101,1.6042780748663101,0.0,0.0,1.0,0.8333333333333334,0.47058823529411764,0.5294117647058824,0.19607843137254902,0.9215686274509803,0.09803921568627451,0.9215686274509803,0.4931372549019608,26,25.0,31.100000000000023,False,27
Steve Erceg,Flyweight,2026-07-25,63,1551.8076022387145,9,5,4,0,-49.631504674376174,8.0,4-4,4.694533762057878,4.225999081304548,0.46853468075333027,0.13780431786862657,0.8268259072117593,0.27560863573725314,0.25,4.0,4.0,0.5294117647058824,0.21568627450980393,0.4950980392156863,0.39215686274509803,0.7254901960784313,0.39215686274509803,0.47352941176470587,27,26.0,30.0,False,28
Lone'er Kavanagh,Flyweight,2026-07-11,77,1545.1807548192976,5,3,2,1,-16.05930683568954,5.0,3-2,4.102236421725239,3.9361022364217244,0.16613418530351434,0.19169329073482425,1.1501597444089455,0.3833865814696485,0.4,5.0,5.0,0.49019607843137253,0.3137254901960784,0.5490196078431373,0.37254901960784315,0.8725490196078431,0.29411764705882354,0.47205882352941175,28,26.0,30.0,False,29
Amir Albazi,Flyweight,2026-02-07,231,1556.212492300877,7,5,2,1,-77.62371311082347,2.0,0-2,1.975,5.125,-3.15,0.0,0.375,0.0,0.0,2.0,1.7166666666666668,0.5490196078431373,0.1568627450980392,0.6225490196078431,0.0196078431372549,0.2549019607843137,0.45098039215686275,0.44705882352941184,29,27.0,33.0,False,30
Alessandro Costa,Flyweight,2026-07-11,77,1516.516380256183,9,5,4,0,-31.044711876827023,7.0,4-3,3.6744432661717927,5.455991516436904,-1.7815482502651114,0.7158006362672323,1.670201484623542,2.3860021208907742,0.2857142857142857,5.0,5.0,0.39215686274509803,0.27450980392156865,0.4950980392156863,0.7843137254901961,0.8725490196078431,0.19607843137254902,0.44460784313725493,30,29.0,33.0,False,31
Mitch Raposo,Flyweight,2026-06-20,98,1492.4838234034705,4,2,2,0,57.92104322454156,4.0,2-2,1.8166666666666667,2.8833333333333333,-1.0666666666666667,0.0,1.75,0.0,0.0,3.0,3.0,0.35294117647058826,0.8235294117647058,0.3088235294117647,0.09803921568627451,0.5,0.803921568627451,0.41813725490196085,31,29.0,35.0,False,32
Cody Durden,Flyweight,2026-07-11,77,1468.9298603806658,17,7,9,1,-118.23972359204686,9.0,2-7,3.386641580432738,4.763875823142051,-1.3772342427093134,0.0,2.3706491063029165,0.8466603951081845,0.5555555555555556,6.0,6.0,0.3333333333333333,0.0784313725490196,0.803921568627451,0.35294117647058826,0.9411764705882353,0.13725490196078433,0.41470588235294115,32,30.0,36.0,False,33
Lucas Rocha,Flyweight,2025-10-11,350,1527.1198256394514,2,1,1,0,0.0,2.0,1-1,5.9459459459459465,3.5585585585585586,2.3873873873873874,0.0,2.027027027027027,0.0,0.5,2.0,1.0555555555555556,0.43137254901960786,0.5294117647058824,0.24019607843137253,0.803921568627451,0.21568627450980393,0.2549019607843137,0.411764705882353,33,31.0,35.0,False,34
Ode Osbourne,Flyweight,2026-02-21,217,1464.7764112661177,13,5,8,0,-40.75353203828604,5.0,1-4,2.165039929015084,2.0940550133096716,0.0709849157054126,0.5323868677905945,0.5323868677905945,0.5323868677905945,0.2,3.0,2.7944444444444443,0.3137254901960784,0.23529411764705882,0.5686274509803921,0.27450980392156865,0.3333333333333333,0.7254901960784313,0.3950980392156863,34,32.0,35.0,False,35
Alibi Idiris,Flyweight,2026-02-21,217,1502.545269966464,2,1,1,0,0.0,2.0,1-1,2.514450867052023,2.6445086705202314,-0.13005780346820808,0.0,3.2514450867052025,0.0,0.5,2.0,1.7944444444444445,0.37254901960784315,0.5294117647058824,0.24019607843137253,0.3137254901960784,0.27450980392156865,0.43137254901960786,0.3568627450980393,35,35.0,38.0,False,36
Azat Maksum,Flyweight,2025-10-25,336,1441.4692250678063,4,1,3,0,-0.44908310163350507,3.0,0-3,2.6444444444444444,3.8666666666666667,-1.2222222222222223,0.3333333333333333,4.0,0.3333333333333333,0.0,2.0,1.1333333333333333,0.21568627450980393,0.43137254901960786,0.3088235294117647,0.47058823529411764,0.23529411764705882,0.6666666666666666,0.32745098039215687,36,37.0,40.0,False,37
Matt Schnell,Flyweight,2026-06-06,112,1422.6886225279688,16,7,9,2,-116.23434498682786,5.0,1-4,3.484283431006926,3.3244539158231223,0.15982951518380395,0.0,0.47948854555141185,1.4384656366542357,0.8,3.0,3.0,0.13725490196078433,0.09803921568627451,0.8480392156862746,0.4117647058823529,0.5,0.1568627450980392,0.3230392156862746,37,36.0,42.0,False,38
HyunSung Park,Flyweight,2025-10-18,343,1448.8106524635323,5,3,2,0,-96.84568612145085,4.0,2-2,3.292273236282195,3.493840985442329,-0.2015677491601344,1.007838745800672,1.007838745800672,0.503919372900336,0.5,3.0,2.0944444444444446,0.27450980392156865,0.11764705882352941,0.3627450980392157,0.5294117647058824,0.29411764705882354,0.27450980392156865,0.3029411764705883,38,38.0,42.0,False,39
Bruno Silva,Flyweight,2026-06-06,112,1432.959441219272,22,9,13,0,-181.85505768412077,10.0,2-8,4.104443426477324,6.156665139715987,-2.052221713238662,0.2748511223087494,1.2368300503893723,0.1374255611543747,0.4,7.0,7.0,0.17647058823529413,0.0196078431372549,0.6470588235294117,0.23529411764705882,0.9803921568627451,0.09803921568627451,0.2931372549019608,39,38.0,45.0,False,40
Michael Aljarouj,Flyweight,2026-09-05,21,1440.4231874050902,1,0,1,0,0.0,1.0,0-1,0.6666666666666666,1.8666666666666667,-1.2,0.0,0.0,1.0,0.0,1.0,1.0,0.19607843137254902,0.5294117647058824,0.19607843137254902,0.0392156862745098,0.1568627450980392,0.9803921568627451,0.2901960784313726,40,38.0,46.0,False,41
Kevin Borjas,Flyweight,2026-08-29,28,1369.632508373138,7,2,5,1,24.35328043212394,7.0,2-5,3.3056133056133055,5.9251559251559245,-2.6195426195426195,0.5613305613305613,0.0,0.0,0.42857142857142855,5.0,5.0,0.0784313725490196,0.6470588235294118,0.6225490196078431,0.0784313725490196,0.8725490196078431,0.11764705882352941,0.2877450980392157,41,37.0,46.0,False,42
Jimmy Flick,Flyweight,2025-04-26,518,1362.4288494607226,6,2,4,0,25.276465646706583,3.0,1-2,1.4331649058337161,4.437299035369775,-3.004134129536059,0.0,2.8938906752411575,2.8938906752411575,0.0,1.0,-0.8777777777777778,0.058823529411764705,0.6666666666666666,0.3970588235294118,0.5098039215686274,0.0196078431372549,0.6274509803921569,0.2872549019607843,42,38.0,46.0,False,43
Clayton Carpenter,Flyweight,2026-05-09,140,1446.1697586642383,5,2,3,0,-165.67627182220667,4.0,1-3,3.60381861575179,5.178997613365155,-1.5751789976133652,0.0,1.431980906921241,0.35799522673031026,0.25,4.0,4.0,0.2549019607843137,0.0392156862745098,0.3627450980392157,0.19607843137254902,0.7254901960784313,0.21568627450980393,0.26862745098039215,43,41.0,46.0,False,44
Felipe Bunes,Flyweight,2026-02-28,210,1442.4201455880018,4,1,3,0,-63.72296014727726,4.0,1-3,3.174348697394789,4.569138276553106,-1.3947895791583165,0.0,1.0821643286573146,1.442885771543086,0.25,3.0,2.8333333333333335,0.23529411764705882,0.19607843137254902,0.3088235294117647,0.29411764705882354,0.35294117647058826,0.3137254901960784,0.2656862745098039,44,42.0,45.0,False,45
Namsrai Batbayar,Flyweight,2026-08-29,28,1458.5306354156626,1,0,1,0,0.0,1.0,0-1,3.908045977011494,3.601532567049808,0.3065134099616858,0.0,0.0,0.0,1.0,1.0,1.0,0.29411764705882354,0.5294117647058824,0.19607843137254902,0.17647058823529413,0.1568627450980392,0.0784313725490196,0.25784313725490193,45,40.0,47.0,False,46
Carlos Hernandez,Flyweight,2025-05-17,497,1427.3124792635647,7,3,4,0,-75.93421866545305,4.0,1-3,1.7209908735332464,2.346805736636245,-0.6258148631029987,0.0,1.9556714471968708,0.0,0.5,2.0,0.23888888888888893,0.1568627450980392,0.17647058823529413,0.4362745098039216,0.11764705882352941,0.0784313725490196,0.5294117647058824,0.24411764705882352,46,44.0,47.0,False,47
Stewart Nicoll,Flyweight,2026-07-18,70,1355.406655265758,4,0,4,0,-8.548424345249941,4.0,0-4,3.00587084148728,4.8140900195694725,-1.808219178082192,0.0,2.818003913894325,0.0,0.5,3.0,3.0,0.0392156862745098,0.35294117647058826,0.3088235294117647,0.21568627450980393,0.5,0.17647058823529413,0.17892156862745098,47,48.0,50.0,False,48
Terrance Saeteurn,Flyweight,2025-08-23,399,1421.2487120024925,1,0,1,0,0.0,1.0,0-1,3.815028901734104,3.815028901734104,0.0,0.0,0.0,0.0,1.0,1.0,-0.21666666666666656,0.11764705882352941,0.5294117647058824,0.19607843137254902,0.13725490196078433,0.058823529411764705,0.058823529411764705,0.16764705882352943,48,48.0,49.0,False,49
Nilson Rojas,Flyweight,2026-08-29,28,1419.9446360296745,1,0,1,0,0.0,1.0,0-1,4.419642857142857,7.098214285714286,-2.6785714285714284,0.0,0.0,0.0,1.0,1.0,1.0,0.09803921568627451,0.5294117647058824,0.19607843137254902,0.058823529411764705,0.1568627450980392,0.0196078431372549,0.1519607843137255,49,49.0,50.0,False,50
Daniel Barez,Flyweight,2026-05-16,133,1336.7142647985352,4,1,3,0,-157.57471741888185,3.0,1-2,4.943907156673114,7.613152804642166,-2.6692456479690523,0.3481624758220503,0.6963249516441006,0.0,0.3333333333333333,3.0,3.0,0.0196078431372549,0.058823529411764705,0.3088235294117647,0.1568627450980392,0.5,0.0392156862745098,0.12107843137254902,50,50.900000000000006,51.0,False,51
Alexander Volkov,Heavyweight,2026-05-09,140,1894.3834741016553,19,14,5,10,42.95862161402488,4.0,3-1,3.9,2.533333333333333,1.3666666666666667,0.0,0.75,0.25,0.0,3.0,3.0,0.9811320754716981,0.7735849056603774,0.9575471698113207,0.6037735849056604,0.6320754716981132,0.9056603773584906,0.8929245283018867,1,1.0,3.0,False,1
Ciryl Gane,Heavyweight,2026-06-14,104,1887.6340760762346,13,11,2,7,30.917535730724012,2.0,2-0,4.522144522144522,2.3776223776223775,2.1445221445221447,0.6993006993006993,1.3986013986013985,1.3986013986013985,0.0,2.0,2.0,0.9622641509433962,0.7547169811320755,0.8773584905660378,0.8301886792452831,0.4056603773584906,0.9245283018867925,0.8797169811320755,2,2.0,4.0,False,2
Tom Aspinall,Heavyweight,2025-10-25,336,1971.314411263088,9,8,1,4,91.19732139826624,2.0,2-0,11.162790697674419,2.7906976744186047,8.372093023255815,13.953488372093023,0.0,0.0,0.0,0.0,-0.8666666666666667,1.0,0.8679245283018868,0.7830188679245282,1.0,0.018867924528301886,0.8490566037735849,0.879245283018868,3,1.0,5.0,False,3
Alex Pereira,Heavyweight,2026-06-14,104,1876.4496594907048,13,10,3,9,54.08623496018254,7.0,5-2,4.9070100143061515,3.7482117310443486,1.1587982832618025,1.0729613733905579,0.0,0.21459227467811157,0.14285714285714285,4.0,4.0,0.9433962264150944,0.8113207547169812,0.8915094339622642,0.660377358490566,0.8207547169811321,0.6415094339622641,0.855188679245283,4,3.0,5.0,False,4
Waldo Cortes Acosta,Heavyweight,2026-09-12,14,1762.6820466499232,14,10,4,3,148.4300373665219,10.0,7-3,4.145230045568132,3.157430545347641,0.987799500220491,0.6614728796119359,0.5291783036895488,0.1322945759223872,0.0,8.0,8.0,0.8679245283018868,0.9622641509433962,0.8490566037735849,0.6226415094339622,1.0,0.8113207547169812,0.8500000000000001,5,3.0,5.0,False,5
Josh Hokit,Heavyweight,2026-06-14,104,1822.2848429107685,4,4,0,2,139.656947285363,4.0,4-0,10.277161862527715,6.119733924611973,4.157427937915743,1.4966740576496673,1.4966740576496673,0.4988913525498891,0.0,4.0,4.0,0.9056603773584906,0.9433962264150944,0.6462264150943396,0.9245283018867925,0.8207547169811321,0.49056603773584906,0.8136792452830188,6,5.0,8.0,False,6
Valter Walker,Heavyweight,2026-07-25,63,1735.2406811035075,6,5,1,0,221.72060168225926,6.0,5-1,1.9161676646706587,2.6746506986027945,-0.7584830339321357,0.0,5.389221556886227,3.592814371257485,0.0,4.0,4.0,0.8301886792452831,1.0,0.4575471698113207,0.8867924528301887,0.8207547169811321,0.8679245283018868,0.7816037735849056,7,7.0,10.0,False,7
Mario Pinto,Heavyweight,2026-09-05,21,1742.4904620025086,4,4,0,0,100.68412889164938,4.0,4-0,3.470149253731343,1.875,1.5951492537313432,0.41977611940298504,4.617537313432836,0.8395522388059701,0.0,4.0,4.0,0.8490566037735849,0.9056603773584906,0.410377358490566,0.8679245283018868,0.8207547169811321,0.9622641509433962,0.7787735849056604,8,6.0,10.0,False,8
Curtis Blaydes,Heavyweight,2026-09-12,14,1800.6970292162976,21,15,6,12,-35.84549063612076,5.0,3-2,5.329457364341085,5.135658914728682,0.19379844961240308,0.0,2.3255813953488373,0.0,0.2,3.0,3.0,0.8867924528301887,0.2641509433962264,0.9811320754716981,0.7547169811320755,0.6320754716981132,0.39622641509433965,0.7683962264150943,9,6.0,11.100000000000023,False,9
Vitor Petrino,Heavyweight,2026-08-22,35,1683.771349816094,10,8,2,1,102.15080853950508,8.0,6-2,3.3749232971977907,2.4299447739824096,0.9449785232153814,0.552260175905093,2.0249539783186745,0.36817345060339535,0.25,5.0,5.0,0.7547169811320755,0.9245283018867925,0.7122641509433962,0.6981132075471698,0.9433962264150944,0.660377358490566,0.7575471698113208,10,9.0,11.0,False,10
Sergei Pavlovich,Heavyweight,2026-05-30,119,1849.5814969844525,12,9,3,6,-38.35632561760167,5.0,3-2,2.9914529914529915,3.311965811965812,-0.32051282051282054,0.32051282051282054,0.6410256410256411,0.0,0.2,3.0,3.0,0.9245283018867925,0.24528301886792453,0.8443396226415094,0.32075471698113206,0.6320754716981132,0.6226415094339622,0.735377358490566,11,8.0,13.0,False,11
Brando Pericic,Heavyweight,2026-05-02,147,1710.6630770085605,3,3,0,0,64.38395343437605,3.0,3-0,11.004016064257028,4.2570281124498,6.746987951807229,1.2048192771084338,0.0,0.0,0.0,3.0,3.0,0.8113207547169812,0.8490566037735849,0.3490566037735849,0.9056603773584906,0.6320754716981132,0.7358490566037735,0.715566037735849,12,10.0,14.0,False,12
Rizvan Kuniev,Heavyweight,2026-07-25,63,1701.3315764989165,3,2,1,1,62.25146591896532,3.0,2-1,3.7378640776699026,2.5970873786407767,1.1407766990291262,0.36407766990291257,0.0,0.0,0.0,3.0,3.0,0.7735849056603774,0.8301886792452831,0.5377358490566038,0.4339622641509434,0.6320754716981132,0.8867924528301887,0.7023584905660377,13,11.0,14.0,False,13
Aleksandar Rakic,Heavyweight,2026-08-01,56,1702.3498279492878,12,7,5,2,0.939245847631355,4.0,1-3,4.606109324758842,3.858520900321543,0.747588424437299,0.0,0.0,0.0,0.5,3.0,3.0,0.7924528301886793,0.6981132075471698,0.7924528301886793,0.4716981132075472,0.6320754716981132,0.2641509433962264,0.6900943396226416,14,12.0,14.0,False,14
Serghei Spivac,Heavyweight,2026-08-22,35,1639.325784342084,16,9,7,2,-52.97886444404526,5.0,2-3,3.022279625443978,4.998385534388118,-1.9761059089441395,0.0,1.4530190506942202,0.29060381013884407,0.2,4.0,4.0,0.7358490566037735,0.18867924528301888,0.839622641509434,0.3584905660377358,0.8207547169811321,0.41509433962264153,0.636320754716981,15,15.0,17.0,False,15
Steven Asplund,Heavyweight,2026-08-08,49,1580.9989256985648,3,2,1,0,49.91498953282871,3.0,2-1,7.6513525118076435,5.2297123228853595,2.4216401889222845,1.1592958351223703,0.0,0.3864319450407901,0.0,3.0,3.0,0.6792452830188679,0.7924528301886793,0.3490566037735849,0.7924528301886793,0.6320754716981132,0.5660377358490566,0.6221698113207547,16,15.0,19.0,False,16
Derrick Lewis,Heavyweight,2026-06-14,104,1639.208566196195,32,20,12,7,-48.5048112474899,5.0,2-3,1.5804152463588472,3.681437867988844,-2.1010226216299968,0.5577936163619461,0.27889680818097307,0.0,0.4,3.0,3.0,0.7169811320754716,0.22641509433962265,0.9669811320754718,0.09433962264150944,0.6320754716981132,0.33962264150943394,0.6136792452830189,17,16.0,23.0,False,17
Marcin Tybura,Heavyweight,2026-08-01,56,1572.229506100104,25,14,11,5,-84.54210256833744,7.0,3-4,3.290066225165563,3.290066225165563,0.0,0.0,0.7152317880794702,0.23841059602649006,0.2857142857142857,5.0,5.0,0.6037735849056604,0.09433962264150944,0.9339622641509434,0.39622641509433965,0.9433962264150944,0.5094339622641509,0.6056603773584905,18,16.0,22.100000000000023,False,18
Ryan Spann,Heavyweight,2026-09-05,21,1574.7634607360428,17,10,7,1,-82.1842186515048,6.0,3-3,2.3369310183012666,4.645706241201313,-2.3087752229000467,0.4223369310183012,0.8446738620366024,2.111684655091506,0.5,5.0,5.0,0.6415094339622641,0.11320754716981132,0.8066037735849056,0.5660377358490566,0.9433962264150944,0.18867924528301888,0.5839622641509434,19,18.0,25.0,False,19
Ante Delija,Heavyweight,2026-02-21,217,1592.5824343449344,3,1,2,1,-20.584151688643942,3.0,1-2,4.27892234548336,3.9461172741679875,0.33280507131537246,0.7131537242472267,0.0,0.0,0.3333333333333333,3.0,2.7944444444444443,0.6981132075471698,0.32075471698113206,0.5377358490566038,0.5094339622641509,0.5094339622641509,0.37735849056603776,0.5679245283018868,20,19.0,24.0,False,20
Jose Montanha,Heavyweight,2026-08-08,49,1563.7499643510778,1,1,0,0,0.0,1.0,1-0,1.090909090909091,1.6363636363636365,-0.5454545454545455,0.0,8.181818181818182,8.181818181818182,0.0,1.0,1.0,0.5660377358490566,0.5471698113207547,0.2169811320754717,0.9811320754716981,0.2358490566037736,0.9811320754716981,0.5608490566037736,21,16.0,25.0,False,21
Jovan Leka,Heavyweight,2026-08-01,56,1572.3196628180729,1,1,0,0,0.0,1.0,1-0,4.225352112676056,3.380281690140845,0.8450704225352113,6.338028169014084,0.0,0.0,0.0,1.0,1.0,0.6226415094339622,0.5471698113207547,0.2169811320754717,0.8113207547169812,0.2358490566037736,0.7735849056603774,0.5485849056603773,22,19.0,25.0,False,22
RJ Harris,Heavyweight,2026-07-18,70,1579.0213233848306,1,1,0,0,0.0,1.0,1-0,9.0,6.6,2.4,9.0,0.0,0.0,0.0,1.0,1.0,0.660377358490566,0.5471698113207547,0.2169811320754717,0.9433962264150944,0.2358490566037736,0.4339622641509434,0.5448113207547169,23,19.0,26.0,False,23
Anthony Wint,Heavyweight,2026-08-22,35,1558.6644787990992,1,1,0,0,0.0,1.0,1-0,1.1152416356877324,0.22304832713754646,0.8921933085501859,0.0,3.345724907063197,3.345724907063197,0.0,1.0,1.0,0.5471698113207547,0.5471698113207547,0.2169811320754717,0.8490566037735849,0.2358490566037736,1.0,0.5410377358490566,24,19.0,28.0,False,24
Hamdy Abdelwahab,Heavyweight,2025-10-25,336,1515.6166848345974,3,2,1,0,92.85745020230547,3.0,2-1,4.4,3.8444444444444446,0.5555555555555556,0.0,3.3333333333333335,0.0,0.0,3.0,2.1333333333333333,0.4339622641509434,0.8867924528301887,0.3490566037735849,0.7735849056603774,0.49056603773584906,0.7547169811320755,0.531132075471698,25,19.900000000000002,28.0,False,25
Tallison Teixeira,Heavyweight,2026-05-30,119,1548.1957697431708,4,2,2,0,19.223172188339504,4.0,2-2,3.686818632309217,3.4489593657086224,0.23785926660059464,0.89197224975223,2.67591674925669,0.0,0.5,4.0,4.0,0.5094339622641509,0.7169811320754716,0.410377358490566,0.7358490566037735,0.8207547169811321,0.3018867924528302,0.5278301886792452,26,21.0,27.0,False,26
Thomas Petersen,Heavyweight,2026-07-25,63,1516.1316292649274,7,3,4,0,-2.5867199431429526,7.0,3-4,2.9933481152993346,2.580931263858093,0.4124168514412417,0.19955654101995565,2.5942350332594235,0.19955654101995565,0.42857142857142855,5.0,5.0,0.4528301886792453,0.39622641509433965,0.48584905660377353,0.6792452830188679,0.9433962264150944,0.4528301886792453,0.500943396226415,27,25.0,30.0,False,27
Shamil Gaziev,Heavyweight,2026-08-22,35,1557.3085969095064,7,4,3,1,-2.870371246251125,7.0,4-3,2.969406118776244,5.092981403719255,-2.123575284943011,0.5398920215956807,1.0797840431913615,0.0,0.42857142857142855,4.0,4.0,0.5283018867924528,0.37735849056603776,0.6745283018867925,0.2830188679245283,0.8207547169811321,0.20754716981132076,0.5004716981132076,28,22.0,30.0,False,28
Tanner Boser,Heavyweight,2026-04-18,161,1523.1153076494243,11,5,6,0,-33.007147812798394,1.0,0-1,4.816053511705686,3.0016722408026757,1.81438127090301,0.2508361204013378,0.0,0.0,0.18181818181818182,1.0,1.0,0.4716981132075472,0.2830188679245283,0.5377358490566038,0.5849056603773585,0.2358490566037736,0.6792452830188679,0.4863207547169811,29,26.0,31.0,False,29
Gokhan Saricam,Heavyweight,2026-04-18,161,1566.0142956255966,1,1,0,0,0.0,1.0,1-0,5.866209262435676,6.174957118353343,-0.3087478559176672,1.5437392795883358,0.0,0.0,0.0,1.0,1.0,0.5849056603773585,0.5471698113207547,0.2169811320754717,0.6415094339622641,0.2358490566037736,0.4716981132075472,0.4844339622641509,30,27.0,31.0,False,30
Sean Sharaf,Heavyweight,2026-09-19,7,1501.1896550937308,3,1,2,0,157.47379416592662,3.0,1-2,7.364185110663984,14.60764587525151,-7.2434607645875255,0.9054325955734407,0.9054325955734407,0.0,0.6666666666666666,3.0,3.0,0.41509433962264153,0.9811320754716981,0.3490566037735849,0.3018867924528302,0.6320754716981132,0.03773584905660377,0.4202830188679246,31,30.0,38.10000000000002,False,31
Martin Buday,Heavyweight,2025-07-26,427,1537.078438237293,8,7,1,0,-79.32045932647907,4.0,3-1,3.1609947643979055,3.5929319371727746,-0.4319371727748691,0.0,0.0,0.0,0.25,2.0,0.6277777777777778,0.49056603773584906,0.1320754716981132,0.5047169811320754,0.22641509433962265,0.1509433962264151,0.5283018867924528,0.41792452830188676,32,31.0,36.0,False,32
Kennedy Nzechukwu,Heavyweight,2026-08-22,35,1486.8691016879886,16,8,7,0,-96.00490740974351,6.0,2-3,5.128410914927769,5.296950240770466,-0.16853932584269662,0.36115569823434995,0.0,0.0,0.3333333333333333,5.0,5.0,0.33962264150943394,0.07547169811320754,0.6037735849056604,0.5283018867924528,0.9433962264150944,0.2830188679245283,0.4094339622641509,33,31.0,37.0,False,33
Jhonata Diniz,Heavyweight,2025-10-11,350,1490.5236209590594,5,3,2,1,-121.3927712217369,5.0,3-2,3.6723832052040213,3.406268480189237,0.26611472501478417,0.26611472501478417,0.0,0.0,0.4,3.0,2.0555555555555554,0.39622641509433965,0.05660377358490566,0.6273584905660377,0.33962264150943394,0.4716981132075472,0.3584905660377358,0.4028301886792453,34,32.900000000000006,38.0,False,34
Tai Tuivasa,Heavyweight,2026-09-19,7,1480.8685872757362,19,8,11,2,-156.7077008112285,5.0,0-5,2.151767151767152,3.430353430353431,-1.2785862785862787,0.0,0.23388773388773393,0.0,0.2,3.0,3.0,0.2830188679245283,0.018867924528301886,0.8679245283018868,0.1320754716981132,0.6320754716981132,0.5471698113207547,0.40235849056603773,35,31.0,40.0,False,35
Robelis Despaigne,Heavyweight,2026-09-19,7,1482.1543428706116,4,2,2,0,-24.243271993168946,4.0,2-2,2.065934065934066,2.3736263736263736,-0.3076923076923077,0.32967032967032966,0.6593406593406593,0.0,0.0,2.0,2.0,0.32075471698113206,0.3018867924528302,0.410377358490566,0.2641509433962264,0.4056603773584906,0.9433962264150944,0.39764150943396226,36,31.0,38.0,False,36
Mohammed Usman,Heavyweight,2025-06-21,462,1489.9389701654684,6,4,2,0,-73.26855353693759,3.0,1-2,4.5777777777777775,4.511111111111111,0.06666666666666667,0.0,0.0,0.0,0.0,1.0,-0.5666666666666667,0.37735849056603776,0.1509433962264151,0.4575471698113207,0.37735849056603776,0.03773584905660377,0.6981132075471698,0.38584905660377355,37,33.0,39.0,False,37
Louie Sutherland,Heavyweight,2026-08-08,49,1445.8583852063714,4,1,3,0,29.66150531421158,4.0,1-3,1.7970049916805326,1.9467554076539104,-0.1497504159733777,0.0,4.492512479201332,0.0,0.75,4.0,4.0,0.18867924528301888,0.7358490566037735,0.410377358490566,0.7169811320754716,0.8207547169811321,0.24528301886792453,0.3778301886792453,38,32.0,40.0,False,38
Marcus Buchecha,Heavyweight,2026-04-25,154,1480.9538511999567,3,0,2,0,-20.166876428554588,3.0,0-2,1.587443946188341,2.1524663677130045,-0.5650224215246638,0.0,2.0179372197309418,0.40358744394618834,0.3333333333333333,3.0,3.0,0.3018867924528302,0.33962264150943394,0.3490566037735849,0.4528301886792453,0.6320754716981132,0.6037735849056604,0.3768867924528302,39,35.0,39.0,False,39
Tyrell Fortune,Heavyweight,2026-07-25,63,1487.8605774643797,2,1,1,0,0.0,2.0,1-1,1.9083969465648856,4.312977099236641,-2.404580152671756,0.0,1.717557251908397,0.0,0.5,2.0,2.0,0.3584905660377358,0.5471698113207547,0.28773584905660377,0.18867924528301888,0.4056603773584906,0.22641509433962265,0.33537735849056605,40,39.0,42.0,False,40
Guilherme Pat,Heavyweight,2026-08-08,49,1447.5528324238628,3,1,2,0,-49.91498953282871,3.0,1-2,2.8,2.8222222222222224,-0.022222222222222223,0.3333333333333333,0.0,0.0,0.0,3.0,3.0,0.22641509433962265,0.20754716981132076,0.3490566037735849,0.24528301886792453,0.6320754716981132,0.8301886792452831,0.33160377358490567,41,39.0,43.0,False,41
Marek Bujlo,Heavyweight,2025-11-22,308,1453.6865854270798,1,0,1,0,0.0,1.0,0-1,2.066666666666667,3.2666666666666666,-1.2,0.0,0.0,0.0,0.0,1.0,0.28888888888888886,0.24528301886792453,0.5471698113207547,0.2169811320754717,0.11320754716981132,0.09433962264150944,0.7924528301886793,0.3037735849056604,42,41.0,44.0,False,42
Gable Steveson,Heavyweight,2026-09-19,7,1414.3492805611866,2,1,1,0,0.0,2.0,1-1,13.922651933701658,5.303867403314917,8.61878453038674,4.972375690607735,0.0,0.0,0.5,2.0,2.0,0.11320754716981132,0.5471698113207547,0.28773584905660377,0.9622641509433962,0.4056603773584906,0.16981132075471697,0.2966981132075472,43,40.0,46.0,False,43
Denzel Freeman,Heavyweight,2026-01-24,245,1463.6590662784365,2,1,1,0,0.0,2.0,1-1,2.452043369474562,3.402835696413678,-0.9507923269391159,0.0,0.0,0.0,0.5,2.0,1.6388888888888888,0.2641509433962264,0.5471698113207547,0.28773584905660377,0.1509433962264151,0.33962264150943394,0.32075471698113206,0.2952830188679245,44,42.0,45.0,False,44
Allen Frye Jr.,Heavyweight,2025-12-13,287,1446.7001390168725,1,0,1,0,0.0,1.0,0-1,2.2,4.266666666666667,-2.066666666666667,0.0,0.0,0.0,0.0,1.0,0.40555555555555556,0.20754716981132076,0.5471698113207547,0.2169811320754717,0.07547169811320754,0.11320754716981132,0.7169811320754716,0.27641509433962264,45,43.0,47.0,False,45
Don'Tale Mayes,Heavyweight,2025-05-03,511,1417.8330761268703,11,4,7,0,-70.83192611134768,5.0,1-4,2.888224095730215,3.361435953222736,-0.4732118574925211,0.24476475387544194,0.0,0.0,0.2,2.0,0.1611111111111112,0.1320754716981132,0.16981132075471697,0.5377358490566038,0.20754716981132076,0.05660377358490566,0.5849056603773585,0.2660377358490566,46,43.0,48.0,False,46
Terrance Chatman,Heavyweight,2026-08-22,35,1441.3355212009008,1,0,1,0,0.0,1.0,0-1,0.22304832713754646,1.1152416356877324,-0.8921933085501859,0.0,0.0,3.345724907063197,1.0,1.0,1.0,0.16981132075471697,0.5471698113207547,0.2169811320754717,0.5471698113207547,0.2358490566037736,0.1509433962264151,0.25613207547169814,47,45.0,48.0,False,47
Lukasz Brzeski,Heavyweight,2025-07-19,434,1408.2246062489621,7,1,6,0,-15.627724631095134,4.0,1-3,4.573991031390134,3.997437540038437,0.5765534913516976,0.0,0.0,0.0,0.75,2.0,0.5888888888888888,0.09433962264150944,0.3584905660377358,0.48584905660377353,0.41509433962264153,0.1320754716981132,0.1320754716981132,0.23679245283018868,48,46.0,49.0,False,48
Alvin Hines,Heavyweight,2026-07-18,70,1379.2055166020616,2,0,2,0,0.0,2.0,0-2,5.579999999999999,7.619999999999999,-2.04,0.0,0.8999999999999999,0.0,0.5,2.0,2.0,0.05660377358490566,0.5471698113207547,0.28773584905660377,0.49056603773584906,0.4056603773584906,0.11320754716981132,0.21839622641509435,49,47.0,50.0,False,49
Alexander Poppeck,Heavyweight,2026-08-01,56,1427.6803371819271,1,0,1,0,0.0,1.0,0-1,3.380281690140845,4.225352112676056,-0.8450704225352113,0.0,0.0,0.0,1.0,1.0,1.0,0.1509433962264151,0.5471698113207547,0.2169811320754717,0.16981132075471697,0.2358490566037736,0.07547169811320754,0.20235849056603775,50,49.0,50.0,False,50
Max Gimenis,Heavyweight,2025-11-08,322,1400.0264526690783,1,0,1,0,0.0,1.0,0-1,3.2142857142857144,9.642857142857144,-6.428571428571429,0.0,0.0,0.0,1.0,1.0,0.21111111111111114,0.07547169811320754,0.5471698113207547,0.2169811320754717,0.05660377358490566,0.07547169811320754,0.05660377358490566,0.14716981132075474,51,51.0,53.0,False,51
Elisha Ellison,Heavyweight,2026-07-11,77,1328.3353310679017,2,0,2,0,0.0,2.0,0-2,3.6090225563909772,15.789473684210526,-12.180451127819548,0.0,0.0,0.0,1.0,2.0,2.0,0.018867924528301886,0.5471698113207547,0.28773584905660377,0.018867924528301886,0.4056603773584906,0.018867924528301886,0.14481132075471698,52,51.0,53.0,False,52
Chris Barnett,Heavyweight,2025-10-25,336,1364.5844317804863,6,2,4,0,-129.8924730605861,2.0,0-2,1.5424164524421595,7.712082262210798,-6.169665809768638,0.0,0.0,0.0,0.5,2.0,1.1333333333333333,0.03773584905660377,0.03773584905660377,0.4575471698113207,0.03773584905660377,0.32075471698113206,0.09433962264150944,0.14150943396226415,53,51.0,53.0,False,53
Carlos Ulberg,Light Heavyweight,2026-04-11,168,1881.450781407373,11,10,1,4,129.00946331797354,5.0,5-0,5.633074935400517,4.521963824289405,1.111111111111111,1.1627906976744184,0.0,0.0,0.0,4.0,4.0,1.0,0.9454545454545454,0.7681818181818181,0.7454545454545455,0.7181818181818181,0.7454545454545455,0.8831818181818183,0,1.0,2.0,True,1
Navajo Stirling,Light Heavyweight,2026-08-01,56,1808.0575118585957,6,6,0,1,181.0232060755875,6.0,6-0,6.406727828746177,2.46177370030581,3.9449541284403664,0.4587155963302752,0.9174311926605504,0.0,0.0,6.0,6.0,0.9454545454545454,0.9636363636363636,0.5727272727272728,0.8727272727272727,0.9636363636363636,0.9272727272727272,0.8645454545454547,1,1.0,5.0,False,2
Volkan Oezdemir,Light Heavyweight,2025-11-22,308,1778.5327624684542,16,9,7,7,78.88472152895679,3.0,2-1,7.71806167400881,6.079295154185021,1.6387665198237884,2.3788546255506606,0.0,0.0,0.0,2.0,1.2888888888888888,0.9272727272727272,0.8727272727272727,0.8954545454545455,0.9090909090909091,0.23636363636363636,0.5636363636363636,0.8427272727272729,2,2.0,6.0,False,3
Dominick Reyes,Light Heavyweight,2026-04-11,168,1747.260975287546,15,10,5,5,115.78167038227116,5.0,4-1,5.592464055528012,2.498760535448686,3.0937035200793255,1.338621715418939,0.0,0.0,0.2,4.0,4.0,0.8363636363636363,0.9272727272727272,0.8454545454545455,0.8363636363636363,0.7181818181818181,0.8181818181818182,0.8395454545454545,3,3.0,6.0,False,4
Magomed Ankalaev,Light Heavyweight,2026-07-25,63,1849.7770910081651,16,13,2,10,-2.3622746893217936,5.0,4-1,3.43016500116198,3.0676272368115267,0.36253776435045315,0.20915640250987683,0.41831280501975365,0.6274692075296304,0.2,4.0,4.0,0.9818181818181818,0.41818181818181815,0.9136363636363636,0.41818181818181815,0.7181818181818181,0.7818181818181819,0.8222727272727273,4,3.0,7.0,False,5
Robert Whittaker,Light Heavyweight,2026-07-11,77,1814.1692848752743,25,18,7,9,-8.483906519743869,5.0,3-2,4.095744680851064,3.421985815602837,0.6737588652482269,0.5319148936170213,0.0,0.0,0.2,3.0,3.0,0.9636363636363636,0.38181818181818183,0.9863636363636363,0.5272727272727272,0.4818181818181818,0.7272727272727273,0.8186363636363637,5,3.0,8.0,False,6
Reinier de Ridder,Light Heavyweight,2026-08-22,35,1763.1689950838465,7,5,2,1,67.0640931273324,7.0,5-2,3.1804991294254212,2.2634939059779455,0.9170052234474754,0.3482298316889147,2.437608821822403,0.5223447475333721,0.14285714285714285,7.0,7.0,0.8727272727272727,0.8363636363636363,0.6,0.5818181818181818,1.0,0.8727272727272727,0.7918181818181819,6,5.0,9.0,False,7
Paulo Costa,Light Heavyweight,2026-04-11,168,1766.7710360284339,12,8,4,3,56.57013012473817,4.0,2-2,5.709264373587748,5.407983931709767,0.3012804418779815,0.4519206628169722,0.0,0.0,0.0,2.0,2.0,0.9090909090909091,0.8,0.7636363636363637,0.6,0.34545454545454546,0.5818181818181818,0.7772727272727274,7,7.0,9.0,False,8
Azamat Murzakanov,Light Heavyweight,2026-04-11,168,1763.2199153385259,7,6,1,2,74.57789618841616,4.0,3-1,4.1471147748890305,3.310082435003171,0.8370323398858592,1.7121116043119848,0.570703868103995,0.570703868103995,0.25,3.0,3.0,0.8909090909090909,0.8545454545454545,0.6409090909090909,0.7090909090909091,0.4818181818181818,0.6727272727272727,0.7768181818181817,8,7.0,9.0,False,9
Bogdan Guskov,Light Heavyweight,2026-07-25,63,1717.9475364961415,7,4,2,0,205.96729151646173,6.0,4-1,3.6839295248264814,3.299519487453283,0.38441003737319807,0.9610250934329951,0.0,0.7207688200747463,0.16666666666666666,4.0,4.0,0.8,1.0,0.42727272727272725,0.5454545454545454,0.7181818181818181,0.7636363636363637,0.7122727272727274,9,10.0,14.0,False,10
Abdul Rakhman Yakhyaev,Light Heavyweight,2026-06-27,91,1689.692737805692,3,3,0,0,65.02901733769068,3.0,3-0,4.8510638297872335,2.0425531914893615,2.808510638297872,7.659574468085106,11.489361702127658,7.659574468085106,0.0,3.0,3.0,0.7636363636363637,0.8181818181818182,0.2863636363636364,0.9818181818181818,0.4818181818181818,0.9636363636363636,0.7013636363636364,10,10.0,17.0,False,11
Jiri Prochazka,Light Heavyweight,2026-04-11,168,1752.1569533075376,9,6,3,5,-13.763020280053752,6.0,3-3,5.489199491740788,5.870393900889454,-0.3811944091486658,0.8576874205844981,0.5717916137229987,0.0,0.5,3.0,3.0,0.8545454545454545,0.36363636363636365,0.7636363636363637,0.6727272727272727,0.4818181818181818,0.18181818181818182,0.6831818181818181,11,10.0,15.0,False,12
Ion Cutelaba,Light Heavyweight,2026-06-20,98,1642.1020698259574,21,9,11,2,12.88532781331719,6.0,3-3,3.2490379329301815,3.6613523914238595,-0.41231445849367787,0.0,2.721275426058274,0.7421660252886201,0.16666666666666666,5.0,5.0,0.6181818181818182,0.6727272727272727,0.8318181818181818,0.509090909090909,0.8909090909090909,0.7090909090909091,0.6781818181818182,12,11.0,16.0,False,13
Johnny Walker,Light Heavyweight,2026-04-11,168,1718.4927294244867,15,8,7,5,-31.511620792446138,4.0,1-3,3.995932892730046,3.965429588205389,0.03050330452465684,0.45754956786985257,0.0,0.0,0.5,2.0,2.0,0.8181818181818182,0.32727272727272727,0.8454545454545455,0.43636363636363634,0.34545454545454546,0.41818181818181815,0.672727272727273,13,11.0,16.0,False,14
Khalil Rountree Jr.,Light Heavyweight,2025-10-04,357,1682.483151129385,17,10,7,3,45.335588854479056,4.0,2-2,4.114785992217899,4.581712062256809,-0.4669260700389105,0.4377431906614786,0.0,0.0,0.5,3.0,2.0166666666666666,0.7272727272727273,0.7818181818181819,0.8318181818181818,0.4,0.41818181818181815,0.3090909090909091,0.6636363636363636,14,12.0,17.0,False,15
Jan Blachowicz,Light Heavyweight,2026-08-01,56,1702.9124071531764,23,12,9,5,-68.95986368582794,3.0,0-2,4.433198380566802,5.76923076923077,-1.3360323886639678,0.45546558704453444,0.0,0.45546558704453444,0.3333333333333333,3.0,3.0,0.7818181818181819,0.21818181818181817,0.9363636363636363,0.36363636363636365,0.4818181818181818,0.2727272727272727,0.6486363636363636,15,12.0,21.0,False,16
Iwo Baraniewski,Light Heavyweight,2026-09-19,7,1651.0491158723771,4,3,1,0,44.394822302222565,4.0,3-1,5.7065217391304355,5.0,0.7065217391304348,3.2608695652173916,0.8152173913043479,0.0,0.0,4.0,4.0,0.6727272727272727,0.7454545454545455,0.32727272727272727,0.8909090909090909,0.7181818181818181,0.6545454545454545,0.6331818181818182,16,13.0,21.0,False,17
Nikita Krylov,Light Heavyweight,2026-07-11,77,1651.7040124158043,22,12,10,2,-44.93629470933479,4.0,1-3,4.377551020408164,3.8265306122448983,0.5510204081632654,0.45918367346938777,1.836734693877551,0.0,0.75,4.0,4.0,0.7090909090909091,0.2545454545454545,0.8409090909090908,0.6363636363636364,0.7181818181818181,0.2,0.6322727272727272,17,16.0,21.100000000000023,False,18
Dustin Jacoby,Light Heavyweight,2026-07-25,63,1649.9216294132375,18,10,7,1,-53.92137451479448,6.0,3-3,4.828522920203734,4.033955857385398,0.794567062818336,0.9168081494057723,0.0,0.0,0.3333333333333333,4.0,4.0,0.6545454545454545,0.23636363636363636,0.7636363636363637,0.6181818181818182,0.7181818181818181,0.509090909090909,0.6195454545454545,18,17.0,22.0,False,19
Alonzo Menifield,Light Heavyweight,2026-09-19,7,1651.472175718761,19,12,6,1,-37.15012324187842,8.0,5-3,3.9194630872483223,4.845637583892618,-0.9261744966442953,0.6040268456375839,0.40268456375838924,0.0,0.375,5.0,5.0,0.6909090909090909,0.2727272727272727,0.7727272727272727,0.38181818181818183,0.8909090909090909,0.4,0.6154545454545455,19,17.0,23.0,False,20
Jimmy Crute,Light Heavyweight,2025-09-27,364,1631.179118674999,12,6,4,0,26.854267068905756,3.0,2-0,5.343953656770457,5.213613323678494,0.13034033309196236,0.6517016654598118,3.258508327299059,1.9551049963794354,0.0,3.0,1.9777777777777779,0.5818181818181818,0.7090909090909091,0.5136363636363637,0.8181818181818182,0.2727272727272727,0.6363636363636364,0.5945454545454546,20,18.0,23.0,False,21
Muhammad Saidov,Light Heavyweight,2026-07-25,63,1634.85969782686,1,1,0,1,0.0,1.0,1-0,6.112054329371817,3.4634974533106964,2.6485568760611207,3.0560271646859083,0.0,0.0,0.0,1.0,1.0,0.6,0.5454545454545454,0.36363636363636365,0.9272727272727272,0.18181818181818182,0.8545454545454545,0.5845454545454546,21,18.0,25.0,False,22
Modestas Bukauskas,Light Heavyweight,2026-09-05,21,1596.0208274768918,14,9,5,0,109.65783320720516,8.0,6-2,2.825140012445551,3.7087741132545116,-0.8836341008089609,0.373366521468575,0.373366521468575,0.1866832607342875,0.25,6.0,6.0,0.5454545454545454,0.9090909090909091,0.5272727272727273,0.2727272727272727,0.9636363636363636,0.6,0.5772727272727274,22,19.0,25.0,False,23
Roman Dolidze,Light Heavyweight,2026-08-22,35,1645.589233585755,15,9,6,3,-79.90915781855847,7.0,3-4,3.1938807368092412,4.758039338120512,-1.5641586013112707,0.0,0.7024664377146426,0.0,0.2857142857142857,5.0,5.0,0.6363636363636364,0.2,0.7954545454545454,0.18181818181818182,0.8909090909090909,0.4727272727272727,0.5754545454545454,23,20.0,27.0,False,24
Diyar Nurgozhay,Light Heavyweight,2026-08-08,49,1570.506659124097,4,2,2,0,197.664505804197,4.0,2-2,5.684931506849314,2.842465753424657,2.842465753424657,1.0273972602739725,1.5410958904109588,0.0,0.5,4.0,4.0,0.4727272727272727,0.9818181818181818,0.32727272727272727,0.8545454545454545,0.7181818181818181,0.5454545454545454,0.5522727272727272,24,21.0,28.0,False,25
Jamahal Hill,Light Heavyweight,2025-06-21,462,1682.694915982999,10,6,4,3,-101.54516932218598,3.0,0-3,3.9272727272727272,5.406060606060606,-1.4787878787878788,0.0,0.0,0.0,0.6666666666666666,2.0,0.43333333333333335,0.7454545454545455,0.18181818181818182,0.7318181818181818,0.21818181818181817,0.07272727272727272,0.12727272727272726,0.5381818181818182,25,22.0,32.0,False,26
Billy Elekana,Light Heavyweight,2026-01-31,238,1600.7504971612818,4,3,1,0,84.65033097087667,4.0,3-1,2.7118644067796605,3.587570621468926,-0.8757062146892653,0.42372881355932196,0.8474576271186439,0.8474576271186439,0.25,4.0,3.6777777777777776,0.5636363636363636,0.8909090909090909,0.32727272727272727,0.3090909090909091,0.5636363636363636,0.6181818181818182,0.5290909090909091,26,25.0,30.0,False,27
Christian Edwards,Light Heavyweight,2026-09-26,0,1588.1319439626966,2,1,1,0,0.0,2.0,1-1,3.5469819539514624,2.464219041692595,1.0827629122588676,0.5600497822028625,0.0,0.0,0.0,2.0,2.0,0.5272727272727272,0.5454545454545454,0.25,0.4727272727272727,0.34545454545454546,0.9090909090909091,0.4972727272727272,27,27.0,31.0,False,28
Lucas Fernando,Light Heavyweight,2026-08-15,42,1561.0565766461923,1,1,0,0,0.0,1.0,1-0,6.179104477611941,1.164179104477612,5.014925373134329,2.6865671641791047,0.0,0.0,0.0,1.0,1.0,0.43636363636363634,0.5454545454545454,0.19090909090909092,0.9454545454545454,0.18181818181818182,0.9818181818181818,0.49090909090909096,28,26.0,32.0,False,29
Felipe Franco,Light Heavyweight,2026-07-18,70,1581.737458732879,2,1,1,0,0.0,2.0,1-1,2.769230769230769,2.0769230769230766,0.6923076923076923,0.0,2.0769230769230766,0.0,0.0,2.0,2.0,0.509090909090909,0.5454545454545454,0.25,0.45454545454545453,0.34545454545454546,0.9454545454545454,0.4909090909090909,29,28.900000000000002,32.0,False,30
Luis Hernandez,Light Heavyweight,2026-09-26,0,1560.308541344862,1,1,0,0,0.0,1.0,1-0,3.1578947368421053,0.0,3.1578947368421053,0.0,15.789473684210527,31.578947368421055,0.0,1.0,1.0,0.41818181818181815,0.5454545454545454,0.19090909090909092,1.0,0.18181818181818182,1.0,0.49,30,25.900000000000002,34.0,False,31
Oumar Sy,Light Heavyweight,2026-09-05,21,1555.5826314228443,6,3,3,0,-106.69310265657828,6.0,3-3,3.5737282678686415,1.9703799098518995,1.6033483580167418,0.0,2.8976175144880876,0.5795235028976176,0.3333333333333333,5.0,5.0,0.4,0.14545454545454545,0.4,0.6909090909090909,0.8909090909090909,0.8,0.46818181818181825,31,28.0,34.0,False,32
Liu Ce,Light Heavyweight,2026-08-29,28,1571.5511597172913,1,1,0,0,0.0,1.0,1-0,13.308270676691729,6.315789473684211,6.992481203007518,6.7669172932330826,0.0,0.0,0.0,1.0,1.0,0.4909090909090909,0.5454545454545454,0.19090909090909092,0.9636363636363636,0.18181818181818182,0.4909090909090909,0.4681818181818182,32,29.0,34.0,False,33
Magomed Tuchalov,Light Heavyweight,2026-07-25,63,1529.111080629172,1,1,0,0,0.0,1.0,1-0,2.3333333333333335,2.6,-0.26666666666666666,0.0,8.0,1.0,0.0,1.0,1.0,0.34545454545454546,0.5454545454545454,0.19090909090909092,0.7636363636363637,0.18181818181818182,0.8909090909090909,0.42272727272727273,33,33.0,38.0,False,34
Anthony Smith,Light Heavyweight,2025-04-26,518,1565.8410942270523,25,13,12,5,-144.82583085487727,5.0,1-4,3.3532934131736525,8.311377245508982,-4.958083832335329,0.0,0.0,0.3592814371257485,0.6,2.0,0.12222222222222223,0.45454545454545453,0.03636363636363636,0.95,0.07272727272727272,0.03636363636363636,0.09090909090909091,0.4163636363636364,34,28.0,42.0,False,35
Marcin Prachnio,Light Heavyweight,2025-07-19,434,1506.8164804896014,11,4,7,0,-7.351656160752555,3.0,1-2,5.835866261398176,2.917933130699088,2.917933130699088,0.0,0.45592705167173253,0.0,0.6666666666666666,1.0,-0.4111111111111112,0.32727272727272727,0.4,0.4954545454545454,0.7818181818181819,0.01818181818181818,0.38181818181818183,0.4036363636363637,35,35.0,39.10000000000002,False,36
Paul Craig,Light Heavyweight,2025-09-06,385,1546.4300245230304,20,9,10,2,-103.3627223045628,4.0,0-4,2.1428571428571432,3.8095238095238098,-1.6666666666666667,0.0,0.0,0.39682539682539686,0.75,2.0,0.8611111111111112,0.38181818181818183,0.16363636363636364,0.8227272727272728,0.10909090909090909,0.10909090909090909,0.21818181818181817,0.390909090909091,36,34.0,43.0,False,37
Zhang Mingyang,Light Heavyweight,2026-05-30,119,1530.4835809200736,5,3,2,0,-122.86725438978556,5.0,3-2,6.644462947543714,5.545378850957536,1.0990840965861783,1.4987510407993339,0.0,0.0,0.4,4.0,4.0,0.36363636363636365,0.10909090909090909,0.3727272727272727,0.8,0.7181818181818181,0.2545454545454545,0.39045454545454544,37,35.0,41.0,False,38
Tuco Tokkos,Light Heavyweight,2026-05-16,133,1438.1078070880724,4,1,3,0,44.441693855481844,4.0,1-3,2.3183925811437405,3.2225656877897992,-0.9041731066460588,0.0,2.7820710973724885,0.6955177743431221,0.25,3.0,3.0,0.23636363636363636,0.7636363636363637,0.32727272727272727,0.32727272727272727,0.4818181818181818,0.6909090909090909,0.37409090909090914,38,35.0,42.0,False,39
Rodolfo Bellato,Light Heavyweight,2026-09-26,0,1500.1545414017542,5,2,2,0,-33.44266131113659,5.0,2-2,5.058896466212027,6.230626162430254,-1.1717296962182269,0.5579665220086795,1.115933044017359,0.0,0.2,4.0,4.0,0.3090909090909091,0.3090909090909091,0.3727272727272727,0.5636363636363636,0.7181818181818181,0.34545454545454546,0.37136363636363634,39,38.0,42.0,False,40
Brendson Ribeiro,Light Heavyweight,2026-07-25,63,1422.3395365723163,8,2,6,0,28.435925560911983,8.0,2-6,2.6195426195426195,3.4615384615384612,-0.8419958419958419,0.23388773388773387,0.7016632016632016,0.46777546777546775,0.5,6.0,6.0,0.18181818181818182,0.7272727272727273,0.44545454545454544,0.2545454545454545,0.9636363636363636,0.43636363636363634,0.3609090909090909,40,36.0,44.0,False,41
Uran Satybaldiev,Light Heavyweight,2025-08-23,399,1483.4892700757568,2,1,1,0,0.0,2.0,1-1,2.140845070422535,3.6619718309859155,-1.5211267605633803,0.8450704225352113,0.0,1.6901408450704225,0.0,2.0,0.7833333333333334,0.2909090909090909,0.5454545454545454,0.25,0.23636363636363636,0.09090909090909091,0.8363636363636363,0.34727272727272723,41,38.0,45.0,False,42
Junior Tafa,Light Heavyweight,2026-06-06,112,1457.960789181104,9,3,6,0,-123.64501240200661,7.0,2-5,4.223602484472049,3.5776397515527942,0.6459627329192545,0.3726708074534161,0.0,0.0,0.7142857142857143,5.0,5.0,0.2727272727272727,0.09090909090909091,0.4636363636363636,0.4909090909090909,0.8909090909090909,0.23636363636363636,0.3418181818181818,42,40.0,45.0,False,43
Ibo Aslan,Light Heavyweight,2025-12-06,294,1443.2269673992869,5,2,3,0,-172.7527256814119,5.0,2-3,5.517603783499737,4.004203888596952,1.5133998949027851,0.9458749343142407,0.0,0.0,0.4,4.0,3.3666666666666667,0.2545454545454545,0.01818181818181818,0.3727272727272727,0.7272727272727273,0.5454545454545454,0.45454545454545453,0.33636363636363636,43,40.0,45.0,False,44
Ivan Erslan,Light Heavyweight,2026-05-16,133,1436.079674535335,4,1,3,0,16.29389614660522,4.0,1-3,2.5250086236633322,4.573991031390134,-2.048982407726802,0.0,0.9313556398758192,0.0,0.25,4.0,4.0,0.21818181818181817,0.6909090909090909,0.32727272727272727,0.12727272727272726,0.7181818181818181,0.5272727272727272,0.3340909090909091,44,40.0,46.0,False,45
Julius Walker,Light Heavyweight,2026-06-27,91,1432.7908488280143,4,1,3,0,-112.20758786342958,4.0,1-3,3.682795698924731,4.139784946236559,-0.45698924731182794,0.4032258064516129,4.032258064516129,0.0,0.5,4.0,4.0,0.2,0.12727272727272726,0.32727272727272727,0.6545454545454545,0.7181818181818181,0.36363636363636365,0.30590909090909096,45,44.0,46.0,False,46
Austen Lane,Light Heavyweight,2026-03-21,189,1367.849982905006,6,1,5,0,-18.67575390682623,5.0,1-4,2.29943791517629,2.3607562595809912,-0.061318344404701075,0.45988758303525806,1.8395503321410323,0.0,0.8,4.0,3.95,0.12727272727272726,0.34545454545454546,0.4,0.34545454545454546,0.5818181818181818,0.32727272727272727,0.2681818181818182,46,47.0,47.0,False,47
Kevin Christian,Light Heavyweight,2026-05-02,147,1367.1865436639182,2,0,2,0,0.0,2.0,0-2,4.32,6.08,-1.76,0.0,0.0,0.0,1.0,2.0,2.0,0.10909090909090909,0.5454545454545454,0.25,0.2909090909090909,0.34545454545454546,0.07272727272727272,0.20727272727272725,47,48.0,50.0,False,48
Sedriques Dumas,Light Heavyweight,2026-09-26,0,1328.2703420424268,9,3,6,0,-128.59169454980406,7.0,2-5,2.078016769959898,3.2154575282537365,-1.1374407582938388,0.0,1.6405395552314983,0.0,0.7142857142857143,4.0,4.0,0.03636363636363636,0.05454545454545454,0.4636363636363636,0.16363636363636364,0.7181818181818181,0.2909090909090909,0.19590909090909092,48,48.0,53.0,False,49
Luke Fernandez,Light Heavyweight,2026-03-07,203,1402.5250622650922,1,0,1,0,0.0,1.0,0-1,5.925925925925926,11.11111111111111,-5.185185185185185,0.0,0.0,0.0,1.0,1.0,0.8722222222222222,0.16363636363636364,0.5454545454545454,0.19090909090909092,0.14545454545454545,0.12727272727272726,0.01818181818181818,0.1890909090909091,49,48.900000000000006,51.10000000000002,False,50
Bruno Lopes,Light Heavyweight,2026-08-08,49,1360.0069381248318,4,1,3,0,-125.18489854965514,4.0,1-3,2.5242718446601944,5.145631067961165,-2.621359223300971,0.0,2.912621359223301,0.0,0.75,4.0,4.0,0.09090909090909091,0.07272727272727272,0.32727272727272727,0.2,0.7181818181818181,0.10909090909090909,0.18045454545454548,50,49.0,54.0,False,51
Rafael Tobias,Light Heavyweight,2026-08-15,42,1329.1277280450415,2,0,2,0,0.0,2.0,0-2,1.9872611464968155,6.229299363057326,-4.24203821656051,0.0,1.7197452229299364,0.5732484076433122,0.5,2.0,2.0,0.05454545454545454,0.5454545454545454,0.25,0.09090909090909091,0.34545454545454546,0.14545454545454545,0.17,51,51.0,53.10000000000002,False,52
Rafael Cerqueira,Light Heavyweight,2025-11-22,308,1400.0001247292041,1,0,1,0,0.0,1.0,0-1,0.0,10.909090909090908,-10.909090909090908,0.0,0.0,0.0,1.0,1.0,0.28888888888888886,0.14545454545454545,0.5454545454545454,0.19090909090909092,0.01818181818181818,0.05454545454545454,0.03636363636363636,0.16636363636363635,52,50.0,54.0,False,53
Levi Rodrigues Jr.,Light Heavyweight,2026-08-29,28,1332.711352364975,2,0,2,0,0.0,2.0,0-2,3.513513513513513,8.828828828828827,-5.315315315315314,0.0,0.0,0.0,1.0,2.0,2.0,0.07272727272727272,0.5454545454545454,0.25,0.05454545454545454,0.34545454545454546,0.05454545454545454,0.16545454545454547,53,51.0,54.0,False,54
Rafael Cerquiera,Light Heavyweight,2025-08-09,413,1311.0839941718218,3,0,3,0,-33.769408615745306,3.0,0-3,1.6066481994459834,4.875346260387811,-3.268698060941828,0.0,0.0,0.0,0.6666666666666666,3.0,1.7055555555555555,0.01818181818181818,0.2909090909090909,0.2863636363636364,0.03636363636363636,0.2545454545454545,0.16363636363636364,0.1272727272727273,54,55.0,55.0,False,55
Arman Tsarukyan,Lightweight,2026-09-19,7,1880.697423438578,13,11,2,5,52.05853877336517,4.0,4-0,3.6189402480270574,1.1837655016910935,2.435174746335964,1.0146561443066517,2.5366403607666292,0.5073280721533259,0.0,2.0,2.0,0.9797979797979798,0.7474747474747475,0.8308080808080809,0.8585858585858586,0.41414141414141414,0.9797979797979798,0.8863636363636364,1,1.0,3.0,False,1
Quillan Salkilld,Lightweight,2026-08-08,49,1830.2043423673433,6,6,0,1,167.52735740105913,6.0,6-0,4.354838709677419,2.0046082949308754,2.3502304147465436,1.555299539170507,5.702764976958525,1.0368663594470047,0.0,6.0,6.0,0.9494949494949495,0.9696969696969697,0.5858585858585859,0.9696969696969697,0.9797979797979798,0.9696969696969697,0.8843434343434344,2,1.0,3.1000000000000227,False,2
Charles Oliveira,Lightweight,2026-03-07,203,1891.3429612040532,36,25,11,11,-4.480302967341231,5.0,3-2,2.352159468438538,2.6312292358803986,-0.27906976744186046,0.0,2.1926910299003324,2.1926910299003324,0.2,4.0,3.8722222222222222,1.0,0.36363636363636365,0.994949494949495,0.5656565656565656,0.7373737373737373,0.8484848484848485,0.8636363636363636,3,1.0,7.0,False,3
Paddy Pimblett,Lightweight,2026-07-11,77,1842.8350085805096,9,8,1,2,165.62151657615937,5.0,4-1,6.172624237140366,4.062772449869224,2.109851787271142,0.26155187445510025,0.5231037489102005,0.7846556233653008,0.0,3.0,3.0,0.9595959595959596,0.9595959595959596,0.7095959595959596,0.7777777777777778,0.6161616161616161,0.8383838383838383,0.8621212121212121,4,3.0,5.0,False,4
Benoit Saint Denis,Lightweight,2026-07-11,77,1775.2058407910954,13,9,4,1,35.21097845090594,8.0,5-3,5.538124771981028,2.9989055089383436,2.539219263042685,0.6566946369937978,3.611820503465888,1.9700839109813935,0.375,6.0,6.0,0.9191919191919192,0.7070707070707071,0.7449494949494949,0.9494949494949495,0.9797979797979798,0.5959595959595959,0.8368686868686868,5,4.0,8.0,False,5
King Green,Lightweight,2026-07-11,77,1754.7644564697696,30,17,12,1,13.843569069364776,9.0,6-3,8.229555236728837,3.426111908177905,4.803443328550933,1.0329985652797704,1.8077474892395982,0.2582496413199426,0.3333333333333333,5.0,5.0,0.8888888888888888,0.6161616161616161,0.8535353535353536,0.9595959595959596,0.9242424242424242,0.5757575757575758,0.8320707070707071,6,5.0,9.0,False,6
Mateusz Gamrot,Lightweight,2026-08-08,49,1788.731552284509,14,9,5,3,-5.905804691037247,6.0,3-3,3.381763527054108,2.2545090180360723,1.1272545090180361,0.0,6.087174348697395,0.6763527054108217,0.3333333333333333,4.0,4.0,0.9393939393939394,0.35353535353535354,0.8383838383838383,0.8686868686868687,0.8232323232323232,0.7272727272727273,0.8265151515151516,7,5.0,11.0,False,7
Renato Moicano,Lightweight,2026-04-04,175,1745.3046377269627,20,13,7,4,86.45058934305553,6.0,4-2,2.7642276422764223,2.48780487804878,0.2764227642276422,0.2439024390243902,1.7073170731707314,0.2439024390243902,0.16666666666666666,4.0,4.0,0.8787878787878788,0.8585858585858586,0.9065656565656566,0.3333333333333333,0.8232323232323232,0.8686868686868687,0.823989898989899,8,4.0,11.0,False,8
Jalin Turner,Lightweight,2026-08-15,42,1771.4641768255415,15,9,6,1,79.62896480077484,5.0,3-2,5.931558935361218,4.163498098859316,1.7680608365019013,4.277566539923955,0.0,0.0,0.4,3.0,3.0,0.9090909090909091,0.8282828282828283,0.7954545454545454,0.9393939393939394,0.6161616161616161,0.43434343434343436,0.8191919191919192,9,6.0,11.0,False,9
Ilia Topuria,Lightweight,2026-06-14,104,1889.0217266430225,10,9,1,3,84.98863342909317,4.0,3-1,5.358401880141011,5.311398354876616,0.04700352526439483,1.410105757931845,1.0575793184488838,0.0,0.25,3.0,3.0,0.98989898989899,0.8484848484848485,0.7525252525252525,0.6565656565656566,0.6161616161616161,0.41414141414141414,0.8186868686868688,10,5.0,11.0,False,10
Grant Dawson,Lightweight,2026-05-09,140,1759.0769440565805,15,12,2,1,-6.426918543737656,6.0,4-2,3.4763948497854082,1.968117719190681,1.5082771305947273,0.0,3.310852237890865,1.1036174126302882,0.3333333333333333,4.0,4.0,0.898989898989899,0.3434343434343434,0.7954545454545454,0.7878787878787878,0.8232323232323232,0.8080808080808081,0.7987373737373736,11,8.0,14.0,False,11
Mauricio Ruffy,Lightweight,2026-09-19,7,1723.7289372388036,7,5,2,2,172.76222719291582,7.0,5-2,3.6780821917808217,3.5342465753424652,0.14383561643835616,1.8493150684931505,0.0,0.0,0.2857142857142857,6.0,6.0,0.8686868686868687,0.9797979797979798,0.6590909090909091,0.46464646464646464,0.9797979797979798,0.6060606060606061,0.7767676767676768,12,10.0,15.0,False,12
Justin Gaethje,Lightweight,2026-06-14,104,1863.2949377856708,16,11,5,8,27.65741868095415,4.0,3-1,4.824475387330849,5.9070405961953325,-1.0825652088644833,0.5295155912924103,0.5295155912924103,0.0,0.25,3.0,3.0,0.9696969696969697,0.6363636363636364,0.9141414141414141,0.29292929292929293,0.6161616161616161,0.30303030303030304,0.7732323232323232,0,10.0,18.0,True,13
Alexander Hernandez,Lightweight,2026-04-25,154,1678.461323098174,19,11,8,2,37.650379280381,8.0,5-3,4.430769230769231,4.687179487179487,-0.2564102564102564,0.9230769230769231,0.6153846153846154,0.0,0.0,6.0,6.0,0.797979797979798,0.7171717171717171,0.8636363636363636,0.40404040404040403,0.9797979797979798,0.7171717171717171,0.7646464646464648,13,12.0,17.0,False,14
Rafael Fiziev,Lightweight,2026-06-27,91,1713.3537326444136,13,8,5,2,30.216673818626077,4.0,2-2,4.268156424581005,4.446927374301676,-0.1787709497206704,0.33519553072625696,2.6815642458100557,0.0,0.25,4.0,4.0,0.8484848484848485,0.6464646464646465,0.7828282828282829,0.5454545454545454,0.8232323232323232,0.5353535353535354,0.7522727272727273,14,14.0,18.0,False,15
Manuel Torres,Lightweight,2026-06-27,91,1718.3566439758808,7,5,2,1,60.36171867841108,5.0,3-2,5.0602409638554215,4.468784227820373,0.5914567360350493,1.9715224534501643,1.9715224534501643,0.9857612267250822,0.4,3.0,3.0,0.8585858585858586,0.7878787878787878,0.6212121212121212,0.8787878787878788,0.6161616161616161,0.36363636363636365,0.7444444444444445,15,13.0,19.0,False,16
Chris Padilla,Lightweight,2026-08-22,35,1712.7845515356894,6,5,0,0,125.04426202779086,6.0,5-0,6.6650390625,4.8486328125,1.81640625,0.2197265625,1.0986328125,0.439453125,0.0,4.0,4.0,0.8383838383838383,0.898989898989899,0.38383838383838387,0.797979797979798,0.8232323232323232,0.6868686868686869,0.7335858585858586,16,13.0,20.0,False,17
Axel Sola,Lightweight,2026-09-05,21,1711.0886495420712,4,3,1,0,198.98549630959724,4.0,3-1,4.546360917248256,4.516450648055833,0.029910269192422734,1.345962113659023,1.794616151545364,0.448654037886341,0.0,4.0,4.0,0.8282828282828283,0.98989898989899,0.3232323232323232,0.7171717171717171,0.8232323232323232,0.7474747474747475,0.7239898989898991,17,14.0,22.0,False,18
Michael Johnson,Lightweight,2026-03-07,203,1602.9877667458431,32,16,16,5,34.80572455345873,4.0,3-1,4.256449165402125,2.7996965098634297,1.4567526555386952,0.6828528072837633,1.3657056145675266,0.0,0.25,3.0,2.8722222222222222,0.6161616161616161,0.696969696969697,0.9494949494949495,0.5959595959595959,0.4898989898989899,0.7373737373737373,0.6946969696969698,18,17.0,29.0,False,19
Dustin Poirier,Lightweight,2025-07-19,434,1779.1029216547252,31,22,9,8,-26.01068928183122,3.0,1-2,3.820156910078455,6.083283041641521,-2.2631261315630655,0.5431502715751357,0.0,1.3578756789378394,0.3333333333333333,1.0,-0.4111111111111112,0.9292929292929293,0.2828282828282828,0.9646464646464646,0.24242424242424243,0.06060606060606061,0.23232323232323232,0.68989898989899,19,16.0,36.0,False,20
Tom Nolan,Lightweight,2026-06-06,112,1664.4248305943809,6,5,1,0,201.39430909744647,6.0,5-1,4.720765195927183,3.795124961431657,0.9256402344955261,0.0,1.1107682813946314,1.3884603517432892,0.16666666666666666,3.0,3.0,0.7777777777777778,1.0,0.38383838383838387,0.6262626262626263,0.6161616161616161,0.6666666666666666,0.686868686868687,20,20.0,28.0,False,21
Esteban Ribovics,Lightweight,2026-08-15,42,1693.786173920321,8,5,3,0,136.448073101079,6.0,4-2,8.085683297180044,6.9468546637744035,1.13882863340564,0.2440347071583514,0.0,0.0,0.16666666666666666,4.0,4.0,0.8181818181818182,0.9292929292929293,0.4494949494949495,0.6767676767676768,0.8232323232323232,0.25252525252525254,0.6851010101010102,21,20.0,29.0,False,22
Rafa Garcia,Lightweight,2026-09-12,14,1652.0976268161207,13,8,5,0,60.53450965252205,6.0,4-2,7.3759791122715415,7.075718015665797,0.3002610966057441,0.783289817232376,2.93733681462141,1.566579634464752,0.16666666666666666,6.0,6.0,0.7373737373737373,0.797979797979798,0.5429292929292929,0.9090909090909091,0.9797979797979798,0.24242424242424243,0.6843434343434345,22,20.0,29.0,False,23
Beneil Dariush,Lightweight,2026-05-02,147,1671.603510429473,26,17,8,8,-108.40320381589595,4.0,1-3,3.192019950124688,2.693266832917706,0.4987531172069825,0.0,5.236907730673317,0.0,0.75,3.0,3.0,0.7878787878787878,0.050505050505050504,0.952020202020202,0.7373737373737373,0.6161616161616161,0.2727272727272727,0.6818181818181819,23,18.0,35.0,False,24
Fares Ziam,Lightweight,2026-09-05,21,1623.6573233071763,12,8,4,0,46.86921727072672,6.0,4-2,2.556247008137865,1.2063188128291047,1.34992819530876,0.43082814743896597,2.800382958353279,1.077070368597415,0.16666666666666666,5.0,5.0,0.6565656565656566,0.7373737373737373,0.5126262626262627,0.7070707070707071,0.9242424242424242,0.9292929292929293,0.6815656565656566,24,19.0,29.0,False,25
Chase Hooper,Lightweight,2026-07-18,70,1593.0328185782528,14,9,5,0,81.80149059109863,7.0,5-2,3.14070351758794,1.35678391959799,1.7839195979899498,0.3768844221105528,4.899497487437186,2.261306532663317,0.2857142857142857,5.0,5.0,0.5656565656565656,0.8383838383838383,0.5757575757575757,0.9191919191919192,0.9242424242424242,0.8787878787878788,0.6795454545454546,25,19.0,32.10000000000002,False,26
Tommy Gantt,Lightweight,2026-09-12,14,1680.2917335855818,2,2,0,0,0.0,2.0,2-0,4.074373484236055,1.1156022635408245,2.95877122069523,0.0,5.82053354890865,0.7275666936135813,0.0,2.0,2.0,0.8080808080808081,0.48484848484848486,0.2702020202020202,0.9292929292929293,0.41414141414141414,0.98989898989899,0.6787878787878787,26,18.900000000000002,32.10000000000002,False,27
Diego Ferreira,Lightweight,2026-08-08,49,1648.6753076894324,19,11,8,3,-24.218823627170423,5.0,2-3,5.963131178199306,4.825006679134384,1.1381244990649213,0.0,1.6831418648143202,0.0,0.4,4.0,4.0,0.7272727272727273,0.29292929292929293,0.8863636363636364,0.6363636363636364,0.8232323232323232,0.31313131313131315,0.669949494949495,27,20.0,33.0,False,28
Mason Jones,Lightweight,2026-08-22,35,1630.3170749240633,7,4,3,0,141.2728335791353,4.0,3-1,7.155963302752294,4.8,2.3559633027522935,0.3302752293577982,3.63302752293578,0.3302752293577982,0.25,4.0,4.0,0.6767676767676768,0.9494949494949495,0.4191919191919192,0.898989898989899,0.8232323232323232,0.5050505050505051,0.66489898989899,28,23.0,33.0,False,29
MarQuel Mederos,Lightweight,2026-08-22,35,1657.6094610683983,5,4,0,0,116.16780742260903,5.0,4-0,5.94487211323566,5.40849267444748,0.5363794387881798,0.44698286565681655,0.22349143282840828,0.0,0.0,4.0,4.0,0.7474747474747475,0.8888888888888888,0.35353535353535354,0.5050505050505051,0.8232323232323232,0.6262626262626263,0.6502525252525253,29,25.0,34.0,False,30
Chris Duncan,Lightweight,2026-04-04,175,1661.7529980037277,8,6,2,0,33.57243388153506,6.0,4-2,4.601844090528081,5.3562447611064545,-0.7544006705783739,0.7544006705783739,2.2632020117351215,1.1316010058675607,0.3333333333333333,5.0,5.0,0.7676767676767676,0.6868686868686869,0.4494949494949495,0.696969696969697,0.9242424242424242,0.29292929292929293,0.6492424242424243,30,26.0,35.0,False,31
Nurullo Aliev,Lightweight,2026-07-25,63,1647.2150996013127,4,4,0,0,52.15276436629233,3.0,3-0,2.2,2.088888888888889,0.1111111111111111,0.0,3.6666666666666665,0.6666666666666666,0.0,3.0,3.0,0.7171717171717171,0.7676767676767676,0.3232323232323232,0.5252525252525253,0.6161616161616161,0.9595959595959596,0.6434343434343435,31,25.0,36.0,False,32
Mateusz Rebecki,Lightweight,2026-08-01,56,1659.7387999079212,9,5,4,0,-2.0354422581210656,7.0,3-4,5.18413597733711,4.819910967219749,0.36422501011736136,0.546337515176042,2.913800080938891,0.18211250505868068,0.2857142857142857,5.0,5.0,0.7575757575757576,0.37373737373737376,0.4696969696969697,0.7575757575757576,0.9242424242424242,0.47474747474747475,0.6416666666666667,32,28.0,35.0,False,33
Terrance McKinney,Lightweight,2026-07-11,77,1618.1667589852332,14,8,6,0,73.93787979890294,7.0,4-3,13.545706371191136,7.811634349030471,5.734072022160665,1.2465373961218837,2.4930747922437675,3.739612188365651,0.42857142857142855,5.0,5.0,0.6363636363636364,0.8080808080808081,0.5757575757575757,1.0,0.9242424242424242,0.08080808080808081,0.6366161616161617,33,26.0,39.0,False,34
Jim Miller,Lightweight,2026-05-09,140,1625.3283029483039,46,28,18,4,-23.045544469700644,5.0,3-2,3.404969778374748,6.245802552048355,-2.8408327736736063,0.0,0.9066487575554063,1.5110812625923438,0.0,3.0,3.0,0.6666666666666666,0.30303030303030304,0.9570707070707071,0.21212121212121213,0.6161616161616161,0.5151515151515151,0.6252525252525254,34,25.0,41.0,False,35
Ludovit Klein,Lightweight,2026-08-01,56,1618.2728415532426,13,8,4,0,22.77514238040294,6.0,4-2,4.245986886728465,3.621976034365815,0.6240108523626497,0.6104453990504183,1.0174089984173638,0.0,0.16666666666666666,4.0,4.0,0.6464646464646465,0.6262626262626263,0.5429292929292929,0.47474747474747475,0.8232323232323232,0.7070707070707071,0.6214646464646465,35,32.0,37.0,False,36
Kaue Fernandes,Lightweight,2026-08-15,42,1601.2950568399444,5,3,2,0,30.65269493692017,5.0,3-2,4.258064516129032,1.6258064516129032,2.632258064516129,1.5483870967741935,1.1612903225806452,0.0,0.2,3.0,3.0,0.6060606060606061,0.6565656565656566,0.35353535353535354,0.8282828282828283,0.6161616161616161,0.898989898989899,0.6126262626262627,36,30.0,40.0,False,37
Rongzhu,Lightweight,2026-09-12,14,1606.379838182131,7,4,3,0,135.725564625958,4.0,3-1,7.080516287645974,5.070682237246466,2.0098340503995082,0.2765826674861709,0.0,0.0,0.25,3.0,3.0,0.6262626262626263,0.9191919191919192,0.4191919191919192,0.6666666666666666,0.6161616161616161,0.46464646464646464,0.6015151515151516,37,34.0,40.0,False,38
Drew Dober,Lightweight,2026-03-07,203,1631.188441903665,26,15,11,0,-26.59514931993408,6.0,3-3,4.4928522804629,3.7168141592920354,0.7760381211708645,0.6126616746085772,0.3063308373042886,0.0,0.3333333333333333,3.0,2.8722222222222222,0.696969696969697,0.26262626262626265,0.6439393939393939,0.43434343434343436,0.4898989898989899,0.5454545454545454,0.5911616161616162,38,35.0,44.0,False,39
Tofiq Musayev,Lightweight,2026-08-01,56,1634.9194689340418,3,2,1,0,78.17710910670212,3.0,2-1,2.857142857142857,2.7874564459930316,0.06968641114982578,0.5226480836236934,1.5679442508710801,0.0,0.3333333333333333,3.0,3.0,0.7070707070707071,0.8181818181818182,0.297979797979798,0.32323232323232326,0.6161616161616161,0.6565656565656566,0.5883838383838383,39,36.0,42.0,False,40
Matheus Camilo,Lightweight,2026-06-27,91,1595.889766178372,3,2,1,0,140.03092123723627,3.0,2-1,2.2192866578599735,3.0515191545574636,-0.8322324966974901,0.5944517833553501,4.16116248348745,0.5944517833553501,0.3333333333333333,3.0,3.0,0.5757575757575758,0.9393939393939394,0.297979797979798,0.5858585858585859,0.6161616161616161,0.6363636363636364,0.5656565656565656,40,39.0,44.0,False,41
Jai Herbert,Lightweight,2026-04-18,161,1574.8358054644218,10,4,5,0,56.083533702447994,3.0,2-1,4.332467532467533,3.8025974025974025,0.5298701298701298,1.4025974025974024,0.935064935064935,0.0,0.0,2.0,2.0,0.494949494949495,0.7777777777777778,0.4898989898989899,0.5757575757575758,0.41414141414141414,0.8585858585858586,0.5626262626262626,41,38.0,44.0,False,42
Nasrat Haqparast,Lightweight,2026-08-22,35,1590.241163793466,16,10,6,1,0.8468853428507828,5.0,3-2,7.680325093125635,8.838469353200136,-1.1581442600745004,0.6095496105655266,0.3047748052827633,0.0,0.4,3.0,3.0,0.5454545454545454,0.5959595959595959,0.8080808080808081,0.5353535353535354,0.6161616161616161,0.06060606060606061,0.5570707070707072,42,39.0,50.0,False,43
Evan Elder,Lightweight,2025-04-26,518,1569.6041385735884,5,3,2,0,133.6743331037319,2.0,2-0,7.3506891271056665,4.823889739663094,2.5267993874425727,0.0,0.0,0.6891271056661562,0.0,1.0,-0.8777777777777778,0.48484848484848486,0.9090909090909091,0.35353535353535354,0.8080808080808081,0.010101010101010102,0.696969696969697,0.5308080808080808,43,42.0,50.10000000000002,False,44
Mike Davis,Lightweight,2026-07-25,63,1565.7621525454488,8,5,3,0,4.110856605986328,4.0,2-2,2.0065430752453652,2.3336968375136316,-0.3271537622682661,0.6543075245365322,0.6543075245365322,1.9629225736095965,0.0,3.0,3.0,0.46464646464646464,0.6060606060606061,0.4494949494949495,0.42424242424242425,0.6161616161616161,0.9393939393939394,0.5267676767676768,44,43.0,51.0,False,45
Gauge Young,Lightweight,2026-08-22,35,1557.9199004907891,4,2,2,0,52.11743281031272,4.0,2-2,7.533333333333333,5.816666666666666,1.7166666666666666,0.25,1.5,0.0,0.0,4.0,4.0,0.4444444444444444,0.7575757575757576,0.3232323232323232,0.8484848484848485,0.8232323232323232,0.5555555555555556,0.521969696969697,45,43.0,53.0,False,46
Magomed Zaynukov,Lightweight,2026-07-25,63,1579.8333633905584,1,1,0,0,0.0,1.0,1-0,4.933333333333334,1.0666666666666667,3.8666666666666667,0.0,2.0,0.0,0.0,1.0,1.0,0.5151515151515151,0.48484848484848486,0.21717171717171718,0.8383838383838383,0.2222222222222222,1.0,0.5186868686868686,46,42.0,52.0,False,47
Manoel Sousa,Lightweight,2026-08-08,49,1585.9421311239676,2,2,0,0,0.0,2.0,2-0,4.726027397260274,4.452054794520548,0.273972602739726,1.5410958904109588,0.5136986301369864,0.5136986301369864,0.0,2.0,2.0,0.5252525252525253,0.48484848484848486,0.2702020202020202,0.6464646464646465,0.41414141414141414,0.7777777777777778,0.5020202020202021,47,47.0,53.0,False,48
Joaquim Silva,Lightweight,2025-09-13,378,1543.2519679016373,13,8,5,0,33.37779374633419,4.0,3-1,3.4166666666666665,3.283333333333333,0.13333333333333333,1.25,0.5,1.75,0.0,2.0,0.8999999999999999,0.37373737373737376,0.6767676767676768,0.5429292929292929,0.6161616161616161,0.13636363636363635,0.8888888888888888,0.5017676767676768,48,46.0,55.0,False,49
Dan Hooker,Lightweight,2026-09-05,21,1596.9333527027713,25,14,11,2,-95.892685029512,4.0,1-3,3.3147632311977717,5.988857938718663,-2.6740947075208914,0.0,0.0,1.6713091922005572,0.75,3.0,3.0,0.5858585858585859,0.0707070707070707,0.8762626262626263,0.16161616161616163,0.6161616161616161,0.0707070707070707,0.5,49,42.0,57.0,False,50
Salahdine Parnasse,Lightweight,2026-09-05,21,1588.5428771909333,1,1,0,0,0.0,1.0,1-0,4.645161290322581,5.419354838709678,-0.7741935483870969,5.806451612903227,0.0,0.0,0.0,1.0,1.0,0.5353535353535354,0.48484848484848486,0.21717171717171718,0.8888888888888888,0.2222222222222222,0.6161616161616161,0.4944444444444445,50,47.0,57.0,False,51
Sodiq Yusuff,Lightweight,2025-05-17,497,1630.7940881255256,10,6,4,0,-100.55044401300052,3.0,0-3,5.206910405785456,5.544395339493772,-0.33748493370831656,0.3615910004017678,0.7231820008035356,0.0,0.3333333333333333,1.0,-0.7611111111111111,0.6868686868686869,0.06060606060606061,0.4898989898989899,0.3838383838383838,0.025252525252525252,0.2828282828282828,0.4810606060606061,51,45.0,58.0,False,52
Michael Chandler,Lightweight,2026-06-14,104,1601.227587238121,8,2,6,2,-70.66255421268988,3.0,0-3,2.300469483568075,4.389671361502347,-2.089201877934272,0.0,1.408450704225352,0.0,0.6666666666666666,3.0,3.0,0.5959595959595959,0.15151515151515152,0.6893939393939394,0.0707070707070707,0.6161616161616161,0.1919191919191919,0.4782828282828283,52,45.0,58.0,False,53
Lance Gibson Jr.,Lightweight,2026-03-28,182,1591.4605097341282,2,1,1,0,0.0,2.0,1-1,2.3977695167286246,4.237918215613383,-1.8401486988847584,0.8364312267657993,1.6728624535315986,0.0,0.0,2.0,1.988888888888889,0.5555555555555556,0.48484848484848486,0.2702020202020202,0.23232323232323232,0.3484848484848485,0.8181818181818182,0.47500000000000003,53,49.0,58.10000000000002,False,54
Nikolas Motta,Lightweight,2025-06-21,462,1555.5174168157787,6,3,3,0,103.74559355878,3.0,2-1,6.5131578947368425,6.355263157894737,0.15789473684210528,2.368421052631579,0.0,0.0,0.3333333333333333,2.0,0.43333333333333335,0.43434343434343436,0.8787878787878788,0.38383838383838387,0.8181818181818182,0.10101010101010101,0.2222222222222222,0.46919191919191916,54,49.0,61.0,False,55
Noah Gugnon,Lightweight,2026-08-01,56,1550.0,1,1,0,0,0.0,1.0,1-0,3.7037037037037033,4.444444444444444,-0.7407407407407407,0.0,0.0,11.11111111111111,0.0,1.0,1.0,0.41414141414141414,0.48484848484848486,0.21717171717171718,0.98989898989899,0.2222222222222222,0.7878787878787878,0.46717171717171724,55,51.0,62.0,False,56
Francis Marshall,Lightweight,2026-04-25,154,1505.2562567089717,7,4,3,0,94.67790844936872,4.0,3-1,2.7799227799227797,2.906282906282906,-0.12636012636012636,0.3159003159003159,2.211302211302211,0.3159003159003159,0.0,3.0,3.0,0.2828282828282828,0.8686868686868687,0.4191919191919192,0.3939393939393939,0.6161616161616161,0.9191919191919192,0.4601010101010101,56,49.900000000000006,63.0,False,57
Claudio Puelles,Lightweight,2025-09-13,378,1540.3901918584672,10,5,5,0,-45.44840157251292,3.0,0-3,1.9555555555555555,2.911111111111111,-0.9555555555555556,0.0,7.666666666666667,0.0,0.0,2.0,0.8999999999999999,0.35353535353535354,0.21212121212121213,0.4898989898989899,0.7676767676767676,0.13636363636363635,0.9090909090909091,0.45277777777777783,57,52.0,63.0,False,58
Edson Barboza,Lightweight,2026-08-15,42,1551.0065422187108,33,18,15,7,-117.68598856005087,5.0,1-4,4.78809738503156,7.47971145175834,-2.691614066726781,0.20288548241659152,0.6086564472497745,0.0,0.4,3.0,3.0,0.42424242424242425,0.04040404040404041,0.9646464646464646,0.15151515151515152,0.6161616161616161,0.13131313131313133,0.446969696969697,58,48.0,63.0,False,59
Jared Gordon,Lightweight,2026-05-09,140,1545.2286169497236,18,9,9,0,-89.80973070871391,6.0,2-4,8.72340425531915,10.81237911025145,-2.0889748549323017,0.5802707930367504,2.0309477756286265,0.0,0.5,4.0,4.0,0.3939393939393939,0.08080808080808081,0.6161616161616161,0.7474747474747475,0.8232323232323232,0.04040404040404041,0.42853535353535355,59,55.0,64.0,False,60
Drakkar Klose,Lightweight,2026-09-12,14,1569.309277122544,14,10,4,0,-48.00467978335382,5.0,3-2,3.111111111111111,4.380952380952381,-1.2698412698412698,0.0,0.31746031746031744,0.0,0.4,3.0,3.0,0.47474747474747475,0.20202020202020202,0.5757575757575757,0.08080808080808081,0.6161616161616161,0.37373737373737376,0.4252525252525252,60,56.0,63.0,False,61
Thiago Moises,Lightweight,2026-04-18,161,1505.9277030000346,16,8,8,1,-58.655679442650126,5.0,2-3,2.6160815402038504,4.416761041902605,-1.8006795016987542,0.2548131370328426,1.0192525481313703,0.5096262740656852,0.2,3.0,3.0,0.30303030303030304,0.1919191919191919,0.8080808080808081,0.1717171717171717,0.6161616161616161,0.5656565656565656,0.4217171717171717,61,55.0,66.0,False,62
Nazim Sadykhov,Lightweight,2026-06-27,91,1564.209352015032,7,4,2,0,-11.320937322221653,5.0,2-2,4.928483857785043,6.620351450756028,-1.691867592970985,0.7355946056395587,1.4711892112791174,0.0,0.4,4.0,4.0,0.45454545454545453,0.3333333333333333,0.4191919191919192,0.37373737373737376,0.8232323232323232,0.15151515151515152,0.41540404040404044,62,58.0,64.0,False,63
Daniel Zellhuber,Lightweight,2026-02-28,210,1575.4077663361604,8,4,4,0,-61.05089192809828,4.0,1-3,5.644916540212443,7.50227617602428,-1.8573596358118363,0.27314112291350534,0.0,0.27314112291350534,0.25,2.0,1.8333333333333333,0.5050505050505051,0.18181818181818182,0.4494949494949495,0.26262626262626265,0.32323232323232326,0.1717171717171717,0.394949494949495,63,61.0,69.0,False,64
Kyle Nelson,Lightweight,2026-03-28,182,1540.5576983442359,13,6,6,0,-15.32886603569591,4.0,2-2,4.130589070262597,4.599006387508871,-0.46841731724627395,0.63875088715401,1.27750177430802,0.0,0.5,2.0,1.988888888888889,0.36363636363636365,0.32323232323232326,0.5429292929292929,0.36363636363636365,0.3484848484848485,0.26262626262626265,0.38459595959595966,64,64.0,67.0,False,65
Elves Brener,Lightweight,2026-09-26,0,1547.607087010223,7,4,3,0,-31.49396501777983,5.0,2-3,4.860173577627772,5.766634522661524,-0.9064609450337512,0.5785920925747348,0.8678881388621021,0.0,0.2,2.0,2.0,0.40404040404040403,0.24242424242424243,0.4191919191919192,0.35353535353535354,0.41414141414141414,0.3838383838383838,0.3843434343434343,65,64.0,68.0,False,66
Matt Frevola,Lightweight,2025-10-18,343,1545.207781418519,12,5,6,1,-86.28999148232515,3.0,0-3,2.169491525423729,4.305084745762712,-2.135593220338983,0.0,2.542372881355932,0.5084745762711864,0.6666666666666666,2.0,1.0944444444444446,0.3838383838383838,0.1111111111111111,0.7146464646464646,0.20202020202020202,0.29292929292929293,0.21212121212121213,0.38282828282828285,66,63.0,71.0,False,67
Abdul-Kareem Al-Selwady,Lightweight,2026-03-21,189,1522.4799789142191,2,1,1,0,0.0,2.0,1-1,4.60942543576501,3.331181407359587,1.2782440284054228,0.0,1.7430600387346675,0.0,0.5,1.0,0.95,0.31313131313131315,0.48484848484848486,0.2702020202020202,0.5555555555555556,0.15151515151515152,0.45454545454545453,0.35202020202020207,67,66.0,73.0,False,68
Gabe Green,Lightweight,2025-05-17,497,1488.9844242420581,6,3,3,0,31.02007006744998,1.0,1-0,5.5810276679841895,6.16600790513834,-0.5849802371541502,0.4743083003952569,0.7114624505928854,0.4743083003952569,0.16666666666666666,1.0,-0.7611111111111111,0.26262626262626265,0.6666666666666666,0.38383838383838387,0.494949494949495,0.025252525252525252,0.3434343434343434,0.3467171717171717,68,66.0,75.0,False,69
Austin Hubbard,Lightweight,2025-08-23,399,1467.461209219507,12,4,8,0,-31.21449914640607,4.0,1-3,4.2,5.266666666666667,-1.0666666666666667,0.0,1.75,0.25,0.0,3.0,1.7833333333333334,0.2222222222222222,0.25252525252525254,0.5126262626262627,0.31313131313131315,0.31313131313131315,0.6464646464646465,0.3393939393939394,69,68.0,75.10000000000002,False,70
Stan Dorsainvil,Lightweight,2026-08-22,35,1528.4748902625695,1,1,0,0,0.0,1.0,1-0,8.2,9.133333333333333,-0.9333333333333333,0.0,2.0,0.0,0.0,1.0,1.0,0.32323232323232326,0.48484848484848486,0.21717171717171718,0.6868686868686869,0.2222222222222222,0.18181818181818182,0.3353535353535354,70,68.0,79.0,False,71
Lando Vannata,Lightweight,2026-04-04,175,1461.2656057876122,14,4,8,0,-42.39137719648102,1.0,0-1,4.51858913250715,4.709246901811249,-0.19065776930409914,0.47664442326024786,1.2392755004766445,0.28598665395614875,0.21428571428571427,1.0,1.0,0.1919191919191919,0.2222222222222222,0.5757575757575757,0.45454545454545453,0.2222222222222222,0.5252525252525253,0.33282828282828286,71,69.0,77.0,False,72
Dakota Hope,Lightweight,2026-04-04,175,1488.8515991123495,1,0,1,0,0.0,1.0,0-1,7.066666666666666,7.0,0.06666666666666667,1.0,1.0,0.0,0.0,1.0,1.0,0.25252525252525254,0.48484848484848486,0.21717171717171718,0.7272727272727273,0.2222222222222222,0.42424242424242425,0.33181818181818185,72,68.0,79.0,False,73
Yanal Ashmouz,Lightweight,2025-06-07,476,1480.7205479242516,4,2,2,0,-19.620093227519874,2.0,1-1,2.7666666666666666,4.466666666666667,-1.7,0.0,4.5,0.0,0.0,1.0,-0.6444444444444444,0.24242424242424243,0.31313131313131315,0.3232323232323232,0.41414141414141414,0.045454545454545456,0.7626262626262627,0.325,73,69.0,79.0,False,74
Jamie Mullarkey,Lightweight,2026-01-31,238,1505.900188629389,13,6,7,0,-82.04851031156636,4.0,1-3,2.6975476839237054,3.7602179836512257,-1.0626702997275204,0.0,2.4523160762942777,0.0,0.75,2.0,1.6777777777777778,0.29292929292929293,0.13131313131313133,0.5429292929292929,0.25252525252525254,0.30303030303030304,0.20202020202020202,0.31414141414141417,74,71.9,81.0,False,75
Billy Quarantillo,Lightweight,2026-08-08,49,1533.359129954092,12,6,6,0,-128.25506983595506,3.0,0-3,5.383848454636091,7.417746759720837,-2.0338983050847457,0.0,1.7946161515453638,0.0,0.6666666666666666,2.0,2.0,0.3434343434343434,0.010101010101010102,0.5126262626262627,0.30303030303030304,0.41414141414141414,0.050505050505050504,0.31414141414141417,75,69.0,84.0,False,76
Jeremy Stephens,Lightweight,2026-05-09,140,1455.2667217212788,35,15,20,5,-64.27649200509222,2.0,0-2,2.431034482758621,7.137931034482759,-4.706896551724138,0.0,0.0,0.7758620689655172,0.5,2.0,2.0,0.15151515151515152,0.16161616161616163,0.9595959595959596,0.04040404040404041,0.41414141414141414,0.10101010101010101,0.3111111111111112,76,68.0,86.10000000000002,False,77
Dom Mar Fan,Lightweight,2026-05-02,147,1465.7562966016326,2,1,1,0,0.0,2.0,1-1,5.28169014084507,3.6443661971830985,1.6373239436619718,0.0,0.7922535211267605,0.0,0.5,2.0,2.0,0.21212121212121213,0.48484848484848486,0.2702020202020202,0.5151515151515151,0.41414141414141414,0.40404040404040403,0.3106060606060606,77,73.0,82.0,False,78
Kody Steele,Lightweight,2026-05-02,147,1493.034313618985,2,1,1,0,0.0,2.0,1-1,3.169014084507042,6.654929577464789,-3.4859154929577465,0.0,1.584507042253521,0.7922535211267605,0.0,2.0,2.0,0.2727272727272727,0.48484848484848486,0.2702020202020202,0.1414141414141414,0.41414141414141414,0.48484848484848486,0.30858585858585863,78,72.0,81.0,False,79
Charlie Campbell,Lightweight,2025-09-27,364,1528.6970052678796,4,3,1,0,-119.33325804501942,2.0,1-1,3.6062717770034842,3.8153310104529616,-0.20905923344947736,0.0,3.1358885017421603,0.0,0.5,1.0,-0.022222222222222143,0.3333333333333333,0.030303030303030304,0.3232323232323232,0.48484848484848486,0.07575757575757576,0.35353535353535354,0.3053030303030303,79,73.0,83.0,False,80
Kurt Holobaugh,Lightweight,2025-05-31,483,1475.9030656919144,9,2,7,0,-79.48949737901535,4.0,1-3,4.115755627009646,3.944265809217578,0.1714898177920686,0.0,0.3215434083601286,0.3215434083601286,0.25,2.0,0.31666666666666665,0.23232323232323232,0.1414141414141414,0.4696969696969697,0.2828282828282828,0.09090909090909091,0.5858585858585859,0.3040404040404041,80,74.0,82.0,False,81
Darrius Flowers,Lightweight,2026-04-04,175,1462.330987589856,4,1,3,0,39.53028219955286,3.0,1-2,2.7864897466827503,4.813027744270205,-2.0265379975874547,0.0,1.6284680337756334,0.5428226779252111,0.3333333333333333,1.0,1.0,0.20202020202020202,0.7272727272727273,0.3232323232323232,0.18181818181818182,0.2222222222222222,0.3939393939393939,0.296969696969697,81,73.0,84.10000000000002,False,82
Viacheslav Borshchev,Lightweight,2025-11-15,315,1460.1512945035927,10,3,6,0,-83.75540994024664,6.0,1-4,5.426844014510279,5.151148730350665,0.2756952841596131,0.0,0.0,0.2176541717049577,0.3333333333333333,3.0,2.25,0.1717171717171717,0.12121212121212122,0.4898989898989899,0.3434343434343434,0.47474747474747475,0.32323232323232326,0.27777777777777773,82,81.0,86.0,False,83
Richie Miranda,Lightweight,2026-08-08,49,1458.0793359693184,1,0,1,0,0.0,1.0,0-1,3.066666666666667,4.466666666666667,-1.4,0.0,1.0,0.0,0.0,1.0,1.0,0.16161616161616163,0.48484848484848486,0.21717171717171718,0.12121212121212122,0.2222222222222222,0.7626262626262627,0.2641414141414141,83,80.0,87.0,False,84
Ismael Bonfim,Lightweight,2026-07-25,63,1461.1895767044641,6,2,4,0,-88.05680674922792,4.0,1-3,5.258033106134372,4.995131450827653,0.2629016553067186,0.0,1.314508276533593,0.0,0.75,3.0,3.0,0.18181818181818182,0.09090909090909091,0.38383838383838387,0.4444444444444444,0.6161616161616161,0.1414141414141414,0.2570707070707071,84,83.0,90.0,False,85
Bolaji Oki,Lightweight,2026-03-14,196,1435.1821810691515,5,2,3,0,-64.22955530516697,5.0,2-3,6.171224732461356,5.154577883472057,1.0166468489892986,0.26753864447086806,1.0701545778834722,0.0,0.6,4.0,3.911111111111111,0.10101010101010101,0.1717171717171717,0.35353535353535354,0.6060606060606061,0.7474747474747475,0.16161616161616163,0.24747474747474746,85,83.0,91.0,False,86
Rolando Bedoya,Lightweight,2025-09-27,364,1451.9116907021205,4,0,4,0,-87.01766835089711,2.0,0-2,3.7666666666666666,4.166666666666667,-0.4,0.0,0.0,0.5,0.0,1.0,-0.022222222222222143,0.1414141414141414,0.10101010101010101,0.3232323232323232,0.2222222222222222,0.07575757575757576,0.8282828282828283,0.24722222222222223,86,83.0,91.0,False,87
Lucas Brennan,Lightweight,2026-04-25,154,1430.0471463551376,1,0,1,0,0.0,1.0,0-1,0.6,2.2,-1.6,0.0,0.0,1.0,0.0,1.0,1.0,0.09090909090909091,0.48484848484848486,0.21717171717171718,0.050505050505050504,0.2222222222222222,0.9494949494949495,0.24393939393939396,87,82.0,91.0,False,88
Mandel Nallo,Lightweight,2026-04-18,161,1429.4008719961687,1,0,1,0,0.0,1.0,0-1,7.6800000000000015,9.120000000000001,-1.4400000000000002,7.200000000000001,0.0,0.0,1.0,1.0,1.0,0.08080808080808081,0.48484848484848486,0.21717171717171718,0.9797979797979798,0.2222222222222222,0.010101010101010102,0.2383838383838384,88,81.0,94.0,False,89
Shem Rock,Lightweight,2026-03-21,189,1415.5013194430235,2,0,2,0,0.0,2.0,0-2,3.033333333333333,4.4,-1.3666666666666667,0.0,1.0,0.0,0.0,2.0,1.95,0.06060606060606061,0.48484848484848486,0.2702020202020202,0.1111111111111111,0.3333333333333333,0.797979797979798,0.2373737373737374,89,84.9,91.0,False,90
Sangwook Kim,Lightweight,2026-01-31,238,1441.7155111885597,1,0,1,0,0.0,1.0,0-1,4.533333333333333,6.6,-2.066666666666667,0.0,1.0,0.0,0.0,1.0,0.6777777777777778,0.12121212121212122,0.48484848484848486,0.21717171717171718,0.1919191919191919,0.1111111111111111,0.494949494949495,0.22070707070707074,90,88.0,91.0,False,91
Damian Rzepecki,Lightweight,2026-07-25,63,1420.1666366094416,1,0,1,0,0.0,1.0,0-1,1.0666666666666667,4.933333333333334,-3.8666666666666667,0.0,1.0,0.0,0.0,1.0,1.0,0.0707070707070707,0.48484848484848486,0.21717171717171718,0.020202020202020204,0.2222222222222222,0.6767676767676768,0.20454545454545453,91,89.0,94.0,False,92
Milos Janicic,Lightweight,2026-08-01,56,1450.0,1,0,1,0,0.0,1.0,0-1,4.444444444444444,3.7037037037037033,0.7407407407407407,0.0,0.0,0.0,1.0,1.0,1.0,0.13131313131313133,0.48484848484848486,0.21717171717171718,0.2727272727272727,0.2222222222222222,0.09090909090909091,0.19848484848484851,92,89.0,94.10000000000002,False,93
Mark Choinski,Lightweight,2025-06-07,476,1436.3891476224371,1,0,1,0,0.0,1.0,0-1,3.8666666666666667,7.333333333333333,-3.466666666666667,0.0,2.0,0.0,0.0,1.0,-0.6444444444444444,0.1111111111111111,0.48484848484848486,0.21717171717171718,0.13131313131313133,0.045454545454545456,0.3333333333333333,0.19065656565656564,93,92.0,94.0,False,94
Maheshate,Lightweight,2025-08-23,399,1361.1017834911115,6,2,4,0,-26.47003993986732,3.0,1-2,4.866666666666666,6.911111111111111,-2.0444444444444443,0.0,0.0,0.0,0.0,2.0,0.7833333333333334,0.010101010101010102,0.2727272727272727,0.38383838383838387,0.10101010101010101,0.12121212121212122,0.4444444444444444,0.1691919191919192,94,93.0,97.0,False,95
Josiah Harrell,Lightweight,2026-09-26,0,1383.3418211678404,2,0,2,0,0.0,2.0,0-2,2.206896551724138,8.0,-5.793103448275862,0.0,4.137931034482759,0.0,1.0,2.0,2.0,0.030303030303030304,0.48484848484848486,0.2702020202020202,0.06060606060606061,0.41414141414141414,0.030303030303030304,0.14595959595959598,95,95.0,98.0,False,96
Mitch Ramirez,Lightweight,2026-07-18,70,1400.0798786883956,3,0,3,0,-39.1118461148626,3.0,0-3,3.1432973805855164,3.4668721109399074,-0.3235747303543914,0.0,0.0,0.0,1.0,2.0,2.0,0.04040404040404041,0.23232323232323232,0.297979797979798,0.09090909090909091,0.41414141414141414,0.12121212121212122,0.14292929292929293,96,96.0,98.0,False,97
Artur Minev,Lightweight,2026-05-16,133,1413.4667045849146,1,0,1,0,0.0,1.0,0-1,1.019108280254777,3.56687898089172,-2.547770700636943,0.0,0.0,0.0,1.0,1.0,1.0,0.050505050505050504,0.48484848484848486,0.21717171717171718,0.030303030303030304,0.2222222222222222,0.1111111111111111,0.1398989898989899,97,96.0,99.0,False,98
Kyle Prepolec,Lightweight,2026-08-01,56,1374.896614997295,5,0,5,0,-125.10338500270495,3.0,0-3,2.762039660056657,9.008498583569404,-6.246458923512748,0.0,0.0,0.0,1.0,3.0,3.0,0.020202020202020204,0.020202020202020204,0.35353535353535354,0.010101010101010102,0.6161616161616161,0.020202020202020204,0.11565656565656567,98,98.0,99.0,False,99
Khamzat Chimaev,Middleweight,2026-05-09,140,1926.7530739211602,10,9,1,3,72.3556993522102,4.0,3-1,2.5668449197860963,2.5376762275158,0.02916869227029655,0.0,5.906660184735052,0.4375303840544483,0.0,3.0,3.0,1.0,0.7948717948717948,0.7660256410256411,0.7692307692307693,0.4358974358974359,0.8589743589743589,0.8673076923076923,1,1.0,3.0,False,1
Gregory Rodrigues,Middleweight,2026-08-22,35,1802.1827964501176,14,11,3,2,134.31191378007838,7.0,6-1,5.640732265446224,3.8672768878718533,1.7734553775743707,1.2013729977116705,1.0297482837528604,0.17162471395881007,0.14285714285714285,5.0,5.0,0.9358974358974359,0.9358974358974359,0.8076923076923077,0.717948717948718,0.8717948717948718,0.5897435897435898,0.8506410256410255,2,1.0,5.0,False,2
Christian Leroy Duncan,Middleweight,2026-07-18,70,1765.1890717308306,10,8,2,2,245.46154636738265,8.0,7-1,4.527662777568687,1.7613850207000377,2.766277756868649,0.5080918328942416,0.5080918328942416,0.0,0.0,5.0,5.0,0.8974358974358975,1.0,0.7307692307692308,0.5641025641025641,0.8717948717948718,0.9615384615384616,0.8461538461538461,3,2.0,5.0,False,3
Sean Strickland,Middleweight,2026-05-09,140,1880.66525785339,25,18,7,6,67.09894046451973,5.0,3-2,6.371051460774137,5.294379356369569,1.0766721044045677,0.1334717484799051,0.0,0.0,0.0,3.0,3.0,0.9743589743589743,0.7564102564102564,0.9487179487179487,0.5384615384615384,0.4358974358974359,0.6025641025641025,0.8397435897435898,0,2.0,5.0,True,4
Nassourdine Imavov,Middleweight,2025-09-06,385,1828.0013338829558,11,9,2,6,132.13317881813236,5.0,5-0,3.9854517611026035,2.5267993874425727,1.4586523736600308,0.3445635528330781,0.3445635528330781,0.17228177641653905,0.0,3.0,1.8611111111111112,0.9615384615384616,0.9230769230769231,0.8141025641025641,0.41025641025641024,0.1794871794871795,0.8717948717948718,0.825,4,3.0,7.0,False,5
Joe Pyfer,Middleweight,2026-03-28,182,1779.520228044407,8,7,1,1,191.2950119565021,6.0,5-1,3.4847702632937536,3.3763551884357255,0.10841507485802789,0.9292720702116676,1.3939081053175013,0.9292720702116676,0.0,3.0,2.988888888888889,0.9102564102564102,0.9871794871794872,0.6474358974358975,0.6538461538461539,0.34615384615384615,0.7948717948717948,0.8,5,6.0,9.0,False,6
Brendan Allen,Middleweight,2026-06-06,112,1755.7946895320358,19,15,4,2,22.110061062375053,7.0,5-2,3.5456904006918424,3.6754107812049583,-0.12972038051311618,0.0,1.8160853271836266,0.5188815220524647,0.0,5.0,5.0,0.8589743589743589,0.6410256410256411,0.858974358974359,0.48717948717948717,0.8717948717948718,0.7692307692307693,0.7916666666666667,6,6.0,10.0,False,7
Anthony Hernandez,Middleweight,2026-08-22,35,1736.3683093759503,13,9,4,3,70.44299020653852,6.0,4-2,4.4804229307781265,3.8955889641500088,0.5848339666281184,0.0,4.31191144886833,0.4460598050553445,0.16666666666666666,5.0,5.0,0.8205128205128205,0.782051282051282,0.8269230769230769,0.8076923076923077,0.8717948717948718,0.5384615384615384,0.7910256410256411,7,5.0,11.0,False,8
Dricus Du Plessis,Middleweight,2026-07-18,70,1909.8269912098206,11,10,1,5,-5.0495696452287575,5.0,4-1,4.408541725203709,4.4422590615341395,-0.0337173363304299,0.0,1.5172801348693454,0.37932003371733636,0.0,3.0,3.0,0.9871794871794872,0.41025641025641024,0.8012820512820513,0.5256410256410257,0.4358974358974359,0.6923076923076923,0.7891025641025642,8,6.0,11.0,False,9
Caio Borralho,Middleweight,2026-03-07,203,1758.4155480886625,9,8,1,2,78.69676857593845,5.0,4-1,4.1644359464627145,3.2007648183556405,0.9636711281070746,0.5162523900573613,0.17208413001912046,0.17208413001912046,0.0,2.0,1.8722222222222222,0.8846153846153846,0.8333333333333334,0.7115384615384615,0.38461538461538464,0.19230769230769232,0.8205128205128205,0.7538461538461538,9,9.0,14.0,False,10
Ikram Aliskerov,Middleweight,2026-06-27,91,1784.8400183504502,6,5,1,0,89.93248579612282,5.0,4-1,5.4849785407725316,3.5793991416309012,1.9055793991416308,0.7725321888412017,3.8626609442060085,0.38626609442060084,0.2,3.0,3.0,0.9230769230769231,0.8589743589743589,0.40384615384615385,0.8846153846153846,0.4358974358974359,0.5256410256410257,0.744871794871795,10,8.0,15.0,False,11
Abus Magomedov,Middleweight,2026-06-27,91,1696.102503494586,8,5,3,1,143.4053890015116,6.0,4-2,2.704019488428745,2.6309378806333736,0.0730816077953715,0.21924482338611448,2.6309378806333736,0.6577344701583434,0.16666666666666666,4.0,4.0,0.7948717948717948,0.9487179487179487,0.6474358974358975,0.5897435897435898,0.6666666666666666,0.7051282051282052,0.7448717948717949,11,10.0,14.0,False,12
Kamaru Usman,Middleweight,2026-07-18,70,1802.9345292600335,20,16,4,10,-94.20625817594942,3.0,1-2,2.6,3.353846153846154,-0.7538461538461538,0.0,0.9230769230769231,0.0,0.0,2.0,2.0,0.9487179487179487,0.15384615384615385,0.9615384615384616,0.11538461538461539,0.24358974358974358,0.8076923076923077,0.739102564102564,12,8.0,20.100000000000023,False,13
Michael Page,Middleweight,2026-09-05,21,1737.3895093493136,6,5,1,2,121.81593732147212,6.0,5-1,1.9222222222222223,1.4,0.5222222222222223,0.0,0.0,0.16666666666666666,0.0,4.0,4.0,0.8333333333333334,0.8846153846153846,0.6378205128205128,0.08974358974358974,0.6666666666666666,0.9743589743589743,0.7307692307692307,13,11.0,17.0,False,14
Yousri Belgaroui,Middleweight,2026-09-12,14,1758.2503812230657,3,3,0,0,33.21515251822484,3.0,3-0,8.349626221966647,1.932144910868315,6.417481311098332,1.5526164462334675,0.5175388154111559,0.0,0.0,3.0,3.0,0.8717948717948718,0.6666666666666666,0.27884615384615385,0.9615384615384616,0.4358974358974359,0.9358974358974359,0.7262820512820513,14,10.0,17.0,False,15
Edmen Shahbazyan,Middleweight,2026-09-19,7,1681.5439340499606,16,10,6,0,105.46775918803769,7.0,5-2,4.762633996937212,3.169984686064318,1.592649310872894,1.14854517611026,0.45941807044410404,0.0,0.14285714285714285,5.0,5.0,0.7564102564102564,0.8717948717948718,0.592948717948718,0.5769230769230769,0.8717948717948718,0.6666666666666666,0.7141025641025641,15,13.0,17.0,False,16
Bo Nickal,Middleweight,2026-06-14,104,1695.2379845828802,7,6,1,0,67.80449218280069,5.0,4-1,3.432783432783433,2.0849420849420848,1.3478413478413478,0.6318006318006318,2.211302211302211,0.9477009477009477,0.2,4.0,4.0,0.782051282051282,0.7692307692307693,0.4294871794871795,0.7307692307692307,0.6666666666666666,0.717948717948718,0.6929487179487179,16,16.0,19.0,False,17
Cam Rowston,Middleweight,2026-05-02,147,1708.8084421091453,3,3,0,0,55.5936502561201,3.0,3-0,5.518955873213176,1.9763828464885023,3.5425730267246736,0.5593536357986327,1.678060907395898,0.0,0.0,3.0,3.0,0.8076923076923077,0.7051282051282052,0.27884615384615385,0.7435897435897436,0.4358974358974359,0.9230769230769231,0.6782051282051283,17,16.0,22.0,False,18
Ryan Gandra,Middleweight,2026-09-19,7,1680.4432983283461,3,3,0,0,49.798095672672844,3.0,3-0,10.0,2.0,8.0,11.25,0.0,0.0,0.0,3.0,3.0,0.7435897435897436,0.6923076923076923,0.27884615384615385,1.0,0.4358974358974359,0.9102564102564102,0.6724358974358975,18,16.0,24.0,False,19
Ateba Gautier,Middleweight,2026-05-09,140,1676.4459637232126,5,5,0,0,56.40917425539055,5.0,5-0,3.9927404718693285,3.0490018148820326,0.9437386569872958,3.2667876588021776,0.5444646098003629,0.0,0.0,5.0,5.0,0.7307692307692307,0.717948717948718,0.375,0.6923076923076923,0.8717948717948718,0.8333333333333334,0.6717948717948719,19,18.0,23.0,False,20
Ismail Naurdiev,Middleweight,2025-11-22,308,1630.3925323456494,7,4,3,1,121.93750185916838,3.0,2-1,4.612937433722164,2.608695652173913,2.00424178154825,0.47720042417815484,1.9088016967126193,0.0,0.0,3.0,2.2888888888888888,0.6282051282051282,0.8974358974358975,0.6217948717948718,0.6666666666666666,0.2948717948717949,0.8461538461538461,0.6628205128205128,20,18.0,24.0,False,21
Jacob Malkoun,Middleweight,2026-05-02,147,1638.1525799028395,9,6,3,0,15.224512892035818,3.0,3-0,4.85273492286115,2.0196353436185133,2.833099579242637,0.420757363253857,2.103786816269285,1.262272089761571,0.0,2.0,2.0,0.6666666666666666,0.6282051282051282,0.47756410256410253,0.8589743589743589,0.24358974358974358,0.8974358974358975,0.6461538461538461,21,21.0,26.0,False,22
Israel Adesanya,Middleweight,2026-03-28,182,1750.0811941715308,19,13,6,9,-83.99944094918828,3.0,0-3,4.93519441674975,4.217347956131604,0.7178464606181455,0.0,0.0,0.0,1.0,2.0,1.988888888888889,0.8461538461538461,0.19230769230769232,0.9423076923076923,0.32051282051282054,0.20512820512820512,0.0641025641025641,0.637179487179487,22,16.900000000000002,32.0,False,23
Shara Magomedov,Middleweight,2026-06-27,91,1672.163449915624,7,6,1,0,12.412432396602071,7.0,6-1,5.548895358794314,3.6170577153622196,1.9318376434320945,0.3082719643774619,0.0,0.0,0.0,4.0,4.0,0.717948717948718,0.6153846153846154,0.4294871794871795,0.5128205128205128,0.6666666666666666,0.782051282051282,0.6333333333333333,23,22.0,27.0,False,24
Jared Cannonier,Middleweight,2026-07-18,70,1686.7078510150673,21,11,10,6,-103.37194556785039,5.0,1-4,3.2214765100671143,4.88974113135187,-1.6682646212847556,0.34515819750719084,1.5532118887823587,0.0,0.2,3.0,3.0,0.7692307692307693,0.08974358974358974,0.9423076923076923,0.23076923076923078,0.4358974358974359,0.4358974358974359,0.6320512820512821,24,18.0,32.0,False,25
Marvin Vettori,Middleweight,2025-12-06,294,1645.0134137835125,18,9,8,3,-40.15830312846833,3.0,0-3,5.6,5.9818181818181815,-0.38181818181818183,0.0,0.2727272727272727,0.0,0.0,3.0,2.3666666666666667,0.6923076923076923,0.3333333333333333,0.8782051282051282,0.358974358974359,0.3076923076923077,0.5,0.6217948717948718,25,21.0,30.100000000000023,False,26
Donte Johnson,Middleweight,2026-08-15,42,1631.6595978575153,3,3,0,0,77.33853384954932,3.0,3-0,2.863340563991323,1.822125813449024,1.0412147505422993,0.6507592190889371,1.9522776572668112,0.6507592190889371,0.0,3.0,3.0,0.6410256410256411,0.8205128205128205,0.27884615384615385,0.6282051282051282,0.4358974358974359,0.9487179487179487,0.6057692307692308,26,24.0,33.0,False,27
Baisangur Susurkaev,Middleweight,2026-05-09,140,1634.4522447185,3,3,0,0,39.95837873054734,3.0,3-0,5.966514459665146,4.657534246575343,1.3089802130898023,0.45662100456621013,2.2831050228310508,0.9132420091324203,0.0,3.0,3.0,0.6538461538461539,0.6794871794871795,0.27884615384615385,0.8461538461538461,0.4358974358974359,0.6794871794871795,0.5923076923076924,27,25.0,35.0,False,28
Nursulton Ruziboev,Middleweight,2026-09-05,21,1650.719112008647,7,5,2,0,-10.632205674791066,6.0,4-2,1.8506774286537906,2.1965984433554335,-0.3459210147016431,0.778322283078697,1.2972038051311616,0.2594407610262323,0.0,4.0,4.0,0.7051282051282052,0.3717948717948718,0.4294871794871795,0.2564102564102564,0.6666666666666666,0.8846153846153846,0.5878205128205128,28,27.0,35.0,False,29
Michal Oleksiejczuk,Middleweight,2026-06-27,91,1626.6224232247696,18,10,8,0,5.512420751354966,7.0,3-4,6.8789808917197455,4.992038216560509,1.8869426751592357,0.7165605095541401,1.4331210191082802,0.0,0.42857142857142855,4.0,4.0,0.6025641025641025,0.5897435897435898,0.608974358974359,0.782051282051282,0.6666666666666666,0.23076923076923078,0.5865384615384616,29,27.0,34.0,False,30
Dustin Stoltzfus,Middleweight,2026-08-15,42,1551.6419764846905,12,4,8,0,164.38254120502643,7.0,3-4,5.692729766803841,4.924554183813442,0.7681755829903978,0.4115226337448559,2.6748971193415634,1.4403292181069958,0.14285714285714285,5.0,5.0,0.4358974358974359,0.9743589743589743,0.5352564102564102,0.9102564102564102,0.8717948717948718,0.47435897435897434,0.5826923076923076,30,23.900000000000002,37.0,False,31
Roman Kopylov,Middleweight,2026-05-09,140,1642.2359121438283,13,8,5,0,-31.309121610610873,6.0,3-3,4.402239104358256,5.817672930827668,-1.4154338264694122,0.899640143942423,1.6193522590963614,0.0,0.16666666666666666,4.0,4.0,0.6794871794871795,0.34615384615384615,0.5576923076923077,0.4358974358974359,0.6666666666666666,0.41025641025641024,0.5698717948717948,31,30.0,36.0,False,32
Kelvin Gastelum,Middleweight,2026-04-11,168,1604.464513351963,26,15,11,7,-95.93918366766388,6.0,3-3,5.273566249176005,6.143704680290045,-0.8701384311140408,0.7910349373764007,0.9887936717205009,0.0,0.3333333333333333,4.0,4.0,0.5641025641025641,0.14102564102564102,0.9743589743589743,0.5,0.6666666666666666,0.21794871794871795,0.567948717948718,32,27.0,40.0,False,33
Kyle Daukaus,Middleweight,2026-06-14,104,1561.2688554037773,9,4,5,0,85.20858241669339,3.0,2-1,2.452316076294278,2.942779291553134,-0.4904632152588556,4.904632152588556,0.0,2.452316076294278,0.3333333333333333,3.0,3.0,0.47435897435897434,0.8461538461538461,0.47756410256410253,0.9487179487179487,0.4358974358974359,0.46153846153846156,0.5564102564102564,33,29.0,39.0,False,34
Brunno Ferreira,Middleweight,2026-09-19,7,1557.1699570393819,11,6,5,1,63.32175330932591,9.0,5-4,2.849667941235661,3.682833568122359,-0.8331656268866976,0.36224592473334677,0.9056148118333669,0.5433688871000202,0.2222222222222222,7.0,7.0,0.46153846153846156,0.7307692307692307,0.7083333333333334,0.2692307692307692,1.0,0.48717948717948717,0.5480769230769231,34,30.0,41.0,False,35
Vicente Luque,Middleweight,2026-08-15,42,1623.459040140353,26,17,9,3,-142.66318487632748,6.0,2-4,2.7364864864864864,5.331081081081081,-2.5945945945945943,0.30405405405405406,0.0,0.9121621621621622,0.3333333333333333,5.0,5.0,0.5897435897435898,0.05128205128205128,0.9326923076923077,0.1794871794871795,0.8717948717948718,0.28205128205128205,0.5467948717948717,35,28.0,45.0,False,36
Jackson McVey,Middleweight,2026-08-22,35,1582.104551087635,4,2,2,0,161.1308094861556,4.0,2-2,7.1400000000000015,3.9600000000000004,3.1800000000000006,1.8000000000000003,0.0,0.9000000000000001,0.5,4.0,4.0,0.5128205128205128,0.9615384615384616,0.3301282051282052,0.9230769230769231,0.6666666666666666,0.2692307692307692,0.5455128205128206,36,29.0,43.0,False,37
JunYong Park,Middleweight,2025-10-25,336,1621.0687181443889,13,9,4,0,-9.352257427503218,4.0,2-2,4.15,4.1,0.05,0.0,1.0,0.25,0.0,3.0,2.1333333333333333,0.5769230769230769,0.3974358974358974,0.5576923076923077,0.3974358974358974,0.28205128205128205,0.7307692307692307,0.5378205128205128,37,33.0,41.0,False,38
Michel Pereira,Middleweight,2026-06-27,91,1597.2789254129223,16,10,6,1,-82.66366090626775,8.0,4-4,3.0942334739803097,5.119549929676513,-2.0253164556962027,0.4219409282700422,0.4219409282700422,0.6329113924050633,0.25,5.0,5.0,0.5512820512820513,0.21794871794871795,0.7852564102564104,0.24358974358974358,0.8717948717948718,0.3974358974358974,0.5346153846153847,38,33.0,44.0,False,39
Damian Pinas,Middleweight,2026-07-11,77,1628.1335993242521,2,2,0,0,0.0,2.0,2-0,5.529953917050691,5.529953917050691,0.0,6.221198156682028,0.0,0.0,0.0,2.0,2.0,0.6153846153846154,0.4935897435897436,0.2435897435897436,0.8717948717948718,0.24358974358974358,0.5641025641025641,0.5307692307692308,39,33.0,43.0,False,40
Eryk Anders,Middleweight,2026-03-14,196,1552.6410713675152,19,10,9,0,27.792297032029182,4.0,3-1,2.903963414634146,2.469512195121951,0.4344512195121951,0.0,3.086890243902439,0.0,0.25,3.0,2.911111111111111,0.44871794871794873,0.6538461538461539,0.625,0.47435897435897434,0.32051282051282054,0.6282051282051282,0.5185897435897435,40,37.0,43.0,False,41
Cody Brundage,Middleweight,2026-05-16,133,1532.4540825177512,15,6,8,0,73.66660584427973,8.0,3-4,3.127358490566038,2.9716981132075477,0.1556603773584906,0.4245283018867925,1.2735849056603776,0.0,0.25,6.0,6.0,0.38461538461538464,0.8076923076923077,0.5801282051282052,0.28205128205128205,0.9807692307692307,0.5512820512820513,0.5022435897435898,41,37.0,47.0,False,42
Andre Muniz,Middleweight,2025-10-04,357,1586.1366324842515,10,6,4,2,-92.32947963450351,3.0,1-2,1.809651474530831,3.8605898123324396,-2.0509383378016084,0.0,7.238605898123324,0.0,0.6666666666666666,2.0,1.0166666666666666,0.5384615384615384,0.16666666666666666,0.7307692307692308,0.6794871794871795,0.1282051282051282,0.19230769230769232,0.49871794871794867,42,38.0,48.0,False,43
Cezary Oleksiejczuk,Middleweight,2025-12-13,287,1585.7326782571222,1,1,0,0,0.0,1.0,1-0,0.9333333333333333,0.8,0.13333333333333333,0.0,6.0,0.0,0.0,1.0,0.40555555555555556,0.5256410256410257,0.4935897435897436,0.20512820512820515,0.6153846153846154,0.02564102564102564,1.0,0.4897435897435898,43,36.900000000000006,50.0,False,44
Rodolfo Vieira,Middleweight,2026-09-26,0,1539.1913186620573,12,7,5,0,-9.394632140311387,6.0,3-3,3.1217616580310885,3.536269430051814,-0.4145077720207255,0.19430051813471505,2.1373056994818658,0.3886010362694301,0.16666666666666666,5.0,5.0,0.3974358974358974,0.38461538461538464,0.5352564102564102,0.44871794871794873,0.8717948717948718,0.6153846153846154,0.4743589743589744,44,43.0,49.0,False,45
Mantas Kondratavicius,Middleweight,2026-03-21,189,1543.6564984611828,1,1,0,0,0.0,1.0,1-0,5.0,1.1333333333333333,3.8666666666666667,1.0,2.0,1.0,0.0,1.0,0.95,0.4230769230769231,0.4935897435897436,0.20512820512820515,0.8974358974358975,0.05128205128205128,0.9871794871794872,0.4717948717948718,45,39.0,52.0,False,46
Marco Tulio,Middleweight,2026-05-09,140,1576.512313186504,4,2,2,0,-102.68293254915193,4.0,2-2,7.067307692307692,3.0865384615384612,3.9807692307692304,1.298076923076923,0.8653846153846153,0.0,0.25,4.0,4.0,0.5,0.10256410256410256,0.3301282051282052,0.8333333333333334,0.6666666666666666,0.5128205128205128,0.4692307692307693,46,43.0,50.0,False,47
Robert Valentin,Middleweight,2026-08-01,56,1520.1574986692694,5,2,3,0,123.18988633938511,5.0,2-3,1.1492957746478871,2.3661971830985915,-1.2169014084507042,0.0,1.0140845070422535,2.5352112676056335,0.4,4.0,4.0,0.358974358974359,0.9102564102564102,0.375,0.6025641025641025,0.6666666666666666,0.44871794871794873,0.46602564102564104,47,42.0,50.0,False,48
Tresean Gore,Middleweight,2026-08-15,42,1525.1685456969087,8,4,4,0,66.7015578958451,5.0,3-2,3.8418079096045203,6.2900188323917146,-2.448210922787194,0.0,0.8474576271186441,0.8474576271186441,0.2,5.0,5.0,0.3717948717948718,0.7435897435897436,0.4551282051282052,0.3333333333333333,0.8717948717948718,0.32051282051282054,0.4416666666666667,48,46.0,53.0,False,49
Gilbert Urbina,Middleweight,2026-08-01,56,1543.531942786771,5,2,3,0,0.9647679175932353,3.0,1-2,7.445255474452555,6.131386861313869,1.3138686131386863,4.37956204379562,0.0,0.0,0.6666666666666666,2.0,2.0,0.41025641025641024,0.5769230769230769,0.375,0.9358974358974359,0.24358974358974358,0.1282051282051282,0.4358974358974359,49,46.0,55.0,False,50
Matthieu Duclos,Middleweight,2026-09-05,21,1573.9567108484173,1,1,0,0,0.0,1.0,1-0,3.9272727272727277,4.800000000000001,-0.8727272727272728,3.272727272727273,0.0,0.0,0.0,1.0,1.0,0.48717948717948717,0.4935897435897436,0.20512820512820515,0.5512820512820513,0.08974358974358974,0.6410256410256411,0.43333333333333335,50,47.0,55.0,False,51
Gerald Meerschaert,Middleweight,2026-05-02,147,1479.5085555246987,26,12,14,1,-97.36542552614287,7.0,2-5,2.1028037383177574,3.302180685358256,-1.1993769470404987,0.0,0.9345794392523367,1.4018691588785048,0.42857142857142855,5.0,5.0,0.2692307692307692,0.1282051282051282,0.8557692307692308,0.3717948717948718,0.8717948717948718,0.38461538461538464,0.4243589743589744,51,46.0,56.0,False,52
Dusko Todorovic,Middleweight,2026-08-01,56,1457.542501034137,12,5,7,0,-18.1714028993963,5.0,2-3,3.3586956521739126,3.7826086956521734,-0.4239130434782608,0.0,6.847826086956521,2.445652173913043,0.4,5.0,5.0,0.20512820512820512,0.358974358974359,0.5352564102564102,0.9871794871794872,0.8717948717948718,0.34615384615384615,0.4121794871794872,52,49.0,57.0,False,53
Brad Tavares,Middleweight,2026-03-14,196,1511.7527445208543,28,16,12,2,-99.41915567997444,5.0,1-4,3.533760473139478,4.598324297683589,-1.0645638245441105,0.22178413011335635,0.22178413011335635,0.0,0.4,4.0,3.911111111111111,0.32051282051282054,0.11538461538461539,0.9102564102564102,0.14102564102564102,0.5512820512820513,0.2948717948717949,0.408974358974359,53,47.0,58.0,False,54
Zach Reese,Middleweight,2026-07-11,77,1479.7872043629695,8,4,4,0,-44.94958485089023,8.0,4-4,4.445080091533181,3.8958810068649887,0.5491990846681922,0.2574370709382151,2.831807780320366,1.0297482837528604,0.375,5.0,5.0,0.28205128205128205,0.2948717948717949,0.4551282051282052,0.7948717948717948,0.8717948717948718,0.3717948717948718,0.4076923076923077,54,51.0,56.0,False,55
Cesar Almeida,Middleweight,2026-07-11,77,1512.339306274813,6,3,3,0,-43.102136906592705,6.0,3-3,3.479444595698339,2.3196297304655595,1.1598148652327798,0.24503130955622107,0.24503130955622107,0.24503130955622107,0.16666666666666666,4.0,4.0,0.3333333333333333,0.3076923076923077,0.40384615384615385,0.3076923076923077,0.6666666666666666,0.7435897435897436,0.4,55,51.0,56.0,False,56
Andrey Pulyaev,Middleweight,2026-06-27,91,1513.0609795782777,4,1,3,0,6.502313760930065,4.0,1-3,2.519555372581309,2.914779744750926,-0.39522437216961714,0.37052284890901604,0.0,0.0,0.25,4.0,4.0,0.34615384615384615,0.6025641025641025,0.3301282051282052,0.10256410256410256,0.6666666666666666,0.5769230769230769,0.38333333333333336,56,52.0,57.0,False,57
Luis Felipe Dias,Middleweight,2026-09-05,21,1510.9269493211807,2,1,1,0,0.0,2.0,1-1,5.212121212121212,3.393939393939394,1.8181818181818181,1.8181818181818181,0.0,0.0,0.5,2.0,2.0,0.3076923076923077,0.4935897435897436,0.2435897435897436,0.6410256410256411,0.24358974358974358,0.3076923076923077,0.3435897435897436,57,56.900000000000006,61.0,False,58
Mansur Abdul-Malik,Middleweight,2026-08-15,42,1492.8056383771243,6,3,2,0,-123.77190278445664,6.0,3-2,2.9379760609358,4.374319912948858,-1.4363438520130578,0.3264417845484222,1.9586507072905335,0.3264417845484222,0.3333333333333333,6.0,6.0,0.2948717948717949,0.07692307692307693,0.40384615384615385,0.34615384615384615,0.9807692307692307,0.358974358974359,0.34070512820512816,58,58.0,60.0,False,59
Marc-Andre Barriault,Middleweight,2026-02-07,231,1473.340073893277,16,6,10,0,-84.1276426026036,6.0,1-5,4.949044585987261,7.643312101910829,-2.694267515923567,0.2866242038216561,0.5732484076433122,0.0,0.3333333333333333,4.0,3.716666666666667,0.2564102564102564,0.1794871794871795,0.592948717948718,0.21794871794871795,0.5256410256410257,0.1794871794871795,0.31794871794871793,59,59.0,63.0,False,60
Andre Petroski,Middleweight,2026-05-16,133,1470.8067880430233,13,8,5,0,-179.37643673363777,8.0,3-5,2.0221729490022176,2.993348115299335,-0.9711751662971176,0.0,1.9955654101995568,0.19955654101995568,0.5,4.0,4.0,0.23076923076923078,0.02564102564102564,0.5576923076923077,0.20512820512820512,0.6666666666666666,0.3333333333333333,0.30512820512820515,60,60.0,65.0,False,61
Robert Bryczek,Middleweight,2026-09-26,0,1465.7764405097325,4,1,3,0,-66.75952101039252,4.0,1-3,2.715251248898031,3.7378783426388478,-1.0226270937408168,0.2644725242433147,0.2644725242433147,0.2644725242433147,0.0,3.0,3.0,0.21794871794871795,0.24358974358974358,0.3301282051282052,0.1282051282051282,0.4358974358974359,0.7564102564102564,0.29871794871794877,61,59.0,65.0,False,62
Azamat Bekoev,Middleweight,2026-04-04,175,1471.2628361649067,4,2,2,0,-230.7467726228674,4.0,2-2,4.574585635359115,6.828729281767956,-2.25414364640884,1.4917127071823204,3.480662983425414,0.0,0.5,4.0,4.0,0.24358974358974358,0.01282051282051282,0.3301282051282052,0.7051282051282052,0.6666666666666666,0.15384615384615385,0.29615384615384616,62,60.0,65.0,False,63
Ryan Loder,Middleweight,2025-11-22,308,1441.3622462990668,3,1,2,0,-60.61012932519043,3.0,1-2,5.098634294385432,2.4582701062215477,2.6403641881638844,0.0,1.3657056145675264,1.3657056145675264,0.6666666666666666,2.0,1.2888888888888888,0.16666666666666666,0.28205128205128205,0.27884615384615385,0.8205128205128205,0.15384615384615385,0.2564102564102564,0.27435897435897433,63,61.0,67.0,False,64
Torrez Finney,Middleweight,2026-01-31,238,1442.0756552134903,2,1,1,0,0.0,2.0,1-1,1.0333333333333334,4.666666666666667,-3.6333333333333333,0.0,4.0,0.0,0.0,2.0,1.6777777777777778,0.1794871794871795,0.4935897435897436,0.2435897435897436,0.15384615384615385,0.16666666666666666,0.6538461538461539,0.267948717948718,64,62.0,68.0,False,65
Wes Schultz,Middleweight,2026-08-22,35,1413.5001194759634,3,1,2,0,-65.75964761664909,3.0,1-2,2.1024258760107815,3.504043126684636,-1.4016172506738545,0.8086253369272237,0.8086253369272237,4.8517520215633425,0.6666666666666666,3.0,3.0,0.07692307692307693,0.2564102564102564,0.27884615384615385,0.9743589743589743,0.4358974358974359,0.20512820512820512,0.2557692307692308,65,63.0,69.0,False,66
Danny Barlow,Middleweight,2025-10-18,343,1450.7230616206173,4,2,2,0,-127.432717324142,4.0,2-2,5.622188905547226,4.632683658170914,0.9895052473763118,0.3373313343328336,0.0,0.0,0.25,2.0,1.0944444444444446,0.19230769230769232,0.0641025641025641,0.3301282051282052,0.46153846153846156,0.14102564102564102,0.4230769230769231,0.2544871794871795,66,65.0,69.0,False,67
Eric McConico,Middleweight,2026-08-15,42,1421.4373392182542,5,2,3,0,-42.222306475365485,5.0,2-3,2.94981222260157,3.175145100716968,-0.22533287811539773,0.0,0.6145442130419938,0.0,0.6,5.0,5.0,0.11538461538461539,0.32051282051282054,0.375,0.16666666666666666,0.8717948717948718,0.24358974358974358,0.2435897435897436,67,64.0,70.0,False,68
Djorden Santos,Middleweight,2026-09-12,14,1428.4912146507445,4,1,3,0,-73.17353124877218,4.0,1-3,6.6643812135755915,7.836818649297223,-1.1724374357216318,0.0,0.30853616729516625,0.0,0.5,4.0,4.0,0.14102564102564102,0.23076923076923078,0.3301282051282052,0.4230769230769231,0.6666666666666666,0.14102564102564102,0.24230769230769234,68,66.0,69.0,False,69
Nick Klein,Middleweight,2025-08-02,420,1418.192279773366,2,0,2,0,0.0,2.0,0-2,2.547486033519553,3.4860335195530725,-0.9385474860335195,0.0,5.027932960893854,1.0055865921787708,1.0,2.0,0.6666666666666667,0.10256410256410256,0.4935897435897436,0.2435897435897436,0.7564102564102564,0.038461538461538464,0.08974358974358974,0.23076923076923078,69,65.9,70.0,False,70
Ben Johnston,Middleweight,2026-05-02,147,1422.4378965925514,1,0,1,0,0.0,1.0,0-1,1.0140845070422535,1.0140845070422535,0.0,0.0,2.5352112676056335,0.0,1.0,1.0,1.0,0.1282051282051282,0.4935897435897436,0.20512820512820515,0.19230769230769232,0.08974358974358974,0.16666666666666666,0.18846153846153849,70,71.0,72.0,False,71
Ozzy Diaz,Middleweight,2026-09-19,7,1397.6860380769015,4,1,3,0,-82.91270192422826,4.0,1-3,5.964912280701754,7.290448343079921,-1.3255360623781676,0.0,0.0,0.0,0.75,4.0,4.0,0.0641025641025641,0.20512820512820512,0.3301282051282052,0.2948717948717949,0.6666666666666666,0.038461538461538464,0.18205128205128207,71,71.0,73.0,False,72
Tre'ston Vines,Middleweight,2025-10-04,357,1436.3582142053872,1,0,1,0,0.0,1.0,0-1,0.0,3.564356435643565,-3.564356435643565,0.0,0.0,0.0,1.0,1.0,0.01666666666666672,0.15384615384615385,0.4935897435897436,0.20512820512820515,0.02564102564102564,0.01282051282051282,0.07692307692307693,0.17051282051282052,72,72.0,73.0,False,73
YiSak Lee,Middleweight,2026-05-30,119,1415.116339830402,1,0,1,0,0.0,1.0,0-1,2.7272727272727275,5.7272727272727275,-3.0,0.0,0.0,0.0,1.0,1.0,1.0,0.08974358974358974,0.4935897435897436,0.20512820512820515,0.0641025641025641,0.08974358974358974,0.02564102564102564,0.14423076923076927,73,74.0,76.0,False,74
Antonio Trocoli,Middleweight,2026-03-21,189,1299.6311348799375,4,0,4,0,-63.82331803295892,4.0,0-4,1.2673707615341856,5.403001667593107,-4.135630906058921,0.0,0.500277932184547,0.0,0.75,3.0,2.95,0.02564102564102564,0.2692307692307692,0.3301282051282052,0.038461538461538464,0.3333333333333333,0.11538461538461539,0.13653846153846155,74,74.0,77.0,False,75
Julien Leblanc,Middleweight,2026-04-18,161,1377.9849124440616,1,0,1,0,0.0,1.0,0-1,1.6901408450704225,2.9577464788732395,-1.267605633802817,0.0,0.0,0.0,1.0,1.0,1.0,0.05128205128205128,0.4935897435897436,0.20512820512820515,0.05128205128205128,0.08974358974358974,0.10256410256410256,0.13333333333333333,75,75.0,77.0,False,76
Jose Daniel Medina,Middleweight,2026-02-28,210,1198.9833952154613,5,0,5,0,-162.26710612979787,5.0,0-5,3.044776119402985,6.483582089552239,-3.4388059701492537,0.0,0.5373134328358209,0.0,0.8,4.0,3.8333333333333335,0.01282051282051282,0.038461538461538464,0.375,0.07692307692307693,0.5384615384615384,0.05128205128205128,0.12435897435897436,76,74.0,78.0,False,77
Vlasto Cepo,Middleweight,2026-08-01,56,1377.7130257019799,1,0,1,0,0.0,1.0,0-1,6.885245901639345,29.508196721311478,-22.622950819672134,0.0,0.0,0.0,1.0,1.0,1.0,0.038461538461538464,0.4935897435897436,0.20512820512820515,0.01282051282051282,0.08974358974358974,0.01282051282051282,0.11474358974358975,77,76.0,78.0,False,78
Islam Makhachev,Welterweight,2026-08-15,42,1986.8176433043911,19,18,1,7,79.88971064264274,5.0,5-0,2.1281034842478617,1.6774462758189028,0.45065720842895896,0.3755476736907991,3.1921552263717925,0.5633215105361987,0.0,3.0,3.0,1.0,0.8690476190476191,0.9077380952380952,0.5833333333333334,0.625,0.9404761904761905,0.9020833333333333,0,1.0,1.0,True,1
Sean Brady,Welterweight,2026-05-09,140,1845.1238766490192,11,9,2,4,95.52477769724692,5.0,4-1,3.982362497099095,1.6291482942678117,2.3532142028312837,0.0,4.386168484567185,0.8354606637270829,0.2,3.0,3.0,0.9523809523809523,0.8809523809523809,0.7648809523809523,0.8809523809523809,0.625,0.7738095238095238,0.8663690476190475,1,2.0,3.0,False,2
Michael Morales,Welterweight,2025-11-15,315,1920.3635013855253,7,7,0,2,197.48328918902598,4.0,4-0,6.542056074766356,2.8037383177570097,3.738317757009346,2.2429906542056077,0.0,0.0,0.0,2.0,1.25,0.9880952380952381,0.9761904761904762,0.6309523809523809,0.8333333333333334,0.31547619047619047,0.8095238095238095,0.8485119047619049,2,2.0,6.0,False,3
Ian Machado Garry,Welterweight,2026-08-15,42,1867.66472841955,12,10,2,4,25.315714723263227,6.0,4-2,2.9583333333333335,2.0416666666666665,0.9166666666666666,0.0,0.875,0.5,0.0,4.0,4.0,0.9642857142857143,0.7142857142857143,0.7946428571428571,0.47619047619047616,0.8035714285714286,0.8928571428571429,0.8413690476190475,3,2.0,6.0,False,4
Gabriel Bonfim,Welterweight,2026-06-06,112,1826.4450036794651,8,7,1,4,158.2447557557557,6.0,5-1,4.656128105111886,3.5228905768835967,1.1332375282282898,0.18476698829809074,2.4019708478751793,0.5543009648942722,0.16666666666666666,4.0,4.0,0.9285714285714286,0.9523809523809523,0.7142857142857142,0.7619047619047619,0.8035714285714286,0.5119047619047619,0.8235119047619046,4,4.0,7.0,False,5
Max Holloway,Welterweight,2026-07-11,77,1894.8247377493524,33,24,9,14,-22.96086320907807,5.0,3-2,5.655644241733181,3.8426453819840365,1.8129988597491447,0.3420752565564424,0.0,0.0,0.2,4.0,4.0,0.9761904761904762,0.36904761904761907,0.9940476190476191,0.5476190476190477,0.8035714285714286,0.42857142857142855,0.812797619047619,5,3.0,11.0,False,6
Carlos Prates,Welterweight,2026-05-02,147,1831.3868839296715,8,7,1,3,212.47660345395843,8.0,7-1,4.377959535083943,4.352130865260439,0.02582866982350409,2.3245802841153678,0.19371502367628066,0.0,0.0,5.0,5.0,0.9404761904761905,1.0,0.6845238095238095,0.42857142857142855,0.9464285714285714,0.5952380952380952,0.8098214285714287,6,5.0,9.0,False,7
Michael Chiesa,Welterweight,2026-03-28,182,1705.2035760399535,22,15,7,3,53.86284760061221,4.0,4-0,2.806095638465581,1.8917498686284815,0.9143457698370994,0.0,1.8917498686284815,1.418812401471361,0.0,3.0,2.988888888888889,0.7619047619047619,0.8095238095238095,0.8660714285714286,0.8571428571428571,0.5595238095238095,0.9047619047619048,0.8011904761904762,7,5.0,10.0,False,8
Daniil Donchenko,Welterweight,2026-09-05,21,1786.1235853129897,5,5,0,0,138.18636804752464,5.0,5-0,9.014290949065591,2.5943569072920485,6.419934041773543,2.6383290582631,1.31916452913155,0.0,0.0,5.0,5.0,0.9047619047619048,0.9166666666666666,0.35416666666666663,0.9404761904761905,0.9464285714285714,0.8452380952380952,0.7955357142857143,8,5.0,12.0,False,9
Joaquin Buckley,Welterweight,2026-05-09,140,1731.5098105011184,17,11,6,3,149.4167273419198,7.0,5-2,3.4863837872070933,2.811906269791007,0.6744775174160862,0.2849905003166561,1.4249525015832805,0.14249525015832806,0.0,4.0,4.0,0.8333333333333334,0.9285714285714286,0.8065476190476191,0.40476190476190477,0.8035714285714286,0.7976190476190477,0.7895833333333333,9,7.0,11.0,False,10
Uros Medic,Welterweight,2026-08-01,56,1733.1047201989115,11,8,3,1,99.93950547570216,7.0,5-2,3.611404435058078,2.4709609292502637,1.140443505807814,4.751847940865892,0.0,0.0,0.2857142857142857,5.0,5.0,0.8452380952380952,0.9047619047619048,0.6785714285714286,0.5714285714285714,0.9464285714285714,0.5238095238095238,0.7633928571428572,10,10.0,13.0,False,11
Yaroslav Amosov,Welterweight,2026-05-09,140,1748.310966762473,2,2,0,1,0.0,2.0,2-0,2.6455026455026456,1.3756613756613758,1.26984126984127,0.0,11.111111111111112,3.174603174603175,0.0,2.0,2.0,0.8690476190476191,0.5476190476190477,0.46726190476190477,0.9880952380952381,0.43452380952380953,0.9642857142857143,0.7562500000000001,11,9.0,17.0,False,12
Kevin Holland,Welterweight,2026-04-11,168,1719.0758308902814,29,16,13,1,-37.96178573867337,9.0,4-5,3.8514996342355525,3.1931236283833213,0.6583760058522312,0.3291880029261156,0.822970007315289,0.822970007315289,0.2222222222222222,7.0,7.0,0.8214285714285714,0.30952380952380953,0.8452380952380952,0.6785714285714286,1.0,0.47619047619047616,0.7351190476190477,12,11.0,22.0,False,13
Ignacio Bahamondes,Welterweight,2026-09-12,14,1680.5882733226535,11,7,4,2,66.71752022168403,6.0,4-2,4.375189107413011,3.304084720121029,1.0711043872919819,1.0892586989409985,0.0,0.816944024205749,0.0,4.0,4.0,0.7023809523809523,0.8452380952380952,0.7142857142857143,0.7142857142857143,0.8035714285714286,0.75,0.7300595238095238,13,13.0,20.0,False,14
Randy Brown,Welterweight,2026-04-11,168,1704.7876219322918,22,14,8,1,25.844131581362944,6.0,3-3,4.4318181818181825,3.4090909090909096,1.022727272727273,0.48701298701298706,0.48701298701298706,0.48701298701298706,0.16666666666666666,4.0,4.0,0.75,0.7261904761904762,0.8095238095238095,0.6309523809523809,0.8035714285714286,0.5357142857142857,0.7288690476190477,14,13.0,19.0,False,15
Belal Muhammad,Welterweight,2026-06-06,112,1777.7607703388621,21,15,6,6,-53.88643666984922,4.0,1-3,3.8,4.722222222222222,-0.9222222222222223,0.0,2.0,0.0,0.0,3.0,3.0,0.8809523809523809,0.2619047619047619,0.9166666666666667,0.32142857142857145,0.625,0.5595238095238095,0.7252976190476191,15,10.900000000000002,23.0,False,16
Jake Matthews,Welterweight,2026-05-30,119,1692.0871784657522,24,16,8,1,35.395151120752416,6.0,4-2,3.5943459726273277,3.2308727843841147,0.36347318824321295,0.20192954902400717,0.40385909804801434,0.8077181960960287,0.16666666666666666,4.0,4.0,0.7142857142857143,0.75,0.8303571428571428,0.5952380952380952,0.8035714285714286,0.5714285714285714,0.7193452380952381,16,15.0,22.100000000000023,False,17
Jeremiah Wells,Welterweight,2026-08-15,42,1702.0282164656442,8,6,2,1,24.869008801771542,3.0,2-1,1.9323671497584543,1.6908212560386473,0.24154589371980678,0.0,1.8115942028985508,1.4492753623188406,0.0,2.0,2.0,0.7380952380952381,0.7023809523809523,0.6279761904761905,0.7380952380952381,0.43452380952380953,0.9285714285714286,0.7163690476190476,17,14.0,22.0,False,18
Sam Patterson,Welterweight,2026-07-25,63,1699.8116107670303,7,5,2,0,209.54482291501586,6.0,5-1,3.8926829268292686,2.4585365853658536,1.4341463414634148,1.3170731707317074,0.878048780487805,0.878048780487805,0.0,4.0,4.0,0.7261904761904762,0.9880952380952381,0.40476190476190477,0.7976190476190477,0.8035714285714286,0.8571428571428571,0.7122023809523811,18,13.0,24.0,False,19
Myktybek Orolbai,Welterweight,2026-08-15,42,1706.52082601355,7,5,2,0,41.258293438186,7.0,5-2,2.7004797806716927,2.4948594928032897,0.205620287868403,0.411240575736806,8.224811514736121,0.411240575736806,0.14285714285714285,5.0,5.0,0.7738095238095238,0.7619047619047619,0.40476190476190477,0.8690476190476191,0.9464285714285714,0.7023809523809523,0.7098214285714286,19,14.0,24.0,False,20
Jacobe Smith,Welterweight,2026-02-21,217,1715.4392605493663,3,3,0,0,56.136273575783434,3.0,3-0,6.850690087829359,3.613550815558343,3.237139272271016,1.1292346298619822,4.516938519447929,1.1292346298619822,0.0,3.0,2.7944444444444443,0.8095238095238095,0.8214285714285714,0.3214285714285714,0.9523809523809523,0.5238095238095238,0.7142857142857143,0.7035714285714285,20,14.0,24.0,False,21
Mike Malott,Welterweight,2026-04-18,161,1742.4840945389378,8,7,1,0,48.09737307885712,5.0,4-1,3.931532495319604,3.09708478202728,0.8344477132923241,0.7221182134260498,1.203530355710083,0.24070607114201656,0.2,4.0,4.0,0.8571428571428571,0.7976190476190477,0.4375,0.5357142857142857,0.8035714285714286,0.5476190476190477,0.7014880952380952,21,16.0,23.0,False,22
Jack Della Maddalena,Welterweight,2026-05-02,147,1784.6981277626016,11,9,2,4,-19.25004777339359,4.0,2-2,3.948051948051948,3.8051948051948052,0.14285714285714285,0.19480519480519481,0.38961038961038963,0.0,0.25,3.0,3.0,0.8928571428571429,0.38095238095238093,0.7648809523809523,0.2976190476190476,0.625,0.40476190476190477,0.6943452380952381,22,15.0,25.0,False,23
Rinat Fakhretdinov,Welterweight,2025-09-06,385,1801.3060995872238,7,6,0,0,30.172589271736797,4.0,3-0,6.252723311546841,5.511982570806101,0.7407407407407408,0.32679738562091504,2.6143790849673203,0.0,0.0,2.0,0.8611111111111112,0.9166666666666666,0.7380952380952381,0.40476190476190477,0.7261904761904762,0.10714285714285714,0.44047619047619047,0.6892857142857142,23,15.0,25.0,False,24
Themba Gorimbo,Welterweight,2026-05-02,147,1640.9784884752405,8,4,4,0,159.82227326803286,6.0,3-3,3.013029315960912,1.7589576547231272,1.2540716612377851,0.24429967426710097,4.88599348534202,0.48859934853420195,0.16666666666666666,4.0,4.0,0.5714285714285714,0.9642857142857143,0.4375,0.8095238095238095,0.8035714285714286,0.7857142857142857,0.6407738095238096,24,23.0,29.0,False,25
Leon Edwards,Welterweight,2025-11-15,315,1713.9975153780488,19,14,5,5,-54.726970113755215,4.0,1-3,1.9010713471620695,2.5985867335308863,-0.6975153863688169,0.0,1.2309095053567356,0.41030316845224524,0.5,2.0,1.25,0.7976190476190477,0.23809523809523808,0.8839285714285714,0.25,0.31547619047619047,0.32142857142857145,0.6324404761904764,25,23.0,31.0,False,26
Neil Magny,Welterweight,2026-08-15,42,1652.1969588471627,38,25,13,3,-45.90201116073831,7.0,4-3,2.9701280227596016,2.4751066856330013,0.4950213371266003,0.0,1.5362731152204836,0.5120910384068279,0.42857142857142855,5.0,5.0,0.6190476190476191,0.2976190476190476,0.9136904761904762,0.4880952380952381,0.9464285714285714,0.38095238095238093,0.625297619047619,26,25.0,31.0,False,27
Chidi Njokuani,Welterweight,2026-08-15,42,1625.6500201789217,11,6,5,0,156.45995065491206,6.0,4-2,7.229795520934761,3.7828627069133396,3.4469328140214217,0.21908471275559882,0.0,0.0,0.16666666666666666,5.0,5.0,0.5476190476190477,0.9404761904761905,0.48809523809523814,0.7738095238095238,0.9464285714285714,0.4523809523809524,0.6080357142857142,27,26.0,33.0,False,28
Stephen Thompson,Welterweight,2025-07-12,441,1709.3734658522822,22,12,9,6,-58.373445630500555,3.0,0-3,2.875055978504254,2.740707568293775,0.13434841021047916,0.0,0.0,0.0,0.6666666666666666,2.0,0.55,0.7857142857142857,0.20238095238095238,0.9315476190476191,0.13095238095238096,0.08333333333333333,0.2261904761904762,0.6,28,26.0,37.10000000000002,False,29
Daniel Rodriguez,Welterweight,2026-08-01,56,1671.8621762682412,15,10,5,0,-13.837500228702538,5.0,3-2,6.948853615520282,5.784832451499118,1.164021164021164,0.7936507936507936,0.26455026455026454,0.0,0.2,4.0,4.0,0.6785714285714286,0.39285714285714285,0.5476190476190476,0.6666666666666666,0.8035714285714286,0.2857142857142857,0.5895833333333333,29,28.0,33.0,False,30
Jonathan Micallef,Welterweight,2026-05-02,147,1656.504725608393,3,3,0,0,43.09232588821851,3.0,3-0,4.128083080917352,3.7905668541756814,0.33751622674167026,0.3894418000865426,0.7788836001730852,0.3894418000865426,0.0,3.0,3.0,0.6547619047619048,0.7738095238095238,0.3214285714285714,0.5238095238095238,0.625,0.6785714285714286,0.5877976190476191,30,27.0,34.0,False,31
Ty Miller,Welterweight,2026-08-08,49,1652.742061956771,2,2,0,0,0.0,2.0,2-0,12.603938730853391,4.00437636761488,8.599562363238512,2.9540481400437635,0.0,0.0,0.0,2.0,2.0,0.6309523809523809,0.5476190476190477,0.2767857142857143,0.9761904761904762,0.43452380952380953,0.6428571428571429,0.5776785714285715,31,27.900000000000002,36.0,False,32
Jack Hermansson,Welterweight,2025-11-22,308,1656.4052888645326,19,11,8,4,-64.02311089075306,3.0,1-2,5.293201868188895,3.8920601971977167,1.401141670991178,0.0,0.467047223663726,0.0,0.6666666666666666,2.0,1.2888888888888888,0.6428571428571429,0.16666666666666666,0.8601190476190477,0.5,0.3392857142857143,0.17857142857142858,0.5627976190476193,32,29.0,39.0,False,33
Punahele Soriano,Welterweight,2026-09-05,21,1580.8607662012378,12,7,5,0,75.77485312244653,6.0,4-2,4.046878737144223,2.9131786653910545,1.1337000717531691,0.2152595072949055,3.444152116718488,0.430519014589811,0.16666666666666666,4.0,4.0,0.40476190476190477,0.8571428571428571,0.5178571428571428,0.75,0.8035714285714286,0.6071428571428571,0.5473214285714286,33,30.0,41.0,False,34
Joel Alvarez,Welterweight,2026-08-15,42,1643.9324820051306,12,8,4,0,-34.117723622807944,5.0,3-2,5.435540069686411,4.808362369337979,0.627177700348432,0.2850807728856509,0.2850807728856509,0.5701615457713018,0.2,4.0,4.0,0.5833333333333334,0.32142857142857145,0.5178571428571428,0.6904761904761905,0.8035714285714286,0.35714285714285715,0.5431547619047619,34,34.0,40.0,False,35
Geoff Neal,Welterweight,2026-02-21,217,1674.8073996690757,14,8,6,1,-74.56658345599521,4.0,1-3,4.035087719298246,4.956140350877193,-0.9210526315789473,0.6578947368421052,0.6578947368421052,0.0,0.5,3.0,2.7944444444444443,0.6904761904761905,0.13095238095238096,0.7232142857142857,0.27380952380952384,0.5238095238095238,0.20238095238095238,0.5422619047619048,35,32.0,43.0,False,36
Gilbert Burns,Welterweight,2026-04-18,161,1666.0843636578218,25,15,10,5,-130.30388443889956,4.0,0-4,2.18348623853211,5.247706422018348,-3.0642201834862384,0.0,2.477064220183486,0.0,0.75,2.0,2.0,0.6666666666666666,0.047619047619047616,0.9494047619047619,0.08333333333333333,0.43452380952380953,0.09523809523809523,0.5342261904761905,36,30.0,46.0,False,37
Jean-Paul Lebosnoyani,Welterweight,2026-07-18,70,1619.06602824129,2,2,0,0,0.0,2.0,2-0,3.933333333333333,4.0,-0.06666666666666667,0.0,3.0,2.0,0.0,2.0,2.0,0.5357142857142857,0.5476190476190477,0.2767857142857143,0.9047619047619048,0.43452380952380953,0.6547619047619048,0.5288690476190476,37,34.0,43.0,False,38
Seokhyeon Ko,Welterweight,2026-07-18,70,1638.322061199775,3,2,1,0,-57.08336362863952,3.0,2-1,3.0,1.4666666666666666,1.5333333333333334,0.0,3.3333333333333335,0.3333333333333333,0.0,3.0,3.0,0.5595238095238095,0.21428571428571427,0.3214285714285714,0.6428571428571429,0.625,0.9523809523809523,0.5282738095238095,38,33.0,43.0,False,39
Levan Chokheli,Welterweight,2026-06-20,98,1599.997536193576,1,1,0,0,0.0,1.0,1-0,12.0,0.0,12.0,30.0,0.0,0.0,0.0,1.0,1.0,0.47619047619047616,0.5476190476190477,0.20833333333333331,1.0,0.20833333333333334,1.0,0.5211309523809524,39,32.0,47.0,False,40
Chris Curtis,Welterweight,2026-03-14,196,1611.5714381332427,11,6,5,2,-33.855914998347316,5.0,2-3,5.6717003333987055,5.212786820945284,0.4589135124534222,0.0,0.0,0.0,0.2,3.0,2.911111111111111,0.5238095238095238,0.3333333333333333,0.7142857142857143,0.44047619047619047,0.5476190476190477,0.30952380952380953,0.5142857142857145,40,37.0,44.0,False,41
Court McGee,Welterweight,2025-06-14,469,1582.9077961312037,24,11,13,0,44.347264194623676,3.0,1-2,3.3916958479239625,3.451725862931466,-0.06003001500750376,0.0,0.9004502251125563,0.4502251125562782,0.0,2.0,0.3944444444444444,0.4166666666666667,0.7857142857142857,0.6398809523809523,0.4166666666666667,0.07142857142857142,0.7261904761904762,0.5119047619047619,41,35.0,45.10000000000002,False,42
Michael Oliveira,Welterweight,2026-08-01,56,1601.639022505049,1,1,0,0,0.0,1.0,1-0,7.706422018348623,3.3027522935779814,4.403669724770642,16.513761467889907,0.0,0.0,0.0,1.0,1.0,0.4880952380952381,0.5476190476190477,0.20833333333333331,0.9642857142857143,0.20833333333333334,0.7619047619047619,0.4991071428571429,42,37.0,50.0,False,43
Nicolas Dalby,Welterweight,2025-11-22,308,1646.8661982869128,14,8,5,0,-30.2888574438291,4.0,2-2,3.701298701298701,3.9177489177489173,-0.21645021645021645,0.6493506493506493,0.0,0.0,0.25,2.0,1.2888888888888888,0.5952380952380952,0.35714285714285715,0.5327380952380952,0.2261904761904762,0.3392857142857143,0.39285714285714285,0.4889880952380953,43,40.0,47.0,False,44
Santiago Ponzinibbio,Welterweight,2026-07-25,63,1595.6425827963574,21,12,9,4,-63.43564845334686,4.0,1-3,3.7881445106980003,5.240266573132233,-1.4521220624342335,0.3156787092248334,0.9470361276745001,0.0,0.5,3.0,3.0,0.4642857142857143,0.17857142857142858,0.8809523809523809,0.21428571428571427,0.625,0.19047619047619047,0.47470238095238093,44,40.0,54.0,False,45
Ramiz Brahimaj,Welterweight,2026-08-15,42,1551.50836192552,10,5,5,0,16.40235796652928,6.0,3-3,1.945425361155698,2.715890850722311,-0.7704654895666131,0.2889245585874799,2.022471910112359,0.8667736757624397,0.16666666666666666,5.0,5.0,0.32142857142857145,0.6904761904761905,0.4642857142857143,0.5119047619047619,0.9464285714285714,0.6309523809523809,0.4681547619047619,45,41.0,52.0,False,46
Khaos Williams,Welterweight,2026-05-16,133,1652.0028398445813,11,7,4,0,-56.16389291527912,4.0,2-2,3.0683713173985545,5.336297943301834,-2.2679266259032795,1.000555864369094,0.0,0.0,0.25,3.0,3.0,0.6071428571428571,0.2261904761904762,0.48809523809523814,0.09523809523809523,0.625,0.2976190476190476,0.4639880952380952,46,43.0,55.0,False,47
Muslim Salikhov,Welterweight,2026-09-12,14,1602.6856281206653,15,9,6,0,-46.558344213901364,6.0,3-3,3.1660231660231664,3.9639639639639643,-0.7979407979407981,0.7722007722007723,1.1583011583011584,0.0,0.3333333333333333,4.0,4.0,0.5,0.2857142857142857,0.5476190476190476,0.23809523809523808,0.8035714285714286,0.34523809523809523,0.4616071428571428,47,44.0,52.0,False,48
Taiyilake Nueraji,Welterweight,2025-08-23,399,1572.2208764764075,1,1,0,0,0.0,1.0,1-0,7.605633802816902,0.5633802816901409,7.042253521126761,0.0,4.225352112676057,0.0,0.0,1.0,-0.21666666666666656,0.35714285714285715,0.5476190476190477,0.20833333333333331,0.9285714285714286,0.041666666666666664,0.9880952380952381,0.4508928571428572,48,41.0,56.0,False,49
Farman Hasanov,Welterweight,2026-06-27,91,1555.4898449825218,1,1,0,0,0.0,1.0,1-0,1.4,1.0,0.4,0.0,17.0,0.0,0.0,1.0,1.0,0.3333333333333333,0.5476190476190477,0.20833333333333331,0.9166666666666666,0.20833333333333334,0.9761904761904762,0.4461309523809524,49,42.900000000000006,56.0,False,50
Elizeu Zaleski dos Santos,Welterweight,2025-08-02,420,1584.533371357521,18,11,6,1,-80.27382074892103,5.0,1-3,3.090217767023851,5.081230556515728,-1.9910127894918772,0.0,1.8665744901486347,0.6221914967162117,0.4,3.0,1.6666666666666667,0.42857142857142855,0.11904761904761904,0.7559523809523809,0.39285714285714285,0.36904761904761907,0.21428571428571427,0.4351190476190476,50,47.0,58.0,False,51
Max Griffin,Welterweight,2026-04-25,154,1592.3170698014758,19,8,11,0,-61.83299308768255,4.0,1-3,2.3711943793911003,2.8454332552693207,-0.4742388758782201,0.0,1.3173302107728337,0.0,0.25,3.0,3.0,0.4523809523809524,0.19047619047619047,0.5833333333333334,0.14285714285714285,0.625,0.5,0.4348214285714286,51,48.0,58.0,False,52
Charles Radtke,Welterweight,2026-04-11,168,1574.6559363031827,7,5,2,0,-33.20702743214679,6.0,4-2,2.558823529411765,2.294117647058824,0.2647058823529412,0.661764705882353,2.3161764705882355,0.661764705882353,0.3333333333333333,4.0,4.0,0.36904761904761907,0.34523809523809523,0.40476190476190477,0.6071428571428571,0.8035714285714286,0.4642857142857143,0.42886904761904765,52,50.0,56.0,False,53
Carlos Leal,Welterweight,2026-02-21,217,1585.8168447096643,4,2,2,0,-53.16193518063892,4.0,2-2,8.75119161105815,7.778836987607245,0.9723546234509056,0.0,0.42897998093422307,0.0,0.25,4.0,3.7944444444444443,0.44047619047619047,0.27380952380952384,0.34226190476190477,0.7857142857142857,0.6904761904761905,0.16666666666666666,0.4238095238095238,53,49.0,60.0,False,54
Carlston Harris,Welterweight,2026-05-30,119,1606.6813727590638,8,4,4,1,-108.14216470233077,3.0,0-3,3.8362310712282666,4.812114413909142,-0.9758833426808748,0.5047672462142456,0.0,0.0,0.6666666666666666,2.0,2.0,0.5119047619047619,0.05952380952380952,0.6279761904761905,0.20238095238095238,0.43452380952380953,0.15476190476190477,0.41934523809523805,54,49.0,63.0,False,55
Conor McGregor,Welterweight,2026-07-11,77,1490.4958703878997,15,10,5,7,-9.504129612100314,1.0,0-1,5.255154262319053,4.702441877467466,0.5527123848515865,1.7107764293025296,0.6579909343471267,0.13159818686942534,0.3333333333333333,1.0,1.0,0.21428571428571427,0.40476190476190477,0.8720238095238095,0.6190476190476191,0.20833333333333334,0.27380952380952384,0.4110119047619048,55,49.0,63.0,False,56
Islam Dulatov,Welterweight,2025-07-19,434,1575.2183596943164,1,1,0,0,0.0,1.0,1-0,5.121951219512195,3.414634146341464,1.707317073170732,3.658536585365854,0.0,0.0,0.0,1.0,-0.4111111111111112,0.38095238095238093,0.5476190476190477,0.20833333333333331,0.6547619047619048,0.023809523809523808,0.7380952380952381,0.4083333333333333,56,49.0,59.0,False,57
Andreas Gustafsson,Welterweight,2025-09-06,385,1576.7726384262317,2,1,1,0,0.0,2.0,1-1,6.477987421383648,3.89937106918239,2.5786163522012577,0.0,7.547169811320755,0.0,0.5,2.0,0.8611111111111112,0.39285714285714285,0.5476190476190477,0.2767857142857143,0.8928571428571429,0.10714285714285714,0.25,0.4065476190476191,57,49.0,62.0,False,58
Saygid Izagakhmaev,Welterweight,2026-07-25,63,1488.7965365510918,2,0,2,0,0.0,2.0,0-2,1.7666666666666666,1.7666666666666666,0.0,0.0,3.0,1.5,0.0,2.0,2.0,0.19047619047619047,0.5476190476190477,0.2767857142857143,0.8214285714285714,0.43452380952380953,0.9166666666666666,0.3913690476190476,58,50.0,63.0,False,59
Nikolay Veretennikov,Welterweight,2026-05-16,133,1505.860769303125,6,2,4,0,95.56580602183885,6.0,2-4,2.5574873808188445,3.3987661245092537,-0.8412787436904093,0.0,0.5047672462142456,0.5047672462142456,0.3333333333333333,5.0,5.0,0.2261904761904762,0.8928571428571429,0.375,0.2857142857142857,0.9464285714285714,0.36904761904761907,0.37886904761904766,59,53.0,65.10000000000002,False,60
Victor Valenzuela,Welterweight,2026-04-25,154,1567.9892146396733,1,1,0,0,0.0,1.0,1-0,3.533333333333333,2.6666666666666665,0.8666666666666667,0.0,1.0,0.0,0.0,1.0,1.0,0.34523809523809523,0.5476190476190477,0.20833333333333331,0.3333333333333333,0.20833333333333334,0.8214285714285714,0.3776785714285714,60,56.0,62.0,False,61
Cam Nelson,Welterweight,2026-08-29,28,1535.5297150141191,1,1,0,0,0.0,1.0,1-0,2.7333333333333334,2.6,0.13333333333333333,0.0,4.0,0.0,0.0,1.0,1.0,0.2857142857142857,0.5476190476190477,0.20833333333333331,0.4523809523809524,0.20833333333333334,0.8333333333333334,0.3639880952380953,61,59.0,64.0,False,62
Austin Vanderford,Welterweight,2025-10-04,357,1525.0327740172231,2,1,1,0,0.0,2.0,1-1,2.647943831494483,1.5646940822467401,1.083249749247743,0.0,4.513540621865596,0.9027081243731193,0.5,2.0,1.0166666666666666,0.25,0.5476190476190477,0.2767857142857143,0.8452380952380952,0.2857142857142857,0.4166666666666667,0.36309523809523814,62,59.0,66.0,False,63
Tahir Abdullayev,Welterweight,2026-06-27,91,1550.0,1,1,0,0,0.0,1.0,1-0,2.5576036866359444,2.419354838709677,0.13824884792626727,0.0,2.073732718894009,0.0,0.0,1.0,1.0,0.30952380952380953,0.5476190476190477,0.20833333333333331,0.2619047619047619,0.20833333333333334,0.8690476190476191,0.35922619047619053,63,59.0,65.0,False,64
Abubakar Vagaev,Welterweight,2026-07-25,63,1525.3115152659948,1,1,0,0,0.0,1.0,1-0,1.8,2.2,-0.4,0.0,4.0,0.0,0.0,1.0,1.0,0.2619047619047619,0.5476190476190477,0.20833333333333331,0.30952380952380953,0.20833333333333334,0.8809523809523809,0.34375000000000006,64,62.0,67.0,False,65
Phil Rowe,Welterweight,2026-02-21,217,1542.351409196581,9,4,5,0,-87.38800868020735,4.0,1-3,2.997459779847587,3.9458086367485183,-0.9483488569009315,0.25402201524132095,0.0,0.0,0.0,3.0,2.7944444444444443,0.2976190476190476,0.09523809523809523,0.45833333333333337,0.11904761904761904,0.5238095238095238,0.6666666666666666,0.3398809523809524,65,60.0,68.0,False,66
Jose Souza,Welterweight,2026-05-30,119,1528.933102017399,1,1,0,0,0.0,1.0,1-0,4.8,4.2,0.6,0.0,0.0,0.0,0.0,1.0,1.0,0.27380952380952384,0.5476190476190477,0.20833333333333331,0.34523809523809523,0.20833333333333334,0.6190476190476191,0.3264880952380953,66,65.0,69.10000000000002,False,67
Francisco Prado,Welterweight,2026-04-11,168,1485.2756754152217,6,1,5,0,-91.81422073384533,4.0,0-4,3.75,4.466666666666667,-0.7166666666666667,0.0,1.0,0.75,0.0,3.0,3.0,0.17857142857142858,0.08333333333333333,0.375,0.5595238095238095,0.625,0.5833333333333334,0.3092261904761905,67,66.0,70.0,False,68
Niko Price,Welterweight,2026-03-28,182,1455.0420902901674,19,8,11,0,-65.92563381573859,5.0,1-4,4.019138755980862,5.478468899521531,-1.45933014354067,0.0,2.1531100478468903,0.35885167464114837,0.6,4.0,3.988888888888889,0.14285714285714285,0.15476190476190477,0.5833333333333334,0.4642857142857143,0.7023809523809523,0.14285714285714285,0.2922619047619048,68,66.0,72.0,False,69
Trey Waters,Welterweight,2025-09-06,385,1523.7106844997888,3,2,1,0,-54.072037866911614,2.0,1-1,6.327474560592044,7.826086956521739,-1.4986123959296949,0.0,0.0,0.8325624421831638,0.5,1.0,-0.13888888888888884,0.23809523809523808,0.25,0.3214285714285714,0.7023809523809523,0.05952380952380952,0.08333333333333333,0.2779761904761905,69,68.0,74.0,False,70
Oban Elliott,Welterweight,2026-08-01,56,1458.2865503832209,6,3,3,0,-151.5282470440725,6.0,3-3,3.5606060606060606,2.257575757575758,1.303030303030303,0.22727272727272727,0.9090909090909091,0.0,0.3333333333333333,4.0,4.0,0.15476190476190477,0.03571428571428571,0.375,0.35714285714285715,0.8035714285714286,0.4880952380952381,0.2729166666666667,70,69.0,74.0,False,71
Alex Morono,Welterweight,2026-02-07,231,1481.2593196243956,23,13,10,0,-191.66093432288972,6.0,1-5,4.137931034482759,6.787216148023549,-2.6492851135407904,0.0,0.37846930193439865,0.18923465096719932,0.16666666666666666,3.0,2.716666666666667,0.16666666666666666,0.011904761904761904,0.6309523809523809,0.19047619047619047,0.5,0.23809523809523808,0.2702380952380952,71,69.0,74.0,False,72
Rhys McKee,Welterweight,2025-09-06,385,1452.794656265301,6,1,5,0,57.31124690345405,3.0,1-2,3.309053069719043,4.745057232049948,-1.4360041623309054,1.4047866805411031,0.0,0.0,0.3333333333333333,2.0,0.8611111111111112,0.13095238095238096,0.8333333333333334,0.375,0.15476190476190477,0.10714285714285714,0.2619047619047619,0.26428571428571435,72,68.0,74.0,False,73
Ding Meng,Welterweight,2026-08-29,28,1435.5371829684818,2,0,2,0,0.0,2.0,0-2,3.4,3.7666666666666666,-0.36666666666666664,0.0,0.0,0.0,0.0,2.0,2.0,0.09523809523809523,0.5476190476190477,0.2767857142857143,0.16666666666666666,0.43452380952380953,0.6904761904761905,0.2604166666666667,73,69.0,75.0,False,74
Ange Loosa,Welterweight,2025-06-14,469,1489.1587454401993,5,2,3,0,-81.90230683484674,2.0,0-2,4.027538726333907,6.40275387263339,-2.3752151462994835,0.5163511187607573,3.6144578313253013,0.0,0.5,1.0,-0.6055555555555556,0.20238095238095238,0.10714285714285714,0.35416666666666663,0.38095238095238093,0.011904761904761904,0.13095238095238096,0.2244047619047619,74,73.0,76.0,False,75
Eric Nolan,Welterweight,2026-06-27,91,1368.8527772007849,2,0,2,0,0.0,2.0,0-2,1.680545041635125,2.5889477668433005,-0.9084027252081757,0.0,0.0,0.0,0.5,2.0,2.0,0.047619047619047616,0.5476190476190477,0.2767857142857143,0.047619047619047616,0.43452380952380953,0.3333333333333333,0.19136904761904763,75,75.0,78.0,False,76
Adam Fugitt,Welterweight,2026-01-24,245,1408.1281469970907,6,2,4,0,-96.67942258249286,3.0,1-2,5.397923875432525,5.522491349480968,-0.1245674740484429,0.0,0.0,0.0,0.6666666666666666,2.0,1.6388888888888888,0.07142857142857142,0.07142857142857142,0.375,0.36904761904761907,0.35714285714285715,0.10714285714285714,0.17976190476190476,76,76.0,81.0,False,77
Jefferson Nascimento,Welterweight,2026-06-27,91,1450.0,1,0,1,0,0.0,1.0,0-1,2.419354838709677,2.5576036866359444,-0.13824884792626727,0.0,0.0,0.0,1.0,1.0,1.0,0.10714285714285714,0.5476190476190477,0.20833333333333331,0.10714285714285714,0.20833333333333334,0.11904761904761904,0.1776785714285714,77,76.0,79.0,False,78
Theodor Berggren,Welterweight,2026-06-27,91,1452.5679056026365,1,0,1,0,0.0,1.0,0-1,3.4936708860759493,10.784810126582279,-7.29113924050633,0.0,0.0,0.0,1.0,1.0,1.0,0.11904761904761904,0.5476190476190477,0.20833333333333331,0.023809523809523808,0.20833333333333334,0.03571428571428571,0.16636904761904758,78,78.0,80.0,False,79
Daniel Frunza,Welterweight,2025-11-01,329,1357.577734275395,2,0,2,0,0.0,2.0,0-2,2.5149700598802394,3.7981180496150553,-1.283147989734816,0.0,0.0,0.0,1.0,2.0,1.1722222222222223,0.03571428571428571,0.5476190476190477,0.2767857142857143,0.07142857142857142,0.2976190476190476,0.07142857142857142,0.15535714285714286,79,79.0,81.0,False,80
Billy Ray Goff,Welterweight,2026-08-08,49,1418.5752222695246,4,1,3,0,-155.7884532746566,3.0,0-3,4.979544126241964,8.065458796025716,-3.0859146697837523,0.0,0.5260081823495032,0.0,0.6666666666666666,2.0,2.0,0.08333333333333333,0.023809523809523808,0.34226190476190477,0.17857142857142858,0.43452380952380953,0.05952380952380952,0.15386904761904763,80,78.0,83.0,False,81
Leon Shahbazyan,Welterweight,2026-06-20,98,1400.002463806424,1,0,1,0,0.0,1.0,0-1,0.0,12.0,-12.0,0.0,0.0,0.0,1.0,1.0,1.0,0.05952380952380952,0.5476190476190477,0.20833333333333331,0.011904761904761904,0.20833333333333334,0.023809523809523808,0.13720238095238094,81,81.0,83.0,False,82
Rodrigo Sezinando,Welterweight,2025-09-13,378,1352.062782734535,2,0,2,0,0.0,2.0,0-2,4.4943820224719095,17.528089887640448,-13.03370786516854,0.0,6.741573033707865,0.0,1.0,2.0,0.8999999999999999,0.023809523809523808,0.5476190476190477,0.2767857142857143,0.05952380952380952,0.13095238095238096,0.011904761904761904,0.13452380952380955,82,81.0,83.0,False,83
Kiefer Crosbie,Welterweight,2025-08-23,399,1336.691049232225,3,0,3,0,-72.22087647640751,2.0,0-2,1.7232375979112273,5.639686684073108,-3.9164490861618804,0.0,0.0,0.0,1.0,1.0,-0.21666666666666656,0.011904761904761904,0.14285714285714285,0.3214285714285714,0.03571428571428571,0.041666666666666664,0.047619047619047616,0.0943452380952381,83,84.0,84.0,False,84
Ailin Perez,Women's Bantamweight,2026-09-26,0,1706.7888103989433,8,7,1,4,164.41139696575829,6.0,6-0,2.751479289940828,2.016060862214708,0.73541842772612,0.19019442096365172,3.6136939983093828,0.19019442096365172,0.0,4.0,4.0,0.9655172413793104,1.0,0.7672413793103449,0.8275862068965517,0.8620689655172413,0.9310344827586207,0.906896551724138,1,1.0,1.0,False,1
Joselyne Edwards,Women's Bantamweight,2026-04-25,154,1683.5974583961972,13,9,4,2,120.96382125883702,6.0,5-1,4.4230769230769225,3.059440559440559,1.3636363636363635,0.26223776223776224,1.8356643356643356,1.048951048951049,0.0,5.0,5.0,0.9310344827586207,0.9655172413793104,0.7327586206896551,0.896551724137931,0.9827586206896551,0.5862068965517241,0.8594827586206896,2,2.0,3.0,False,2
Kayla Harrison,Women's Bantamweight,2025-06-07,476,1748.2295779295832,3,3,0,3,58.08095677273559,3.0,3-0,4.290220820189275,1.10410094637224,3.1861198738170353,0.0,2.8391167192429028,0.9463722397476342,0.0,2.0,0.3555555555555556,1.0,0.8275862068965517,0.47413793103448276,0.9310344827586207,0.1206896551724138,1.0,0.8267241379310345,0,2.0,3.0,True,3
Norma Dumont,Women's Bantamweight,2026-09-26,0,1671.2262707304242,13,9,4,2,13.781978276379505,5.0,3-2,4.386666666666667,2.8933333333333335,1.4933333333333334,0.0,1.4,0.0,0.0,3.0,3.0,0.8620689655172413,0.5862068965517241,0.7327586206896551,0.6896551724137931,0.603448275862069,0.7241379310344828,0.7646551724137931,3,4.0,5.0,False,4
Bia Mesquita,Women's Bantamweight,2026-06-20,98,1674.1127709066477,3,3,0,0,7.446332924108674,3.0,3-0,4.51783355350066,1.2681638044914134,3.249669749009247,0.0,3.5667107001321003,3.5667107001321003,0.0,3.0,3.0,0.896551724137931,0.5172413793103449,0.1810344827586207,1.0,0.603448275862069,0.9655172413793104,0.718103448275862,4,4.0,10.0,False,5
Luana Santos,Women's Bantamweight,2026-06-20,98,1649.7490370703022,7,6,1,2,37.50907597675928,6.0,5-1,1.7975487970948705,2.246935996368588,-0.4493871992737176,0.0,2.246935996368588,1.0213345438039036,0.0,3.0,3.0,0.7931034482758621,0.7931034482758621,0.6120689655172413,0.4482758620689655,0.603448275862069,0.8275862068965517,0.7163793103448275,5,5.0,8.0,False,6
Melissa Croden,Women's Bantamweight,2026-04-18,161,1640.0442012035635,3,2,1,1,82.85532522584572,3.0,2-1,4.266467065868263,2.1332335329341316,2.1332335329341316,0.33682634730538924,2.0209580838323356,0.33682634730538924,0.0,3.0,3.0,0.7586206896551724,0.9310344827586207,0.31896551724137934,0.8620689655172413,0.603448275862069,0.896551724137931,0.7043103448275863,6,5.0,10.0,False,7
Yana Santos,Women's Bantamweight,2025-10-04,357,1620.4974098502576,12,7,5,4,74.11860573269155,3.0,3-0,5.0,3.3333333333333335,1.6666666666666667,0.3333333333333333,0.0,0.0,0.0,2.0,1.0166666666666666,0.7241379310344828,0.896551724137931,0.8103448275862069,0.6206896551724138,0.20689655172413793,0.5172413793103449,0.7017241379310345,7,5.0,10.0,False,8
Jacqueline Cavalcanti,Women's Bantamweight,2026-05-16,133,1652.9342112718402,6,5,1,1,28.097326413861992,5.0,4-1,4.68,3.0533333333333332,1.6266666666666667,0.0,0.0,0.0,0.0,4.0,4.0,0.8275862068965517,0.7241379310344828,0.4913793103448276,0.5172413793103449,0.8620689655172413,0.6206896551724138,0.7000000000000001,8,6.0,10.0,False,9
Karol Rosa,Women's Bantamweight,2026-06-20,98,1609.3597548928606,13,8,5,3,21.62289906967885,5.0,2-3,5.52,4.466666666666667,1.0533333333333332,0.0,0.6,0.4,0.0,3.0,3.0,0.6896551724137931,0.6896551724137931,0.8017241379310345,0.7586206896551724,0.603448275862069,0.4482758620689655,0.6905172413793104,9,7.0,10.0,False,10
Ketlen Vieira,Women's Bantamweight,2026-05-16,133,1592.0988002523015,15,10,5,6,10.702539573344666,4.0,2-2,1.7833333333333334,3.2,-1.4166666666666667,0.0,0.75,0.25,0.0,4.0,4.0,0.5862068965517241,0.5517241379310345,1.0,0.034482758620689655,0.8620689655172413,0.5517241379310345,0.6206896551724138,10,10.0,12.0,False,11
Miesha Tate,Women's Bantamweight,2025-05-03,511,1532.825363675852,14,7,7,4,20.035538088742896,2.0,1-1,2.742857142857143,2.6285714285714286,0.11428571428571428,0.0,2.857142857142857,0.5714285714285714,0.0,1.0,-0.8388888888888888,0.4482758620689655,0.6551724137931034,0.9224137931034483,0.6551724137931034,0.034482758620689655,0.7586206896551724,0.5948275862068966,11,11.0,14.0,False,12
Macy Chiasson,Women's Bantamweight,2026-02-28,210,1566.7098841313202,14,8,6,4,-17.331931901944472,5.0,2-3,2.4701670644391407,3.007159904534606,-0.5369928400954654,0.0,1.3424821002386635,0.5369928400954654,0.0,3.0,2.8333333333333335,0.5172413793103449,0.3103448275862069,0.9224137931034483,0.27586206896551724,0.3793103448275862,0.6896551724137931,0.5637931034482758,12,13.0,16.0,False,13
Nora Cornolle,Women's Bantamweight,2026-09-05,21,1580.598587079461,7,4,3,2,-46.534403378680736,6.0,3-3,2.644017725258493,2.1122599704579024,0.5317577548005908,0.22156573116691283,1.1078286558345642,0.44313146233382567,0.16666666666666666,5.0,5.0,0.5517241379310345,0.2413793103448276,0.6120689655172413,0.41379310344827586,0.9827586206896551,0.6551724137931034,0.5508620689655171,13,12.0,16.0,False,14
Julianna Pena,Women's Bantamweight,2025-06-07,476,1597.4616206771673,12,8,4,3,-6.155408767337121,2.0,1-1,2.892601431980907,3.4940334128878283,-0.6014319809069213,0.0,0.8591885441527447,0.42959427207637235,0.5,2.0,0.3555555555555556,0.6551724137931034,0.3793103448275862,0.75,0.20689655172413793,0.1206896551724138,0.2413793103448276,0.5336206896551725,14,13.0,17.0,False,15
Luana Carolina,Women's Bantamweight,2025-09-27,364,1521.3837937705134,10,6,4,0,37.092632501981825,3.0,2-1,4.63595839524517,2.2288261515601784,2.4071322436849925,0.0,0.6686478454680534,0.3343239227340267,0.0,1.0,-0.022222222222222143,0.41379310344827586,0.7586206896551724,0.43103448275862066,0.7931034482758621,0.06896551724137931,0.8620689655172413,0.5172413793103449,15,13.0,17.0,False,16
Michelle Montague,Women's Bantamweight,2026-04-25,154,1592.2185535584558,2,2,0,0,0.0,2.0,2-0,2.7666666666666666,2.466666666666667,0.3,0.0,3.5,0.0,0.0,2.0,2.0,0.6206896551724138,0.46551724137931033,0.13793103448275862,0.5862068965517241,0.3275862068965517,0.7931034482758621,0.5077586206896552,16,14.0,17.0,False,17
Nina Milosevic,Women's Bantamweight,2026-08-01,56,1550.9958547556346,1,1,0,0,0.0,1.0,1-0,5.701357466063349,3.5294117647058827,2.1719457013574663,4.0723981900452495,0.0,0.0,0.0,1.0,1.0,0.4827586206896552,0.46551724137931033,0.12068965517241378,0.9655172413793104,0.1724137931034483,0.4827586206896552,0.44137931034482764,17,18.0,19.0,False,18
Daria Zhelezniakova,Women's Bantamweight,2026-04-18,161,1514.7729896531937,4,2,2,1,-12.14205978038126,4.0,2-2,4.133697135061391,3.3765347885402455,0.757162346521146,0.0,0.3069577080491132,0.0,0.25,3.0,3.0,0.3793103448275862,0.3448275862068966,0.39655172413793105,0.3448275862068966,0.603448275862069,0.41379310344827586,0.3905172413793103,18,19.0,21.0,False,19
Melissa Mullins,Women's Bantamweight,2026-06-20,98,1501.333671916273,5,2,3,1,14.18716093605076,5.0,2-3,3.6687631027253667,4.150943396226415,-0.4821802935010482,0.0,2.20125786163522,0.0,0.4,3.0,3.0,0.3103448275862069,0.6206896551724138,0.4568965517241379,0.4827586206896552,0.603448275862069,0.1724137931034483,0.38879310344827583,19,19.0,21.0,False,20
Klaudia Sygula,Women's Bantamweight,2026-09-05,21,1510.2958613702635,4,2,2,0,-2.0591529585860826,4.0,2-2,5.590909090909092,4.558441558441559,1.0324675324675325,0.0,0.29220779220779225,0.0,0.25,4.0,4.0,0.3448275862068966,0.41379310344827586,0.25862068965517243,0.5517241379310345,0.8620689655172413,0.3103448275862069,0.3775862068965517,20,19.0,22.0,False,21
Mayra Bueno Silva,Women's Bantamweight,2026-04-25,154,1473.3850287607884,13,5,7,2,-88.9575621326992,5.0,0-5,2.819402338674751,4.703334776959723,-1.8839324382849718,0.0,0.5846686877436119,0.9744478129060199,0.2,3.0,3.0,0.2413793103448276,0.13793103448275862,0.7327586206896551,0.13793103448275862,0.603448275862069,0.3448275862068966,0.3474137931034483,21,20.0,24.0,False,22
Alice Pereira,Women's Bantamweight,2026-04-04,175,1489.3591031510023,3,1,2,0,59.54349151962947,3.0,1-2,4.568527918781726,5.355329949238579,-0.7868020304568528,0.3807106598984772,0.0,0.0,0.0,3.0,3.0,0.27586206896551724,0.8620689655172413,0.1810344827586207,0.3103448275862069,0.603448275862069,0.3793103448275862,0.3456896551724138,22,21.0,24.0,False,23
Montse Rendon,Women's Bantamweight,2026-03-14,196,1460.2116002774117,5,3,2,1,-24.163976930627996,4.0,2-2,4.350902016271666,4.732932437212593,-0.38203042094092676,0.0,0.955076052352317,1.2734347364697558,0.25,3.0,2.911111111111111,0.1724137931034483,0.27586206896551724,0.4568965517241379,0.7241379310344828,0.41379310344827586,0.27586206896551724,0.3172413793103448,23,23.0,24.0,False,24
Chelsea Chandler,Women's Bantamweight,2026-06-06,112,1468.9655226024277,6,3,3,0,-63.777754265622434,4.0,2-2,3.727565577542568,4.914864242982052,-1.1872986654394846,0.4141739530602853,0.8283479061205706,0.4141739530602853,0.25,2.0,2.0,0.20689655172413793,0.20689655172413793,0.35344827586206895,0.3793103448275862,0.3275862068965517,0.20689655172413793,0.25948275862068965,24,25.0,26.0,False,25
Priscila Cachoeira,Women's Bantamweight,2026-06-06,112,1396.0047082011647,14,5,9,0,-87.8168367497276,5.0,1-4,4.840819886611426,8.163977322285216,-3.3231574356737896,0.39249890972525076,0.7849978194505015,0.0,0.6,4.0,4.0,0.10344827586206896,0.1724137931034483,0.5689655172413793,0.1724137931034483,0.8620689655172413,0.034482758620689655,0.24137931034482762,25,25.0,26.0,False,26
Tainara Lisboa,Women's Bantamweight,2025-10-18,343,1404.9123732513044,4,2,2,0,-146.54168415747017,3.0,1-2,1.6701813580767608,3.264445381695487,-1.5942640236187262,0.0,1.8979333614508647,0.0,0.6666666666666666,2.0,1.0944444444444446,0.13793103448275862,0.06896551724137931,0.25862068965517243,0.06896551724137931,0.27586206896551724,0.10344827586206896,0.15172413793103448,26,27.0,28.0,False,27
Hailey Cowan,Women's Bantamweight,2026-08-01,56,1352.5349688703013,4,0,4,0,-110.53934627526405,3.0,0-3,2.355889724310777,3.0576441102756893,-0.7017543859649124,0.0,2.255639097744361,0.0,1.0,3.0,3.0,0.034482758620689655,0.10344827586206896,0.25862068965517243,0.2413793103448276,0.603448275862069,0.06896551724137931,0.1387931034482759,27,27.0,29.0,False,28
Irina Alekseeva,Women's Bantamweight,2025-10-11,350,1359.8042790311474,4,1,3,0,-177.01984631775736,3.0,0-3,3.1423455684870185,5.076096687555953,-1.9337511190689345,0.40286481647269473,0.40286481647269473,0.0,0.3333333333333333,2.0,1.0555555555555556,0.06896551724137931,0.034482758620689655,0.25862068965517243,0.10344827586206896,0.2413793103448276,0.13793103448275862,0.12241379310344827,28,28.0,29.0,False,29
Valentina Shevchenko,Women's Flyweight,2025-11-15,315,1837.61008975206,20,15,3,10,73.78872343184776,3.0,3-0,2.1066666666666665,1.6133333333333333,0.49333333333333335,0.2,3.0,0.0,0.0,2.0,1.25,0.972972972972973,0.8108108108108109,0.9864864864864865,0.7027027027027027,0.3783783783783784,0.972972972972973,0.9027027027027027,1,1.0,1.0,False,1
Zhang Weili,Women's Flyweight,2025-11-15,315,1842.9648889753985,13,10,3,6,-16.985517945895026,3.0,2-1,2.546666666666667,1.28,1.2666666666666666,0.0,1.4,0.6,0.0,2.0,1.25,1.0,0.2972972972972973,0.8513513513513513,0.6486486486486487,0.3783783783783784,1.0,0.8337837837837838,2,2.0,5.0,False,2
Alexa Grasso,Women's Flyweight,2026-09-12,14,1758.4533418479668,17,10,5,6,43.474753664796935,4.0,2-2,2.68630849220104,3.240901213171577,-0.5545927209705372,0.5199306759098786,0.2599653379549393,0.779896013864818,0.0,3.0,3.0,0.8648648648648649,0.7567567567567568,0.9121621621621622,0.7297297297297297,0.7432432432432432,0.6486486486486487,0.8222972972972974,3,2.0,3.0,False,3
Jasmine Jasudavicius,Women's Flyweight,2026-04-18,161,1648.4359844730673,13,9,4,3,130.49348050882008,7.0,6-1,3.38102575390711,2.3376623376623376,1.0433634162447722,0.1981069777679947,3.1697116442879154,1.1886418666079683,0.14285714285714285,5.0,5.0,0.7027027027027027,0.9459459459459459,0.7837837837837838,0.9459459459459459,0.972972972972973,0.6756756756756757,0.7783783783783784,4,4.0,8.0,False,4
Wang Cong,Women's Flyweight,2026-07-11,77,1728.1809859087925,6,5,1,1,258.156579244353,6.0,5-1,6.843235504652828,2.8203292770221906,4.022906227630638,0.644237652111668,0.4294917680744453,0.21474588403722264,0.16666666666666666,5.0,5.0,0.8378378378378378,1.0,0.4797297297297297,0.972972972972973,0.972972972972973,0.5675675675675675,0.7756756756756756,5,3.0,8.0,False,5
Natalia Silva,Women's Flyweight,2026-01-24,245,1785.736333662805,8,8,0,3,75.91927787235181,4.0,4-0,4.516666666666667,2.45,2.066666666666667,0.0,0.25,0.0,0.0,2.0,1.6388888888888888,0.918918918918919,0.8378378378378378,0.6418918918918919,0.4594594594594595,0.43243243243243246,0.7837837837837838,0.7716216216216216,6,4.0,7.0,False,6
Rose Namajunas,Women's Flyweight,2026-01-24,245,1726.0009084895503,19,12,7,11,-5.327859335430048,5.0,3-2,3.1809523809523808,3.1142857142857143,0.06666666666666667,0.2857142857142857,1.4285714285714286,0.0,0.0,3.0,2.638888888888889,0.8108108108108109,0.3783783783783784,0.9864864864864865,0.5405405405405406,0.6216216216216216,0.7027027027027027,0.7554054054054056,7,4.0,9.0,False,7
Erin Blanchfield,Women's Flyweight,2025-11-15,315,1813.9793513253528,9,8,1,5,-5.566242580740891,3.0,2-1,4.888392857142857,5.223214285714286,-0.33482142857142855,0.0,1.0044642857142856,0.5022321428571428,0.0,2.0,1.25,0.9459459459459459,0.35135135135135137,0.722972972972973,0.5945945945945946,0.3783783783783784,0.40540540540540543,0.7243243243243245,8,6.0,10.0,False,8
Manon Fiorot,Women's Flyweight,2026-09-12,14,1785.4907150753302,10,8,2,3,7.291234330535872,4.0,2-2,4.997483643683945,4.287871162556618,0.7096124811273277,0.0,0.4529441368897836,0.0,0.0,3.0,3.0,0.8918918918918919,0.5405405405405406,0.722972972972973,0.2702702702702703,0.7432432432432432,0.5135135135135135,0.7155405405405406,9,8.0,11.0,False,9
Carli Judice,Women's Flyweight,2026-08-22,35,1704.410602376189,5,4,1,0,137.00779471856458,5.0,4-1,8.702119747117887,4.708069914466344,3.9940498326515432,1.0040907400520638,0.6693938267013759,0.0,0.0,4.0,4.0,0.7837837837837838,0.972972972972973,0.2702702702702703,1.0,0.8783783783783784,0.4864864864864865,0.6966216216216217,10,7.0,12.0,False,10
Maycee Barber,Women's Flyweight,2026-03-28,182,1657.0614229935225,13,10,3,7,-47.03844266650344,3.0,2-1,4.403669724770642,3.027522935779816,1.3761467889908257,0.0,3.2110091743119265,0.0,0.3333333333333333,2.0,1.988888888888889,0.7567567567567568,0.1891891891891892,0.8716216216216216,0.8378378378378378,0.4864864864864865,0.43243243243243246,0.6851351351351351,11,9.0,14.0,False,11
Miranda Maverick,Women's Flyweight,2025-06-14,469,1642.370048568524,12,8,4,2,30.076565452946625,4.0,3-1,2.4166666666666665,1.6166666666666667,0.8,0.0,1.75,0.25,0.0,2.0,0.3944444444444444,0.6756756756756757,0.7297297297297297,0.7094594594594594,0.3783783783783784,0.1891891891891892,0.9459459459459459,0.660810810810811,12,10.0,14.0,False,12
Dione Barbosa,Women's Flyweight,2026-07-18,70,1610.3673845754302,6,4,2,0,106.79227423979728,6.0,4-2,2.240663900414938,2.4017573834513057,-0.16109348303636808,0.0,2.416402245545521,1.5377105198926044,0.0,4.0,4.0,0.6216216216216216,0.918918918918919,0.31756756756756754,0.8648648648648649,0.8783783783783784,0.8108108108108109,0.6466216216216216,13,10.0,14.0,False,13
Casey O'Neill,Women's Flyweight,2026-09-19,7,1641.7910000226004,9,7,2,1,16.419533914793874,4.0,3-1,5.026929982046679,4.165170556552962,0.8617594254937163,0.5385996409335727,0.0,1.0771992818671454,0.25,2.0,2.0,0.6486486486486487,0.6486486486486487,0.5945945945945946,0.918918918918919,0.5540540540540541,0.2972972972972973,0.625,14,13.0,16.0,False,14
Jamey-Lyn Horth,Women's Flyweight,2026-04-18,161,1595.200754464151,7,4,3,0,86.97422604490998,6.0,3-3,3.5545945945945943,2.335135135135135,1.2194594594594592,0.0,1.1675675675675674,0.19459459459459458,0.0,5.0,5.0,0.5945945945945946,0.8648648648648649,0.3648648648648649,0.5135135135135135,0.972972972972973,0.8378378378378378,0.610810810810811,15,13.0,16.0,False,15
Melissa Gatto,Women's Flyweight,2026-04-04,175,1566.3167197574137,6,3,3,1,13.093136172567938,2.0,1-1,2.4593363695510733,1.756668835393624,0.7026675341574495,0.0,2.9277813923227067,0.5855562784645413,0.0,1.0,1.0,0.4864864864864865,0.5945945945945946,0.4797297297297297,0.8108108108108109,0.28378378378378377,0.918918918918919,0.5614864864864866,16,15.0,19.0,False,16
Tracy Cortez,Women's Flyweight,2026-07-11,77,1650.4518346247974,10,7,3,1,-51.14930568961563,4.0,1-3,3.722966014418126,4.742533470648816,-1.01956745623069,0.0,1.6220391349124614,0.2317198764160659,0.25,3.0,3.0,0.7297297297297297,0.16216216216216217,0.6351351351351351,0.24324324324324326,0.7432432432432432,0.2702702702702703,0.5601351351351351,17,15.0,20.0,False,17
Viviane Araujo,Women's Flyweight,2025-06-28,455,1567.9133766935704,13,7,6,5,10.586833363998721,4.0,2-2,2.0,3.3666666666666667,-1.3666666666666667,0.0,1.5,0.5,0.0,2.0,0.4722222222222223,0.5135135135135135,0.5675675675675675,0.8243243243243243,0.13513513513513514,0.24324324324324326,0.6216216216216216,0.5405405405405406,18,16.0,20.0,False,18
JJ Aldrich,Women's Flyweight,2026-09-12,14,1524.1649646041649,18,11,7,2,21.541988858144805,5.0,3-2,3.72,4.04,-0.32,0.0,0.4,0.0,0.0,3.0,3.0,0.40540540540540543,0.6756756756756757,0.8175675675675675,0.10810810810810811,0.7432432432432432,0.5405405405405406,0.5155405405405405,19,18.0,23.0,False,19
Eduarda Moura,Women's Flyweight,2026-09-19,7,1543.942759832335,6,3,3,0,15.574278826458567,6.0,3-3,2.54957507082153,2.5354107648725215,0.0141643059490085,0.0,3.3994334277620397,0.42492917847025496,0.16666666666666666,4.0,4.0,0.4594594594594595,0.6216216216216216,0.31756756756756754,0.7567567567567568,0.8783783783783784,0.5945945945945946,0.5114864864864865,20,17.0,22.0,False,20
Karine Silva,Women's Flyweight,2026-04-18,161,1582.2974702915794,8,5,3,0,-95.73169119634304,5.0,2-3,1.96,2.5866666666666664,-0.6266666666666667,0.0,1.8,1.0,0.0,4.0,4.0,0.5405405405405406,0.05405405405405406,0.3918918918918919,0.5675675675675675,0.8783783783783784,0.7567567567567568,0.5033783783783783,21,18.0,23.0,False,21
Veronica Hardy,Women's Flyweight,2025-10-04,357,1534.1818641219024,10,5,5,0,27.72321167252676,4.0,3-1,2.7333333333333334,1.9666666666666666,0.7666666666666667,0.25,0.25,0.25,0.0,2.0,1.0166666666666666,0.43243243243243246,0.7027027027027027,0.47297297297297297,0.2972972972972973,0.32432432432432434,0.8648648648648649,0.4918918918918919,22,19.0,23.0,False,22
Regina Tarin,Women's Flyweight,2026-09-12,14,1585.8465001040956,2,2,0,0,0.0,2.0,2-0,6.366666666666666,5.6,0.7666666666666667,0.0,0.5,0.0,0.0,2.0,2.0,0.5675675675675675,0.44594594594594594,0.17567567567567569,0.6216216216216216,0.5540540540540541,0.32432432432432434,0.4574324324324325,23,21.0,25.0,False,23
Juliana Miller,Women's Flyweight,2026-08-08,49,1465.0736784584026,6,3,3,0,62.90056606283861,3.0,2-1,2.2383985441310283,3.030027297543221,-0.791628753412193,0.0,2.8662420382165608,0.818926296633303,0.0,3.0,3.0,0.2702702702702703,0.7837837837837838,0.31756756756756754,0.6756756756756757,0.7432432432432432,0.7297297297297297,0.4412162162162163,24,22.0,26.0,False,24
Lauren Murphy,Women's Flyweight,2025-07-12,441,1507.6319943704673,15,8,7,3,-25.36157296510396,1.0,0-1,3.941605839416058,5.187043795620437,-1.2454379562043794,0.06843065693430657,1.094890510948905,0.2052919708029197,0.06666666666666667,1.0,-0.44999999999999996,0.3783783783783784,0.2702702702702703,0.8310810810810811,0.21621621621621623,0.05405405405405406,0.35135135135135137,0.422972972972973,25,23.0,26.100000000000023,False,25
Ariane da Silva,Women's Flyweight,2025-06-07,476,1497.7530125174035,14,6,8,1,2.6563883597627864,4.0,1-3,4.326725905673274,4.859876965140123,-0.5331510594668489,0.0,0.30758714969241285,0.30758714969241285,0.25,2.0,0.3555555555555556,0.35135135135135137,0.5135135135135135,0.7297297297297298,0.1891891891891892,0.16216216216216217,0.24324324324324326,0.4067567567567568,26,24.0,26.0,False,26
Gabriella Fernandes,Women's Flyweight,2026-03-28,182,1467.4629452369122,6,3,3,0,96.35364428148614,4.0,3-1,4.857142857142858,7.166666666666668,-2.3095238095238098,0.3571428571428572,0.7142857142857144,0.3571428571428572,0.25,3.0,2.988888888888889,0.2972972972972973,0.8918918918918919,0.31756756756756754,0.40540540540540543,0.6486486486486487,0.05405405405405406,0.36486486486486486,27,25.0,28.0,False,27
Ernesta Kareckaite,Women's Flyweight,2026-02-28,210,1484.240882707644,3,1,2,0,-43.95958616895291,3.0,1-2,5.622222222222222,4.888888888888889,0.7333333333333333,0.0,0.6666666666666666,0.0,0.0,2.0,1.8333333333333333,0.32432432432432434,0.21621621621621623,0.21621621621621623,0.4864864864864865,0.4594594594594595,0.4594594594594595,0.32837837837837835,28,27.0,29.0,False,28
Jeisla Chaves,Women's Flyweight,2026-08-22,35,1450.4822253375658,2,1,1,0,0.0,2.0,1-1,4.444444444444445,4.684684684684685,-0.24024024024024027,0.0,2.702702702702703,0.900900900900901,0.5,2.0,2.0,0.21621621621621623,0.44594594594594594,0.17567567567567569,0.8918918918918919,0.5540540540540541,0.13513513513513514,0.30743243243243246,29,28.0,30.0,False,29
Ivana Petrovic,Women's Flyweight,2025-05-03,511,1405.6291228961745,4,1,3,0,-55.48347903493982,3.0,1-2,2.0731217356368017,1.8079550020088389,0.26516673362796306,0.0,2.169546002410607,0.3615910004017678,0.0,2.0,0.1611111111111112,0.13513513513513514,0.13513513513513514,0.25,0.43243243243243246,0.13513513513513514,0.8918918918918919,0.2635135135135135,30,29.0,32.0,False,30
Julija Stoliarenko,Women's Flyweight,2025-08-09,413,1447.6487688245993,9,2,7,0,-34.62994948059713,2.0,0-2,2.578125,4.185267857142857,-1.6071428571428572,0.0,0.5022321428571428,1.5066964285714286,0.5,1.0,-0.2944444444444445,0.1891891891891892,0.24324324324324326,0.43243243243243246,0.32432432432432434,0.08108108108108109,0.1891891891891892,0.25135135135135134,31,30.0,32.0,False,31
Tereza Bleda,Women's Flyweight,2025-12-13,287,1441.8809527271424,3,1,2,0,-80.8865554120589,1.0,0-1,2.6985981308411215,2.94392523364486,-0.24532710280373834,0.0,2.1028037383177574,1.0514018691588787,0.6666666666666666,1.0,0.40555555555555556,0.16216216216216217,0.10810810810810811,0.21621621621621623,0.7837837837837838,0.21621621621621623,0.21621621621621623,0.23783783783783785,32,30.0,33.0,False,32
Anna Melisano,Women's Flyweight,2026-07-18,70,1450.6841621723524,1,0,1,0,0.0,1.0,0-1,0.49180327868852464,1.2295081967213115,-0.7377049180327869,0.0,0.0,0.0,1.0,1.0,1.0,0.24324324324324326,0.44594594594594594,0.14864864864864866,0.02702702702702703,0.28378378378378377,0.16216216216216217,0.2168918918918919,33,31.0,34.0,False,33
Yuneisy Duben,Women's Flyweight,2026-06-06,112,1402.8491339375196,2,0,2,0,0.0,2.0,0-2,4.56,4.859999999999999,-0.3,0.0,1.7999999999999998,0.0,0.5,2.0,2.0,0.08108108108108109,0.44594594594594594,0.17567567567567569,0.35135135135135137,0.5540540540540541,0.10810810810810811,0.18986486486486487,34,33.0,35.0,False,34
Diana Belbita,Women's Flyweight,2025-04-05,539,1403.6272055340737,8,2,6,0,-83.09040136861972,3.0,0-3,6.115702479338842,8.677685950413222,-2.56198347107438,0.0,1.2396694214876032,0.0,0.6666666666666666,1.0,-0.9944444444444445,0.10810810810810811,0.08108108108108109,0.3918918918918919,0.16216216216216217,0.02702702702702703,0.02702702702702703,0.1554054054054054,35,34.0,36.0,False,35
Brogan Walker,Women's Flyweight,2025-10-04,357,1402.2733023531887,3,0,3,0,-16.640240833103235,1.0,0-1,1.8430034129692832,3.321956769055745,-1.4789533560864618,0.0,1.023890784982935,0.0,0.3333333333333333,1.0,0.01666666666666672,0.05405405405405406,0.32432432432432434,0.21621621621621623,0.08108108108108109,0.10810810810810811,0.3783783783783784,0.15135135135135136,36,35.0,36.0,False,36
Ravena Oliveira,Women's Flyweight,2026-08-08,49,1297.0574914120107,4,0,4,0,-121.54749825784415,4.0,0-4,1.7668711656441718,3.705521472392638,-1.9386503067484662,0.0,0.7361963190184049,0.0,0.75,3.0,3.0,0.02702702702702703,0.02702702702702703,0.25,0.05405405405405406,0.7432432432432432,0.08108108108108109,0.11554054054054055,37,36.0,37.0,False,37
Virna Jandiroba,Women's Strawweight,2026-04-04,175,1709.289783501019,13,9,4,5,77.18585853853006,5.0,4-1,2.192982456140351,2.656641604010025,-0.4636591478696742,0.0,3.947368421052632,1.8796992481203008,0.0,3.0,3.0,0.9411764705882353,0.8431372549019608,0.8627450980392157,0.8823529411764706,0.6568627450980392,0.8823529411764706,0.8897058823529412,1,1.0,3.0,False,1
Fatima Kline,Women's Strawweight,2026-07-18,70,1760.7905178762455,5,4,1,2,221.47493531238433,5.0,4-1,4.876957494407159,2.4608501118568236,2.4161073825503356,0.2237136465324385,3.131991051454139,0.2237136465324385,0.0,4.0,4.0,1.0,1.0,0.5490196078431373,0.8627450980392157,0.8823529411764706,0.9607843137254902,0.8862745098039216,2,1.0,3.0,False,2
Tatiana Suarez,Women's Strawweight,2026-04-11,168,1720.341284350995,11,10,1,7,76.40488774542382,4.0,3-1,1.664443851693785,2.608695652173913,-0.944251800480128,0.0,3.841024273139504,0.240064017071219,0.0,4.0,4.0,0.9607843137254902,0.8235294117647058,0.8284313725490196,0.5686274509803921,0.8823529411764706,0.9215686274509803,0.8735294117647059,3,2.0,4.0,False,3
Alexia Thainara,Women's Strawweight,2026-08-08,49,1720.5609713035415,4,4,0,1,93.42220162350213,4.0,4-0,4.219380888290713,2.6648721399730824,1.5545087483176312,0.0,4.23956931359354,1.5141318977119784,0.0,4.0,4.0,0.9803921568627451,0.8823529411764706,0.47058823529411764,0.9215686274509803,0.8823529411764706,0.8627450980392157,0.846078431372549,4,3.0,6.100000000000023,False,4
Gillian Robertson,Women's Strawweight,2026-08-15,42,1652.0257305523635,21,14,7,3,76.17488568133945,6.0,5-1,2.6841179917952727,2.1801133033795663,0.5040046884157062,0.0,2.6372338347333466,0.5274467669466693,0.0,4.0,4.0,0.8235294117647058,0.803921568627451,0.8872549019607843,0.6862745098039216,0.8823529411764706,1.0,0.8411764705882352,5,4.0,6.0,False,5
Denise Gomes,Women's Strawweight,2026-08-29,28,1699.8055158661969,9,7,2,3,32.19606764969808,6.0,5-1,4.0388717705617445,3.242474520028443,0.7963972505333018,0.4266413842142688,1.493244844749941,0.4266413842142688,0.0,4.0,4.0,0.9215686274509803,0.6666666666666666,0.7205882352941176,0.7647058823529411,0.8823529411764706,0.7843137254901961,0.8245098039215686,6,5.0,6.100000000000023,False,6
Mackenzie Dern,Women's Strawweight,2026-08-15,42,1694.9199604415796,17,12,5,6,46.6224831253769,6.0,4-2,3.4114036504603455,3.2272653852366338,0.18413826522371182,0.0,1.453723146502988,0.29074462930059763,0.16666666666666666,3.0,3.0,0.9019607843137255,0.7058823529411765,0.9264705882352942,0.45098039215686275,0.6568627450980392,0.5882352941176471,0.798529411764706,0,5.900000000000002,9.0,True,7
Piera Rodriguez,Women's Strawweight,2026-03-14,196,1654.4921424340853,7,5,2,1,136.43039212395388,4.0,3-1,4.637046307884856,3.2853566958698375,1.3516896120150188,0.2816020025031289,4.787234042553192,0.0,0.0,3.0,2.911111111111111,0.8431372549019608,0.9411764705882353,0.5931372549019608,0.9019607843137255,0.5196078431372549,0.7450980392156863,0.782843137254902,7,7.0,10.0,False,8
Iasmin Lucindo,Women's Strawweight,2025-08-09,413,1676.3381050326052,7,5,2,2,109.580102481827,4.0,3-1,3.15,2.5166666666666666,0.6333333333333333,0.0,2.25,0.0,0.0,3.0,1.7055555555555555,0.8823529411764706,0.9019607843137255,0.6274509803921569,0.5098039215686274,0.39215686274509803,0.9411764705882353,0.777450980392157,8,7.0,9.0,False,9
Tecia Pennington,Women's Strawweight,2025-11-08,322,1636.215716383517,19,11,8,5,19.273002343466487,4.0,2-2,4.683333333333334,3.1,1.5833333333333333,0.0,0.25,0.0,0.0,3.0,2.2111111111111112,0.7843137254901961,0.5882352941176471,0.9313725490196079,0.37254901960784315,0.49019607843137253,0.803921568627451,0.7401960784313727,9,9.0,12.0,False,10
Jaqueline Amorim,Women's Strawweight,2026-05-30,119,1616.5040044997154,7,5,2,0,71.83745512051905,5.0,4-1,1.1941904249596558,2.2915545992469073,-1.0973641742872513,0.0,2.4206562668101133,4.8413125336202265,0.0,3.0,3.0,0.7058823529411765,0.7647058823529411,0.4264705882352941,0.9607843137254902,0.6568627450980392,0.9803921568627451,0.7063725490196079,10,10.0,14.0,False,11
Yan Xiaonan,Women's Strawweight,2026-08-29,28,1660.535054748426,14,9,5,3,-57.08842856531646,4.0,1-3,2.6246865422123156,2.5076623014767345,0.11702424073558094,0.25076623014767346,0.7522986904430203,0.0,0.25,3.0,3.0,0.8627450980392157,0.21568627450980393,0.8186274509803921,0.3137254901960784,0.6568627450980392,0.6078431372549019,0.6985294117647058,11,11.0,17.0,False,12
Loopy Godinez,Women's Strawweight,2026-04-11,168,1647.4664079514012,16,10,6,2,-33.38926713702767,6.0,3-3,4.994948474439281,4.546373004647403,0.4485754697918771,0.0,1.8185492018589613,0.18185492018589614,0.16666666666666666,3.0,3.0,0.803921568627451,0.35294117647058826,0.7892156862745099,0.6470588235294118,0.6568627450980392,0.45098039215686275,0.6975490196078431,12,11.0,15.0,False,13
Amanda Lemos,Women's Strawweight,2026-08-08,49,1617.9790946708963,17,9,8,3,-77.35983809452364,7.0,2-5,2.4549098196392785,2.0040080160320644,0.45090180360721444,0.15030060120240482,0.9018036072144289,0.9018036072144289,0.14285714285714285,5.0,5.0,0.7254901960784313,0.09803921568627451,0.8529411764705883,0.5294117647058824,0.9901960784313726,0.8235294117647058,0.6916666666666669,13,11.0,17.0,False,14
Stephanie Luciano,Women's Strawweight,2026-08-01,56,1620.9504719484132,4,3,1,0,87.16873552503034,4.0,3-1,5.068592057761732,3.5956678700361007,1.4729241877256316,0.3249097472924187,1.6245487364620936,0.6498194945848375,0.0,3.0,3.0,0.7450980392156863,0.8627450980392157,0.303921568627451,0.8431372549019608,0.6568627450980392,0.7254901960784313,0.6720588235294118,14,12.0,16.0,False,15
Angela Hill,Women's Strawweight,2026-05-30,119,1602.927359345249,30,14,16,2,25.235603701271884,7.0,4-3,5.483870967741935,5.090725806451613,0.39314516129032256,0.0,1.5120967741935483,0.4536290322580645,0.0,4.0,4.0,0.5686274509803921,0.6078431372549019,0.8529411764705883,0.7058823529411765,0.8823529411764706,0.5098039215686274,0.6529411764705882,15,14.0,18.100000000000023,False,16
Talita Alencar,Women's Strawweight,2026-04-25,154,1608.5045651200405,5,4,1,0,169.68144342097935,5.0,4-1,3.243967828418231,3.243967828418231,0.0,0.0,2.8150134048257374,0.6032171581769438,0.0,3.0,3.0,0.6274509803921569,0.9803921568627451,0.3480392156862745,0.7450980392156863,0.6568627450980392,0.7647058823529411,0.6338235294117647,16,14.0,20.0,False,17
Alice Ardelean,Women's Strawweight,2026-05-16,133,1607.5585305318,5,3,2,0,152.61937792800245,5.0,3-2,6.99712643678161,4.971264367816092,2.0258620689655173,0.0,1.0775862068965518,0.21551724137931036,0.0,4.0,4.0,0.6078431372549019,0.9607843137254902,0.3480392156862745,0.803921568627451,0.8823529411764706,0.5490196078431373,0.6186274509803922,17,16.0,23.0,False,18
Shanelle Dyer,Women's Strawweight,2026-08-22,35,1621.1096598572672,2,2,0,0,0.0,2.0,2-0,10.287303058387396,4.170528266913809,6.116774791473587,0.0,1.6682113067655235,0.0,0.0,2.0,2.0,0.7647058823529411,0.46078431372549017,0.2450980392156863,0.9411764705882353,0.4411764705882353,0.6274509803921569,0.6181372549019608,18,16.0,22.0,False,19
Tabatha Ricci,Women's Strawweight,2026-07-18,70,1609.3432656827097,12,7,5,3,-62.76982764575337,7.0,3-4,3.561830243238646,5.000850484776323,-1.4390202415376765,0.0,1.2246980779044054,0.0,0.0,4.0,4.0,0.6666666666666666,0.17647058823529413,0.7794117647058824,0.23529411764705882,0.8823529411764706,0.5294117647058824,0.5941176470588235,19,17.0,23.0,False,20
Mizuki,Women's Strawweight,2025-10-25,336,1608.9476758882606,4,3,1,1,117.70205850817547,1.0,1-0,4.45,4.65,-0.2,0.25,0.75,0.0,0.0,1.0,0.1333333333333333,0.6470588235294118,0.9215686274509803,0.47058823529411764,0.39215686274509803,0.058823529411764705,0.5686274509803921,0.5764705882352942,20,19.0,24.0,False,21
Marina Rodriguez,Women's Strawweight,2025-05-03,511,1615.979140177782,15,7,6,3,-66.40980491344271,3.0,0-3,3.2061068702290076,3.6371800628648407,-0.43107319263583294,0.0,0.40413111809609337,0.8082622361921867,0.3333333333333333,2.0,0.1611111111111112,0.6862745098039216,0.13725490196078433,0.8284313725490196,0.35294117647058826,0.0784313725490196,0.43137254901960786,0.5705882352941176,21,18.0,26.0,False,22
Amanda Ribas,Women's Strawweight,2025-07-26,427,1607.487043974428,13,7,6,4,-42.88308834099189,4.0,1-3,3.5113268608414243,3.381877022653722,0.12944983818770228,0.24271844660194175,1.6990291262135924,0.0,0.5,2.0,0.6277777777777778,0.5882352941176471,0.3333333333333333,0.8431372549019608,0.49019607843137253,0.1568627450980392,0.35294117647058826,0.5588235294117647,22,21.0,26.0,False,23
Julia Polastri,Women's Strawweight,2026-08-29,28,1596.251850049784,6,3,3,0,67.76009663141303,6.0,3-3,6.181499342393687,5.208241999123191,0.9732573432704954,0.1972818939061815,0.5918456817185445,0.1972818939061815,0.0,5.0,5.0,0.5294117647058824,0.7254901960784313,0.38725490196078427,0.6666666666666666,0.9901960784313726,0.49019607843137253,0.5534313725490196,23,21.0,25.0,False,24
Jessica Andrade,Women's Strawweight,2025-08-16,406,1585.4665103062177,30,17,13,11,-53.72358861874227,5.0,2-3,5.114754098360656,6.545454545454546,-1.4307004470938898,1.0730253353204173,0.26825633383010433,0.0,0.2,2.0,0.7444444444444445,0.49019607843137253,0.2549019607843137,0.9950980392156863,0.6078431372549019,0.17647058823529413,0.3137254901960784,0.546078431372549,24,20.900000000000002,28.0,False,25
Ketlen Souza,Women's Strawweight,2026-06-06,112,1546.9057117570383,7,4,3,0,69.82372005018851,6.0,4-2,4.226006191950464,3.947368421052632,0.2786377708978328,0.4643962848297214,0.4643962848297214,0.2321981424148607,0.0,4.0,4.0,0.43137254901960786,0.7450980392156863,0.4264705882352941,0.5490196078431373,0.8823529411764706,0.6666666666666666,0.5196078431372549,25,23.0,29.0,False,26
Tina Black,Women's Strawweight,2026-09-26,0,1586.6468956671551,1,1,0,0,0.0,1.0,1-0,6.012024048096192,2.6452905811623246,3.366733466933868,3.6072144288577155,0.0,0.0,0.0,1.0,1.0,0.5098039215686274,0.46078431372549017,0.19607843137254902,0.9803921568627451,0.28431372549019607,0.9019607843137255,0.517156862745098,26,22.0,28.0,False,27
Sam Hughes,Women's Strawweight,2026-03-14,196,1555.9714793705054,12,6,6,0,32.73421892841702,5.0,3-2,5.286212045793927,5.331010452961673,-0.04479840716774514,0.0,1.1199601791936287,0.44798407167745147,0.0,3.0,2.911111111111111,0.45098039215686275,0.6862745098039216,0.5294117647058824,0.5882352941176471,0.5196078431372549,0.47058823529411764,0.5093137254901962,27,26.0,28.0,False,28
Delphine Benouaich,Women's Strawweight,2026-09-05,21,1598.2051944366635,1,1,0,0,0.0,1.0,1-0,15.587188612099643,7.686832740213522,7.900355871886121,1.601423487544484,0.0,1.601423487544484,0.0,1.0,1.0,0.5490196078431373,0.46078431372549017,0.19607843137254902,1.0,0.28431372549019607,0.3333333333333333,0.47990196078431374,28,27.0,31.0,False,29
Carol Foro,Women's Strawweight,2026-08-08,49,1564.0786297567665,1,1,0,0,0.0,1.0,1-0,7.066666666666666,3.7333333333333334,3.3333333333333335,0.0,0.0,0.0,0.0,1.0,1.0,0.47058823529411764,0.46078431372549017,0.19607843137254902,0.7254901960784313,0.28431372549019607,0.6862745098039216,0.4524509803921568,29,29.0,33.0,False,30
Yazmin Jauregui,Women's Strawweight,2026-09-26,0,1512.6711898485846,6,4,2,0,26.310036516273613,3.0,2-1,8.548951048951048,5.821678321678322,2.7272727272727275,0.0,0.7867132867132868,0.0,0.3333333333333333,1.0,1.0,0.4117647058823529,0.6274509803921569,0.38725490196078427,0.8235294117647058,0.28431372549019607,0.2549019607843137,0.44754901960784316,30,30.0,33.0,False,31
Loma Lookboonmee,Women's Strawweight,2026-05-30,119,1511.0836353146321,11,7,4,0,-47.70136742842237,4.0,2-2,2.5067934782608696,2.2010869565217392,0.30570652173913043,0.0,1.2228260869565217,0.0,0.25,3.0,3.0,0.39215686274509803,0.27450980392156865,0.4950980392156863,0.27450980392156865,0.6568627450980392,0.6470588235294118,0.42794117647058827,31,30.0,33.0,False,32
Shi Ming,Women's Strawweight,2025-08-23,399,1490.7376650030988,2,1,1,0,0.0,2.0,1-1,2.40620957309185,3.0659767141009056,-0.6597671410090556,0.5821474773609314,1.7464424320827945,0.0,0.0,2.0,0.7833333333333334,0.37254901960784315,0.46078431372549017,0.2450980392156863,0.47058823529411764,0.19607843137254902,0.8431372549019608,0.403921568627451,32,32.0,34.0,False,33
Karolina Kowalkiewicz,Women's Strawweight,2025-10-11,350,1479.6023049090575,19,9,10,4,-83.57733619962733,4.0,1-3,5.195627157652474,6.766398158803222,-1.5707710011507479,0.0,0.5178365937859608,0.0,0.25,2.0,1.0555555555555556,0.3333333333333333,0.0392156862745098,0.911764705882353,0.2549019607843137,0.37254901960784315,0.19607843137254902,0.4,33,30.0,36.0,False,34
Nicolle Caliari,Women's Strawweight,2026-05-16,133,1466.809903099235,3,1,2,0,74.1102149919011,3.0,1-2,3.0025231286795626,5.878889823380993,-2.8763666947014297,0.0,3.027754415475189,0.37846930193439865,0.3333333333333333,3.0,3.0,0.29411764705882354,0.7843137254901961,0.27450980392156865,0.43137254901960786,0.6568627450980392,0.23529411764705882,0.3651960784313726,34,34.0,36.0,False,35
Gigi Canuto,Women's Strawweight,2026-08-08,49,1435.9213702432335,1,0,1,0,0.0,1.0,0-1,3.7333333333333334,7.066666666666666,-3.3333333333333335,0.0,4.0,1.0,0.0,1.0,1.0,0.2549019607843137,0.46078431372549017,0.19607843137254902,0.7843137254901961,0.28431372549019607,0.37254901960784315,0.3299019607843137,35,35.0,40.0,False,36
Bruna Brasil,Women's Strawweight,2026-03-28,182,1407.282193169954,8,3,5,0,-47.700396997363896,6.0,2-4,2.2444444444444445,3.6777777777777776,-1.4333333333333333,0.0,1.0,0.16666666666666666,0.0,4.0,3.988888888888889,0.17647058823529413,0.29411764705882354,0.46078431372549017,0.17647058823529413,0.7843137254901961,0.7058823529411765,0.3284313725490196,36,35.0,40.0,False,37
Luana Pinheiro,Women's Strawweight,2025-05-17,497,1486.5894343428383,7,3,4,0,-83.54649458131485,4.0,0-4,2.9010989010989015,4.332810047095761,-1.4317111459968603,0.0,1.978021978021978,0.0,0.5,2.0,0.23888888888888893,0.35294117647058826,0.058823529411764705,0.4264705882352941,0.29411764705882354,0.11764705882352941,0.27450980392156865,0.3127450980392157,37,36.0,41.0,False,38
Marina Spasic,Women's Strawweight,2026-08-01,56,1477.6382536311041,1,0,1,0,0.0,1.0,0-1,7.500000000000001,6.000000000000001,1.5000000000000002,0.0,0.0,0.0,1.0,1.0,1.0,0.3137254901960784,0.46078431372549017,0.19607843137254902,0.6274509803921569,0.28431372549019607,0.058823529411764705,0.30931372549019603,38,37.0,41.0,False,39
Polyana Viana,Women's Strawweight,2026-05-16,133,1457.4952646841523,12,4,8,0,-56.4762507984251,3.0,0-3,1.8686526743398781,3.0467163168584968,-1.1780636425186188,0.0,0.0,0.0,1.0,2.0,2.0,0.27450980392156865,0.23529411764705882,0.5294117647058824,0.11764705882352941,0.4411764705882353,0.13725490196078433,0.3004901960784314,39,37.0,41.0,False,40
Elise Reed,Women's Strawweight,2026-08-22,35,1400.9137338691944,11,4,7,0,0.2945588351792594,3.0,1-2,5.496894409937887,6.770186335403726,-1.2732919254658384,0.0,0.0,0.0,0.6666666666666666,3.0,3.0,0.11764705882352941,0.5686274509803921,0.4950980392156863,0.21568627450980393,0.6568627450980392,0.09803921568627451,0.27303921568627454,40,39.0,43.0,False,41
Shauna Bannon,Women's Strawweight,2026-05-16,133,1404.039155289584,5,2,3,0,-75.17083952114581,4.0,2-2,3.934049079754601,3.0828220858895703,0.8512269938650306,0.0,0.0,0.6901840490797546,0.5,3.0,3.0,0.1568627450980392,0.11764705882352941,0.3480392156862745,0.4117647058823529,0.6568627450980392,0.39215686274509803,0.26519607843137255,41,40.0,44.0,False,42
Xiong Jingnan,Women's Strawweight,2026-08-29,28,1425.7016083355284,2,0,2,0,0.0,2.0,0-2,4.640883977900552,7.624309392265193,-2.983425414364641,0.0,0.0,0.0,0.5,2.0,2.0,0.23529411764705882,0.46078431372549017,0.2450980392156863,0.13725490196078433,0.4411764705882353,0.11764705882352941,0.2485294117647059,42,42.0,44.0,False,43
Ariane Carnelossi,Women's Strawweight,2026-06-06,112,1418.2570480423008,7,3,4,0,-65.73188656022444,3.0,1-2,2.0054570259208733,4.624829467939973,-2.6193724420190994,0.0,0.0,0.0,0.6666666666666666,2.0,2.0,0.21568627450980393,0.1568627450980392,0.4264705882352941,0.0392156862745098,0.4411764705882353,0.17647058823529413,0.24166666666666667,43,42.0,45.0,False,44
Istela Nunes,Women's Strawweight,2025-04-05,539,1379.0038064414687,5,0,5,0,26.500421656454137,1.0,0-1,4.276211593284764,4.067152359835287,0.20905923344947736,0.2850807728856509,0.0,0.0,0.6,1.0,-0.9944444444444445,0.0784313725490196,0.6470588235294118,0.3480392156862745,0.3333333333333333,0.0196078431372549,0.21568627450980393,0.22549019607843138,44,43.0,46.0,False,45
Vanessa Demopoulos,Women's Strawweight,2026-09-26,0,1340.4658963783418,11,5,6,0,-79.75790767293688,6.0,2-4,3.0232558139534884,5.565891472868217,-2.5426356589147288,0.0,0.0,0.0,0.3333333333333333,3.0,3.0,0.0392156862745098,0.0784313725490196,0.4950980392156863,0.0784313725490196,0.6568627450980392,0.29411764705882354,0.1946078431372549,45,45.0,48.0,False,46
Melissa Amaya,Women's Strawweight,2026-09-26,0,1413.3531043328449,1,0,1,0,0.0,1.0,0-1,2.6452905811623246,6.012024048096192,-3.366733466933868,0.0,0.0,0.0,1.0,1.0,1.0,0.19607843137254902,0.46078431372549017,0.19607843137254902,0.0196078431372549,0.28431372549019607,0.0392156862745098,0.1936274509803922,46,45.0,47.0,False,47
Sofia Montenegro,Women's Strawweight,2026-09-05,21,1401.7948055633365,1,0,1,0,0.0,1.0,0-1,7.686832740213522,15.587188612099643,-7.900355871886121,0.0,0.0,0.0,1.0,1.0,1.0,0.13725490196078433,0.46078431372549017,0.19607843137254902,0.058823529411764705,0.28431372549019607,0.0196078431372549,0.16911764705882354,47,47.0,50.0,False,48
Melissa Martinez,Women's Strawweight,2025-07-12,441,1395.4372126797105,3,1,2,0,-60.10257823169468,2.0,1-1,4.202898550724638,6.666666666666666,-2.463768115942029,0.0,0.0,0.0,0.5,2.0,0.55,0.09803921568627451,0.19607843137254902,0.27450980392156865,0.1568627450980392,0.13725490196078433,0.1568627450980392,0.1568627450980392,48,48.0,49.0,False,49
Rayanne dos Santos,Women's Strawweight,2025-05-31,483,1374.359663208448,3,0,3,0,-92.37070879619819,3.0,0-3,4.866666666666666,6.333333333333333,-1.4666666666666666,0.0,0.3333333333333333,0.0,0.0,1.0,-0.6833333333333333,0.058823529411764705,0.0196078431372549,0.27450980392156865,0.19607843137254902,0.0392156862745098,0.4117647058823529,0.14607843137254903,49,48.0,51.0,False,50
Montserrat Conejo Ruiz,Women's Strawweight,2025-11-01,329,1327.6011159754414,5,1,4,0,-42.91869440354367,2.0,0-2,4.0479760119940025,8.770614692653673,-4.72263868065967,0.0,0.6746626686656672,0.0,0.5,1.0,0.17222222222222228,0.0196078431372549,0.3137254901960784,0.3480392156862745,0.09803921568627451,0.09803921568627451,0.0784313725490196,0.13235294117647056,50,50.0,51.0,False,51
