source,division,key,fighter,raw_rank,position,excluded,as_of,lab_fighter,lab_division,lab_position,rank_p10,rank_p90,score,lab_position_same_div,gap
UFC media,Flyweight,joshua van,Joshua Van,0,,title holder,,Joshua Van,Flyweight,,0.0,0.0,0.7430278052245121,,
UFC media,Flyweight,alexandre pantoja,Alexandre Pantoja,1,1.0,,2026-09-26,Alexandre Pantoja,Flyweight,4.0,2.0,3.0,0.5842847783514113,4.0,3.0
UFC media,Flyweight,manel kape,Manel Kape,2,2.0,,2026-09-26,Manel Kape,Flyweight,1.0,1.0,1.0,0.7762966312295587,1.0,-1.0
UFC media,Flyweight,brandon royval,Brandon Royval,3,3.0,,2026-09-26,Brandon Royval,Flyweight,9.0,8.0,9.0,0.2222169542388872,9.0,6.0
UFC media,Flyweight,tatsuro taira,Tatsuro Taira,4,4.0,,2026-09-26,Tatsuro Taira,Flyweight,5.0,2.0,6.0,0.5628327534792107,5.0,1.0
UFC media,Flyweight,kyoji horiguchi,Kyoji Horiguchi,5,5.0,,2026-09-26,Kyoji Horiguchi,Flyweight,2.0,2.0,4.0,0.5872619236510557,2.0,-3.0
UFC media,Flyweight,loneer kavanagh,Lone'er Kavanagh,6,6.0,,2026-09-26,Lone'er Kavanagh,Flyweight,37.0,34.0,36.0,-0.1713574443318717,37.0,31.0
UFC media,Flyweight,asu almabayev,Asu Almabayev,7,7.0,,2026-09-26,Asu Almabayev,Flyweight,3.0,4.0,6.0,0.4914214831756346,3.0,-4.0
UFC media,Flyweight,brandon moreno,Brandon Moreno,8,8.0,,2026-09-26,Brandon Moreno,Flyweight,6.0,5.0,5.0,0.5279770264606788,6.0,-2.0
UFC media,Flyweight,amir albazi,Amir Albazi,9,9.0,,2026-09-26,Amir Albazi,Flyweight,14.0,12.0,18.0,0.1346642066899833,14.0,5.0
UFC media,Flyweight,ramazan temirov,Ramazan Temirov,10,10.0,,2026-09-26,Ramazan Temirov,Flyweight,7.0,7.0,7.0,0.2703481726685851,7.0,-3.0
UFC media,Flyweight,tim elliott,Tim Elliott,11,11.0,,2026-09-26,Tim Elliott,Flyweight,8.0,8.0,10.0,0.2280897045067748,8.0,-3.0
UFC media,Flyweight,steve erceg,Steve Erceg,12,12.0,,2026-09-26,Steve Erceg,Flyweight,28.0,27.0,29.0,-0.0355015257372563,28.0,16.0
UFC media,Flyweight,sumudaerji,Sumudaerji,13,13.0,,2026-09-26,Sumudaerji,Flyweight,25.0,23.0,26.0,0.0316424874898771,25.0,12.0
UFC media,Flyweight,tagir ulanbekov,Tagir Ulanbekov,14,14.0,,2026-09-26,Tagir Ulanbekov,Flyweight,12.0,11.0,12.0,0.1786613298394126,12.0,-2.0
UFC media,Flyweight,alex perez,Alex Perez,15,15.0,,2026-09-26,Alex Perez,Flyweight,18.0,17.0,18.0,0.1193001038585967,18.0,3.0
UFC media,Bantamweight,petr yan,Petr Yan,0,,title holder,,Petr Yan,Bantamweight,,0.0,0.0,1.0546904409396378,,
UFC media,Bantamweight,merab dvalishvili,Merab Dvalishvili,1,1.0,,2026-09-26,Merab Dvalishvili,Bantamweight,1.0,1.0,1.0,1.275399777540033,1.0,0.0
UFC media,Bantamweight,sean omalley,Sean O'Malley,2,2.0,,2026-09-26,Sean O'Malley,Bantamweight,2.0,3.0,3.0,1.0293383996970982,2.0,0.0
UFC media,Bantamweight,song yadong,Song Yadong,3,3.0,,2026-09-26,Song Yadong,Bantamweight,3.0,2.0,2.0,1.0986567796920663,3.0,0.0
UFC media,Bantamweight,umar nurmagomedov,Umar Nurmagomedov,4,4.0,,2026-09-26,Umar Nurmagomedov,Bantamweight,4.0,4.0,4.0,0.9989476189460548,4.0,0.0
UFC media,Bantamweight,mario bautista,Mario Bautista,5,5.0,,2026-09-26,Mario Bautista,Bantamweight,5.0,5.0,7.0,0.7143060982122355,5.0,0.0
UFC media,Bantamweight,cory sandhagen,Cory Sandhagen,6,6.0,,2026-09-26,Cory Sandhagen,Bantamweight,9.0,6.0,7.0,0.6618879222901667,9.0,3.0
UFC media,Bantamweight,aiemann zahabi,Aiemann Zahabi,7,7.0,,2026-09-26,Aiemann Zahabi,Bantamweight,22.0,20.0,27.0,0.3110259120233033,22.0,15.0
UFC media,Bantamweight,david martinez,David Martinez,8,8.0,,2026-09-26,David Martinez,Bantamweight,10.0,9.0,10.0,0.5455439176691441,10.0,2.0
UFC media,Bantamweight,deiveson figueiredo,Deiveson Figueiredo,9,9.0,,2026-09-26,Deiveson Figueiredo,Bantamweight,34.0,32.0,34.0,0.1512105989766606,34.0,25.0
UFC media,Bantamweight,marlon vera,Marlon Vera,10,10.0,,2026-09-26,Marlon Vera,Bantamweight,23.0,21.0,25.0,0.2711544021401537,23.0,13.0
UFC media,Bantamweight,raul rosas jr,Raul Rosas Jr.,11,11.0,,2026-09-26,Raul Rosas Jr.,Bantamweight,6.0,8.0,8.0,0.6016362883368842,6.0,-5.0
UFC media,Bantamweight,payton talbott,Payton Talbott,12,12.0,,2026-09-26,Payton Talbott,Bantamweight,15.0,13.0,18.0,0.4000235180247389,15.0,3.0
UFC media,Bantamweight,farid basharat,Farid Basharat,13,13.0,,2026-09-26,Farid Basharat,Bantamweight,18.0,14.900000000000002,18.0,0.3806743140644075,18.0,5.0
UFC media,Bantamweight,raoni barcelos,Raoni Barcelos,14,14.0,,2026-09-26,Raoni Barcelos,Bantamweight,7.0,12.0,14.0,0.4578790477628971,7.0,-7.0
UFC media,Bantamweight,marcus mcghee,Marcus McGhee,15,15.0,,2026-09-26,Marcus McGhee,Bantamweight,11.0,9.0,11.0,0.5299550959950117,11.0,-4.0
UFC media,Featherweight,alexander volkanovski,Alexander Volkanovski,0,,title holder,,Alexander Volkanovski,Featherweight,,0.0,0.0,1.329797236311456,,
UFC media,Featherweight,movsar evloev,Movsar Evloev,1,1.0,,2026-09-26,Movsar Evloev,Featherweight,1.0,3.0,4.0,0.8178015933129428,1.0,0.0
UFC media,Featherweight,diego lopes,Diego Lopes,2,2.0,,2026-09-26,Diego Lopes,Featherweight,3.0,2.0,2.0,0.8764091755029237,3.0,1.0
UFC media,Featherweight,lerone murphy,Lerone Murphy,3,3.0,,2026-09-26,Lerone Murphy,Featherweight,7.0,6.0,6.0,0.6767051526289831,7.0,4.0
UFC media,Featherweight,aljamain sterling,Aljamain Sterling,4,4.0,,2026-09-26,Aljamain Sterling,Featherweight,2.0,1.0,1.0,1.2392860523706282,2.0,-2.0
UFC media,Featherweight,jean silva,Jean Silva,5,5.0,,2026-09-26,Jean Silva,Featherweight,4.0,3.0,4.0,0.8188693822675979,4.0,-1.0
UFC media,Featherweight,yair rodriguez,Yair Rodriguez,6,6.0,,2026-09-26,Yair Rodriguez,Featherweight,11.0,10.0,11.0,0.5861920938722468,11.0,5.0
UFC media,Featherweight,arnold allen,Arnold Allen,7,7.0,,2026-09-26,Arnold Allen,Featherweight,12.0,12.0,13.0,0.5148223880763728,12.0,5.0
UFC media,Featherweight,youssef zalal,Youssef Zalal,8,8.0,,2026-09-26,Youssef Zalal,Featherweight,9.0,9.0,9.0,0.6309845838874724,9.0,1.0
UFC media,Featherweight,kevin vallejos,Kevin Vallejos,9,9.0,,2026-09-26,Kevin Vallejos,Featherweight,10.0,10.0,11.0,0.5905367884787034,10.0,1.0
UFC media,Featherweight,steve garcia,Steve Garcia,10,10.0,,2026-09-26,Steve Garcia,Featherweight,13.0,12.0,13.0,0.5127234897191711,13.0,3.0
UFC media,Featherweight,aaron pico,Aaron Pico,11,11.0,,2026-09-26,Aaron Pico,Featherweight,52.0,50.0,52.0,-0.0761490131105736,52.0,41.0
UFC media,Featherweight,melquizael costa,Melquizael Costa,12,12.0,,2026-09-26,Melquizael Costa,Featherweight,16.0,15.0,19.0,0.3690841662453559,16.0,4.0
UFC media,Featherweight,brian ortega,Brian Ortega,13,13.0,,2026-09-26,Brian Ortega,Featherweight,29.0,28.0,40.0,0.1154807652095319,29.0,16.0
UFC media,Featherweight,patricio freire,Patricio Pitbull,14,14.0,,2026-09-26,Patricio Pitbull,Featherweight,45.0,43.0,49.0,-0.0256184104767068,45.0,31.0
UFC media,Featherweight,patricio freire,Patricio Pitbull,14,14.0,,2026-09-26,Patricio Freire,Featherweight,49.0,47.0,54.0,-0.0632996403201254,49.0,35.0
UFC media,Featherweight,david onama,David Onama,15,15.0,,2026-09-26,David Onama,Featherweight,17.0,17.0,20.0,0.343277442961947,17.0,2.0
UFC media,Lightweight,justin gaethje,Justin Gaethje,0,,title holder,,Justin Gaethje,Lightweight,,0.0,0.0,0.9721853353372788,,
UFC media,Lightweight,ilia topuria,Ilia Topuria,1,1.0,,2026-09-26,Ilia Topuria,Lightweight,1.0,4.0,4.0,0.96000246267298,1.0,0.0
UFC media,Lightweight,arman tsarukyan,Arman Tsarukyan,2,2.0,,2026-09-26,Arman Tsarukyan,Lightweight,4.0,3.0,3.0,1.0628871055604048,4.0,2.0
UFC media,Lightweight,charles oliveira,Charles Oliveira,3,3.0,,2026-09-26,Charles Oliveira,Lightweight,2.0,2.0,2.0,1.2129965533503415,2.0,-1.0
UFC media,Lightweight,max holloway,Max Holloway,4,4.0,,2026-09-26,Max Holloway,Lightweight,3.0,1.0,1.0,1.3420901053051897,3.0,-1.0
UFC media,Lightweight,paddy pimblett,Paddy Pimblett,5,5.0,,2026-09-26,Paddy Pimblett,Lightweight,6.0,5.0,8.0,0.7122901681485074,6.0,1.0
UFC media,Lightweight,benoit saint denis,Benoît Saint Denis,6,6.0,,2026-09-26,Benoit Saint Denis,Lightweight,11.0,10.0,11.0,0.6265856899051988,11.0,5.0
UFC media,Lightweight,quillan salkilld,Quillan Salkilld,7,7.0,,2026-09-26,Quillan Salkilld,Lightweight,5.0,5.0,8.0,0.713487004118033,5.0,-2.0
UFC media,Lightweight,mauricio ruffy,Mauricio Ruffy,8,8.0,,2026-09-26,Mauricio Ruffy,Lightweight,15.0,13.0,17.0,0.3330136041322712,15.0,7.0
UFC media,Lightweight,salahdine parnasse,Salahdine Parnasse,9,9.0,,2026-09-26,Salahdine Parnasse,Lightweight,33.0,31.0,37.0,0.1075150788334619,33.0,24.0
UFC media,Lightweight,mateusz gamrot,Mateusz Gamrot,10,10.0,,2026-09-26,Mateusz Gamrot,Lightweight,12.0,12.0,12.0,0.5759078776065111,12.0,2.0
UFC media,Lightweight,rafael fiziev,Rafael Fiziev,11,11.0,,2026-09-26,Rafael Fiziev,Lightweight,22.0,21.0,23.0,0.2302287345612704,22.0,11.0
UFC media,Lightweight,renato moicano,Renato Moicano,12,12.0,,2026-09-26,Renato Moicano,Lightweight,7.0,7.0,8.0,0.6963195135140291,7.0,-5.0
UFC media,Lightweight,dan hooker,Dan Hooker,13,13.0,,2026-09-26,Dan Hooker,Lightweight,37.0,37.0,41.0,0.0836859471594222,37.0,24.0
UFC media,Lightweight,tom nolan,Tom Nolan,14,14.0,,2026-09-26,Tom Nolan,Lightweight,30.0,28.0,32.0,0.1447413913152241,30.0,16.0
UFC media,Lightweight,beneil dariush,Beneil Dariush,15,15.0,,2026-09-26,Beneil Dariush,Lightweight,52.0,50.0,57.0,-0.0624757333318145,52.0,37.0
UFC media,Welterweight,islam makhachev,Islam Makhachev,0,,title holder,,Islam Makhachev,Welterweight,,0.0,0.0,1.4867059785221095,,
UFC media,Welterweight,ian machado garry,Ian Machado Garry,1,1.0,,2026-09-26,Ian Machado Garry,Welterweight,4.0,4.0,4.0,0.6780764597189717,4.0,3.0
UFC media,Welterweight,carlos prates,Carlos Prates,2,2.0,,2026-09-26,Carlos Prates,Welterweight,1.0,1.0,1.0,0.8570428653033302,1.0,-1.0
UFC media,Welterweight,michael morales,Michael Morales,3,3.0,,2026-09-26,Michael Morales,Welterweight,2.0,2.0,3.0,0.7813126166559492,2.0,-1.0
UFC media,Welterweight,jack della maddalena,Jack Della Maddalena,4,4.0,,2026-09-26,Jack Della Maddalena,Welterweight,8.0,8.0,8.0,0.4754279519041566,8.0,4.0
UFC media,Welterweight,gabriel bonfim,Gabriel Bonfim,5,5.0,,2026-09-26,Gabriel Bonfim,Welterweight,5.0,5.0,6.0,0.5990627895311222,5.0,0.0
UFC media,Welterweight,sean brady,Sean Brady,6,6.0,,2026-09-26,Sean Brady,Welterweight,3.0,2.0,3.0,0.7968729314159588,3.0,-3.0
UFC media,Welterweight,belal muhammad,Belal Muhammad,7,7.0,,2026-09-26,Belal Muhammad,Welterweight,16.0,12.0,18.0,0.3634634374491156,16.0,9.0
UFC media,Welterweight,leon edwards,Leon Edwards,8,8.0,,2026-09-26,Leon Edwards,Welterweight,13.0,11.0,15.0,0.3955353655610815,13.0,5.0
UFC media,Welterweight,kamaru usman,Kamaru Usman,9,9.0,,2026-09-26,Kamaru Usman,Welterweight,9.0,7.0,14.0,0.443769556153514,9.0,0.0
UFC media,Welterweight,joaquin buckley,Joaquin Buckley,10,10.0,,2026-09-26,Joaquin Buckley,Welterweight,6.0,5.0,6.0,0.5789971092463122,6.0,-4.0
UFC media,Welterweight,yaroslav amosov,Yaroslav Amosov,11,11.0,,2026-09-26,Yaroslav Amosov,Welterweight,20.0,19.0,22.0,0.287376330722595,20.0,9.0
UFC media,Welterweight,uros medic,Uroš Medić,12,12.0,,2026-09-26,Uros Medic,Welterweight,14.0,11.0,16.0,0.3906800549487981,14.0,2.0
UFC media,Welterweight,mike malott,Mike Malott,13,13.0,,2026-09-26,Mike Malott,Welterweight,10.0,10.0,14.0,0.4071217933295269,10.0,-3.0
UFC media,Welterweight,daniel rodriguez,Daniel Rodriguez,14,14.0,,2026-09-26,Daniel Rodriguez,Welterweight,15.0,12.0,15.0,0.3931189782879188,15.0,1.0
UFC media,Welterweight,neil magny,Neil Magny,15,15.0,,2026-09-26,Neil Magny,Welterweight,7.0,7.0,9.0,0.4917175191401012,7.0,-8.0
UFC media,Middleweight,sean strickland,Sean Strickland,0,,title holder,,Sean Strickland,Middleweight,,0.0,0.0,0.841691570273017,,
UFC media,Middleweight,khamzat chimaev,Khamzat Chimaev,1,1.0,,2026-09-26,Khamzat Chimaev,Middleweight,1.0,2.0,2.0,0.8957220677022613,1.0,0.0
UFC media,Middleweight,dricus du plessis,Dricus Du Plessis,2,2.0,,2026-09-26,Dricus Du Plessis,Middleweight,2.0,1.0,1.0,0.9903729568487416,2.0,0.0
UFC media,Middleweight,nassourdine imavov,Nassourdine Imavov,3,3.0,,2026-09-26,Nassourdine Imavov,Middleweight,3.0,3.0,3.0,0.8241712948902116,3.0,0.0
UFC media,Middleweight,brendan allen,Brendan Allen,4,4.0,,2026-09-26,Brendan Allen,Middleweight,4.0,4.0,4.0,0.7717089708030103,4.0,0.0
UFC media,Middleweight,caio borralho,Caio Borralho,5,5.0,,2026-09-26,Caio Borralho,Middleweight,10.0,10.0,11.0,0.4442249823290425,10.0,5.0
UFC media,Middleweight,joe pyfer,Joe Pyfer,6,6.0,,2026-09-26,Joe Pyfer,Middleweight,5.0,5.0,6.0,0.6996758523954802,5.0,-1.0
UFC media,Middleweight,gregory rodrigues,Gregory Rodrigues,7,7.0,,2026-09-26,Gregory Rodrigues,Middleweight,6.0,5.0,7.0,0.6873816793719474,6.0,-1.0
UFC media,Middleweight,anthony hernandez,Anthony Hernandez,8,8.0,,2026-09-26,Anthony Hernandez,Middleweight,9.0,9.0,10.0,0.4570049775852783,9.0,1.0
UFC media,Middleweight,israel adesanya,Israel Adesanya,9,9.0,,2026-09-26,Israel Adesanya,Middleweight,31.0,30.0,31.0,0.050301996509989,31.0,22.0
UFC media,Middleweight,christian leroy duncan,Christian Leroy Duncan,10,10.0,,2026-09-26,Christian Leroy Duncan,Middleweight,8.0,8.0,8.0,0.4793505616855865,8.0,-2.0
UFC media,Middleweight,jared cannonier,Jared Cannonier,11,11.0,,2026-09-26,Jared Cannonier,Middleweight,45.0,43.0,46.0,-0.2183130545556816,45.0,34.0
UFC media,Middleweight,abus magomedov,Abus Magomedov,12,12.0,,2026-09-26,Abus Magomedov,Middleweight,20.0,18.0,20.0,0.2443732143769943,20.0,8.0
UFC media,Middleweight,ikram aliskerov,Ikram Aliskerov,13,13.0,,2026-09-26,Ikram Aliskerov,Middleweight,11.0,9.0,11.0,0.4140192825363027,11.0,-2.0
UFC media,Middleweight,bo nickal,Bo Nickal,14,14.0,,2026-09-26,Bo Nickal,Middleweight,14.0,12.0,16.0,0.32749753846021,14.0,0.0
UFC media,Middleweight,shara magomedov,Shara Magomedov,15,15.0,,2026-09-26,Shara Magomedov,Middleweight,12.0,12.0,13.0,0.380293268275754,12.0,-3.0
UFC media,Light Heavyweight,carlos ulberg,Carlos Ulberg,0,,title holder,,Carlos Ulberg,Light Heavyweight,,0.0,0.0,0.7904371979043594,,
UFC media,Light Heavyweight,magomed ankalaev,Magomed Ankalaev,1,1.0,,2026-09-26,Magomed Ankalaev,Light Heavyweight,1.0,1.0,1.0,0.8207881956215353,1.0,0.0
UFC media,Light Heavyweight,jiri prochazka,Jiří Procházka,2,2.0,,2026-09-26,Jiri Prochazka,Light Heavyweight,4.0,2.0,2.0,0.7557469979476128,4.0,2.0
UFC media,Light Heavyweight,alex pereira,Alex Pereira,3,3.0,,2026-09-26,Alex Pereira,Heavyweight,4.0,1.0,1.0,1.2661831709496123,,
UFC media,Light Heavyweight,khalil rountree jr,Khalil Rountree Jr.,4,4.0,,2026-09-26,Khalil Rountree Jr.,Light Heavyweight,8.0,8.0,8.0,0.4658007215026384,8.0,4.0
UFC media,Light Heavyweight,navajo stirling,Navajo Stirling,5,5.0,,2026-09-26,Navajo Stirling,Light Heavyweight,5.0,4.0,5.0,0.5304542778041486,5.0,0.0
UFC media,Light Heavyweight,paulo costa,Paulo Costa,6,6.0,,2026-09-26,Paulo Costa,Light Heavyweight,2.0,3.0,3.0,0.7053098854342125,2.0,-4.0
UFC media,Light Heavyweight,jamahal hill,Jamahal Hill,7,7.0,,2026-09-26,Jamahal Hill,Light Heavyweight,28.0,25.0,28.0,-0.0058860695917061,28.0,21.0
UFC media,Light Heavyweight,azamat murzakanov,Azamat Murzakanov,8,8.0,,2026-09-26,Azamat Murzakanov,Light Heavyweight,6.0,6.0,6.0,0.5180136612242772,6.0,-2.0
UFC media,Light Heavyweight,jan blachowicz,Jan Błachowicz,9,9.0,,2026-09-26,Jan Blachowicz,Light Heavyweight,23.0,18.0,26.0,0.0283689098771582,23.0,14.0
UFC media,Light Heavyweight,dominick reyes,Dominick Reyes,10,10.0,,2026-09-26,Dominick Reyes,Light Heavyweight,3.0,4.0,5.0,0.5720883023630111,3.0,-7.0
UFC media,Light Heavyweight,bogdan guskov,Bogdan Guskov,11,11.0,,2026-09-26,Bogdan Guskov,Light Heavyweight,9.0,9.0,9.0,0.4430737920151277,9.0,-2.0
UFC media,Light Heavyweight,robert whittaker,Robert Whittaker,12,12.0,,2026-09-26,Robert Whittaker,Middleweight,7.0,6.0,7.0,0.6792203169634814,,
UFC media,Light Heavyweight,johnny walker,Johnny Walker,13,13.0,,2026-09-26,Johnny Walker,Light Heavyweight,15.0,13.0,15.0,0.1132465570407036,15.0,2.0
UFC media,Light Heavyweight,alonzo menifield,Alonzo Menifield,14,14.0,,2026-09-26,Alonzo Menifield,Light Heavyweight,13.0,15.0,16.0,0.0974580408076304,13.0,-1.0
UFC media,Light Heavyweight,nikita krylov,Nikita Krylov,15,15.0,,2026-09-26,Nikita Krylov,Light Heavyweight,19.0,18.0,21.0,0.0540293016731619,19.0,4.0
UFC media,Heavyweight,ciryl gane,Ciryl Gane,0,,title holder,,,,,,,,,
UFC media,Heavyweight,tom aspinall,Tom Aspinall,1,1.0,,2026-09-26,Tom Aspinall,Heavyweight,2.0,3.0,3.0,0.9533507626044936,2.0,1.0
UFC media,Heavyweight,alexander volkov,Alexander Volkov,2,2.0,,2026-09-26,Alexander Volkov,Heavyweight,1.0,2.0,2.0,1.2172993948276525,1.0,-1.0
UFC media,Heavyweight,sergei pavlovich,Sergei Pavlovich,3,3.0,,2026-09-26,Sergei Pavlovich,Heavyweight,3.0,6.0,6.0,0.697254007353898,3.0,0.0
UFC media,Heavyweight,josh hokit,Josh Hokit,4,4.0,,2026-09-26,Josh Hokit,Heavyweight,7.0,7.0,7.0,0.5952825816403756,7.0,3.0
UFC media,Heavyweight,curtis blaydes,Curtis Blaydes,5,5.0,,2026-09-26,Curtis Blaydes,Heavyweight,5.0,4.0,5.0,0.8029684128067267,5.0,0.0
UFC media,Heavyweight,waldo cortes acosta,Waldo Cortes Acosta,6,6.0,,2026-09-26,Waldo Cortes Acosta,Heavyweight,6.0,4.0,5.0,0.8041603757742861,6.0,0.0
UFC media,Heavyweight,rizvan kuniev,Rizvan Kuniev,7,7.0,,2026-09-26,Rizvan Kuniev,Heavyweight,12.0,12.0,12.0,0.3128156700925685,12.0,5.0
UFC media,Heavyweight,vitor petrino,Vitor Petrino,8,8.0,,2026-09-26,Vitor Petrino,Heavyweight,10.0,10.0,10.0,0.3543455949367038,10.0,2.0
UFC media,Heavyweight,serghei spivac,Serghei Spivac,9,9.0,,2026-09-26,Serghei Spivac,Heavyweight,27.0,26.0,30.0,-0.0394291715300043,27.0,18.0
UFC media,Heavyweight,ante delija,Ante Delija,10,10.0,,2026-09-26,Ante Delija,Heavyweight,28.0,26.0,28.0,-0.0501438068838511,28.0,18.0
UFC media,Heavyweight,valter walker,Valter Walker,11,11.0,,2026-09-26,Valter Walker,Heavyweight,9.0,8.0,9.0,0.4164548873987435,9.0,-2.0
UFC media,Heavyweight,tyrell fortune,Tyrell Fortune,12,12.0,,2026-09-26,Tyrell Fortune,Heavyweight,25.0,22.0,31.0,-0.0410803945122568,25.0,13.0
UFC media,Heavyweight,derrick lewis,Derrick Lewis,13,13.0,,2026-09-26,Derrick Lewis,Heavyweight,14.0,13.0,18.0,0.1770827259600847,14.0,1.0
UFC media,Heavyweight,mario pinto,Mario Pinto,14,14.0,,2026-09-26,Mario Pinto,Heavyweight,8.0,8.0,9.0,0.4374974406789137,8.0,-6.0
UFC media,Heavyweight,aleksandar rakic,Aleksandar Rakić,15,15.0,,2026-09-26,Aleksandar Rakic,Light Heavyweight,29.0,29.0,30.0,-0.0318524982966436,,
UFC media,Women's Strawweight,mackenzie dern,Mackenzie Dern,0,,title holder,,Mackenzie Dern,Women's Strawweight,,0.0,0.0,0.7531453020389066,,
UFC media,Women's Strawweight,zhang weili,Zhang Weili,1,1.0,,2026-09-26,Zhang Weili,Women's Strawweight,4.0,1.0,2.0,0.7895648540331555,4.0,3.0
UFC media,Women's Strawweight,tatiana suarez,Tatiana Suarez,2,2.0,,2026-09-26,Tatiana Suarez,Women's Strawweight,2.0,2.0,3.0,0.6792863245819762,2.0,0.0
UFC media,Women's Strawweight,virna jandiroba,Virna Jandiroba,3,3.0,,2026-09-26,Virna Jandiroba,Women's Strawweight,1.0,1.0,3.0,0.7287802865227881,1.0,-2.0
UFC media,Women's Strawweight,denise gomes,Denise Gomes,4,4.0,,2026-09-26,Denise Gomes,Women's Strawweight,6.0,6.0,7.0,0.4070075774994601,6.0,2.0
UFC media,Women's Strawweight,gillian robertson,Gillian Robertson,5,5.0,,2026-09-26,Gillian Robertson,Women's Strawweight,5.0,4.0,4.0,0.4924132273843292,5.0,0.0
UFC media,Women's Strawweight,yan xiaonan,Yan Xiaonan,6,6.0,,2026-09-26,Yan Xiaonan,Women's Strawweight,20.0,18.0,20.0,0.0441503661026769,20.0,14.0
UFC media,Women's Strawweight,fatima kline,Fatima Kline,7,7.0,,2026-09-26,Fatima Kline,Women's Strawweight,7.0,5.0,7.0,0.3954201795760999,7.0,0.0
UFC media,Women's Strawweight,loopy godinez,Loopy Godinez,8,8.0,,2026-09-26,Loopy Godinez,Women's Strawweight,14.0,14.0,17.0,0.0883560249306549,14.0,6.0
UFC media,Women's Strawweight,alexia thainara,Alexia Thainara,9,9.0,,2026-09-26,Alexia Thainara,Women's Strawweight,3.0,5.0,6.0,0.4552447791629058,3.0,-6.0
UFC media,Women's Strawweight,jessica andrade,Jéssica Andrade,10,10.0,,2026-09-26,Jessica Andrade,Women's Strawweight,10.0,10.0,11.0,0.2224993212614106,10.0,0.0
UFC media,Women's Strawweight,tabatha ricci,Tabatha Ricci,11,11.0,,2026-09-26,Tabatha Ricci,Women's Strawweight,18.0,15.0,22.0,0.0573040102521679,18.0,7.0
UFC media,Women's Strawweight,amanda lemos,Amanda Lemos,12,12.0,,2026-09-26,Amanda Lemos,Women's Strawweight,28.0,27.0,30.0,-0.1212641784683132,28.0,16.0
UFC media,Women's Strawweight,amanda ribas,Amanda Ribas,13,13.0,,2026-09-26,Amanda Ribas,Women's Strawweight,42.0,41.0,43.0,-0.4899782611162034,42.0,29.0
UFC media,Women's Strawweight,angela hill,Angela Hill,14,14.0,,2026-09-26,Angela Hill,Women's Strawweight,30.0,27.0,34.0,-0.1558032691992005,30.0,16.0
UFC media,Women's Strawweight,mizuki inoue,Mizuki,15,15.0,,2026-09-26,Mizuki,Women's Strawweight,19.0,14.0,23.0,0.0483747530896791,19.0,4.0
UFC media,Women's Flyweight,valentina shevchenko,Valentina Shevchenko,0,,title holder,,Valentina Shevchenko,Women's Flyweight,1.0,1.0,1.0,1.0421460860560177,1.0,
UFC media,Women's Flyweight,natalia silva,Natalia Silva,1,1.0,,2026-09-26,Natalia Silva,Women's Flyweight,5.0,2.0,3.0,0.7784087234653518,5.0,4.0
UFC media,Women's Flyweight,alexa grasso,Alexa Grasso,2,2.0,,2026-09-26,Alexa Grasso,Women's Flyweight,2.0,6.0,7.0,0.5134699559118767,2.0,0.0
UFC media,Women's Flyweight,manon fiorot,Manon Fiorot,3,3.0,,2026-09-26,Manon Fiorot,Women's Flyweight,3.0,5.0,5.0,0.669434445467707,3.0,0.0
UFC media,Women's Flyweight,erin blanchfield,Erin Blanchfield,4,4.0,,2026-09-26,Erin Blanchfield,Women's Flyweight,4.0,2.0,3.0,0.7863703102606872,4.0,0.0
UFC media,Women's Flyweight,rose namajunas,Rose Namajunas,5,5.0,,2026-09-26,Rose Namajunas,Women's Flyweight,6.0,4.0,4.0,0.7406155077718988,6.0,1.0
UFC media,Women's Flyweight,maycee barber,Maycee Barber,6,6.0,,2026-09-26,Maycee Barber,Women's Flyweight,7.0,6.0,7.0,0.5590535614115056,7.0,1.0
UFC media,Women's Flyweight,jasmine jasudavicius,Jasmine Jasudavicius,7,7.0,,2026-09-26,Jasmine Jasudavicius,Women's Flyweight,8.0,8.0,8.0,0.4408007508777288,8.0,1.0
UFC media,Women's Flyweight,wang cong,Wang Cong,8,8.0,,2026-09-26,Wang Cong,Women's Flyweight,9.0,9.0,10.0,0.3102700692586375,9.0,1.0
UFC media,Women's Flyweight,tracy cortez,Tracy Cortez,9,9.0,,2026-09-26,Tracy Cortez,Women's Flyweight,17.0,15.0,17.0,0.0409597103194378,17.0,8.0
UFC media,Women's Flyweight,miranda maverick,Miranda Maverick,10,10.0,,2026-09-26,Miranda Maverick,Women's Flyweight,12.0,11.0,12.0,0.2279906642850743,12.0,2.0
UFC media,Women's Flyweight,karine silva,Karine Silva,11,11.0,,2026-09-26,Karine Silva,Women's Flyweight,18.0,18.0,20.0,-0.0276943077679333,18.0,7.0
UFC media,Women's Flyweight,casey oneill,Casey O'Neill,12,12.0,,2026-09-26,Casey O'Neill,Women's Flyweight,10.0,9.0,10.0,0.2979485156047895,10.0,-2.0
UFC media,Women's Flyweight,eduarda moura,Eduarda Moura,13,13.0,,2026-09-26,Eduarda Moura,Women's Flyweight,32.0,30.0,32.0,-0.3008914390455344,32.0,19.0
UFC media,Women's Flyweight,regina tarin,Regina Tarin,14,14.0,,2026-09-26,Regina Tarin,Women's Flyweight,13.0,13.0,16.0,0.1075268817204301,13.0,-1.0
UFC media,Women's Flyweight,gabriella fernandes,Gabriella Fernandes,15,15.0,,2026-09-26,Gabriella Fernandes,Women's Flyweight,23.0,23.0,24.0,-0.1780361351441744,23.0,8.0
UFC media,Women's Bantamweight,kayla harrison,Kayla Harrison,0,,title holder,,Kayla Harrison,Women's Bantamweight,,0.0,0.0,0.3761591675358851,,
UFC media,Women's Bantamweight,julianna pena,Julianna Peña,1,1.0,,2026-09-26,Julianna Pena,Women's Bantamweight,10.0,9.0,10.0,0.1167526046124977,10.0,9.0
UFC media,Women's Bantamweight,joselyne edwards,Joselyne Edwards,2,2.0,,2026-09-26,Joselyne Edwards,Women's Bantamweight,1.0,3.0,3.0,0.3674035119928995,1.0,-1.0
UFC media,Women's Bantamweight,ailin perez,Ailin Perez,3,3.0,,2026-09-26,Ailin Perez,Women's Bantamweight,2.0,2.0,2.0,0.4769192484967016,2.0,-1.0
UFC media,Women's Bantamweight,raquel pennington,Raquel Pennington,3,4.0,,2026-09-26,,,,,,,,
UFC media,Women's Bantamweight,norma dumont,Norma Dumont,5,5.0,,2026-09-26,Norma Dumont,Women's Bantamweight,3.0,1.0,1.0,0.5309985241088622,3.0,-2.0
UFC media,Women's Bantamweight,yana santos,Yana Santos,6,6.0,,2026-09-26,Yana Santos,Women's Bantamweight,7.0,7.0,10.0,0.1360634255787865,7.0,1.0
UFC media,Women's Bantamweight,luana santos,Luana Santos,7,7.0,,2026-09-26,Luana Santos,Women's Bantamweight,4.0,4.0,5.0,0.2770717659253225,4.0,-3.0
UFC media,Women's Bantamweight,macy chiasson,Macy Chiasson,8,8.0,,2026-09-26,Macy Chiasson,Women's Bantamweight,8.0,7.0,8.0,0.1865387375605436,8.0,0.0
UFC media,Women's Bantamweight,jacqueline cavalcanti,Jacqueline Cavalcanti,9,9.0,,2026-09-26,Jacqueline Cavalcanti,Women's Bantamweight,9.0,6.0,9.0,0.1846444221678392,9.0,0.0
UFC media,Women's Bantamweight,karol rosa,Karol Rosa,10,10.0,,2026-09-26,Karol Rosa,Women's Bantamweight,12.0,12.0,12.0,0.0281520125832324,12.0,2.0
UFC media,Women's Bantamweight,beatriz mesquita,Bia Mesquita,11,11.0,,2026-09-26,Bia Mesquita,Women's Bantamweight,6.0,5.0,6.0,0.2609789046804587,6.0,-5.0
UFC media,Women's Bantamweight,michelle montague,Michelle Montague,12,12.0,,2026-09-26,Michelle Montague,Women's Bantamweight,11.0,11.0,13.0,0.0808870906643962,11.0,-1.0
UFC media,Women's Bantamweight,nora cornolle,Nora Cornolle,13,13.0,,2026-09-26,Nora Cornolle,Women's Bantamweight,17.0,17.0,19.0,-0.2578857394360975,17.0,4.0
UFC media,Women's Bantamweight,miesha tate,Miesha Tate,14,14.0,,2026-09-26,Miesha Tate,Women's Bantamweight,18.0,17.0,19.0,-0.2835179927116601,18.0,4.0
UFC media,Women's Bantamweight,melissa croden,Melissa Croden,15,15.0,,2026-09-26,Melissa Croden,Women's Bantamweight,14.0,14.0,15.0,-0.0495049504950495,14.0,-1.0
Meta,Flyweight,joshua van,Joshua Van,0,,title holder,,Joshua Van,Flyweight,,0.0,0.0,0.7430278052245121,,
Meta,Flyweight,manel kape,Manel Kape,1,1.0,,2026-09-26,Manel Kape,Flyweight,1.0,1.0,1.0,0.7762966312295587,1.0,0.0
Meta,Flyweight,alexandre pantoja,Alexandre Pantoja,2,2.0,,2026-09-26,Alexandre Pantoja,Flyweight,4.0,2.0,3.0,0.5842847783514113,4.0,2.0
Meta,Flyweight,brandon royval,Brandon Royval,3,3.0,,2026-09-26,Brandon Royval,Flyweight,9.0,8.0,9.0,0.2222169542388872,9.0,6.0
Meta,Flyweight,tatsuro taira,Tatsuro Taira,4,4.0,,2026-09-26,Tatsuro Taira,Flyweight,5.0,2.0,6.0,0.5628327534792107,5.0,1.0
Meta,Flyweight,asu almabayev,Asu Almabayev,5,5.0,,2026-09-26,Asu Almabayev,Flyweight,3.0,4.0,6.0,0.4914214831756346,3.0,-2.0
Meta,Flyweight,loneer kavanagh,Lone'er Kavanagh,6,6.0,,2026-09-26,Lone'er Kavanagh,Flyweight,37.0,34.0,36.0,-0.1713574443318717,37.0,31.0
Meta,Flyweight,ramazan temirov,Ramazan Temirov,7,7.0,,2026-09-26,Ramazan Temirov,Flyweight,7.0,7.0,7.0,0.2703481726685851,7.0,0.0
Meta,Flyweight,kyoji horiguchi,Kyoji Horiguchi,8,8.0,,2026-09-26,Kyoji Horiguchi,Flyweight,2.0,2.0,4.0,0.5872619236510557,2.0,-6.0
Meta,Flyweight,brandon moreno,Brandon Moreno,9,9.0,,2026-09-26,Brandon Moreno,Flyweight,6.0,5.0,5.0,0.5279770264606788,6.0,-3.0
Meta,Flyweight,amir albazi,Amir Albazi,10,10.0,,2026-09-26,Amir Albazi,Flyweight,14.0,12.0,18.0,0.1346642066899833,14.0,4.0
Meta,Flyweight,sumudaerji,Sumudaerji,11,11.0,,2026-09-26,Sumudaerji,Flyweight,25.0,23.0,26.0,0.0316424874898771,25.0,14.0
Meta,Flyweight,mitch raposo,Mitch Raposo,12,12.0,,2026-09-26,Mitch Raposo,Flyweight,34.0,32.0,36.0,-0.1513817732710503,34.0,22.0
Meta,Flyweight,rei tsuruya,Rei Tsuruya,13,13.0,,2026-09-26,Rei Tsuruya,Flyweight,23.0,21.0,24.0,0.0560667368826981,23.0,10.0
Meta,Flyweight,charles johnson,Charles Johnson,14,14.0,,2026-09-26,Charles Johnson,Flyweight,29.0,28.0,33.0,-0.0824607945191837,29.0,15.0
Meta,Flyweight,alessandro costa,Alessandro Costa,15,15.0,,2026-09-26,Alessandro Costa,Flyweight,15.0,14.0,15.0,0.1325921470607681,15.0,0.0
Meta,Bantamweight,petr yan,Petr Yan,0,,title holder,,Petr Yan,Bantamweight,,0.0,0.0,1.0546904409396378,,
Meta,Bantamweight,merab dvalishvili,Merab Dvalishvili,1,1.0,,2026-09-26,Merab Dvalishvili,Bantamweight,1.0,1.0,1.0,1.275399777540033,1.0,0.0
Meta,Bantamweight,song yadong,Song Yadong,2,2.0,,2026-09-26,Song Yadong,Bantamweight,3.0,2.0,2.0,1.0986567796920663,3.0,1.0
Meta,Bantamweight,sean omalley,Sean O'Malley,3,3.0,,2026-09-26,Sean O'Malley,Bantamweight,2.0,3.0,3.0,1.0293383996970982,2.0,-1.0
Meta,Bantamweight,mario bautista,Mario Bautista,4,4.0,,2026-09-26,Mario Bautista,Bantamweight,5.0,5.0,7.0,0.7143060982122355,5.0,1.0
Meta,Bantamweight,umar nurmagomedov,Umar Nurmagomedov,5,5.0,,2026-09-26,Umar Nurmagomedov,Bantamweight,4.0,4.0,4.0,0.9989476189460548,4.0,-1.0
Meta,Bantamweight,cory sandhagen,Cory Sandhagen,6,6.0,,2026-09-26,Cory Sandhagen,Bantamweight,9.0,6.0,7.0,0.6618879222901667,9.0,3.0
Meta,Bantamweight,david martinez,David Martinez,7,7.0,,2026-09-26,David Martinez,Bantamweight,10.0,9.0,10.0,0.5455439176691441,10.0,3.0
Meta,Bantamweight,raul rosas jr,Raul Rosas Jr.,8,8.0,,2026-09-26,Raul Rosas Jr.,Bantamweight,6.0,8.0,8.0,0.6016362883368842,6.0,-2.0
Meta,Bantamweight,farid basharat,Farid Basharat,9,9.0,,2026-09-26,Farid Basharat,Bantamweight,18.0,14.900000000000002,18.0,0.3806743140644075,18.0,9.0
Meta,Bantamweight,marcus mcghee,Marcus McGhee,10,10.0,,2026-09-26,Marcus McGhee,Bantamweight,11.0,9.0,11.0,0.5299550959950117,11.0,1.0
Meta,Bantamweight,deiveson figueiredo,Deiveson Figueiredo,11,11.0,,2026-09-26,Deiveson Figueiredo,Bantamweight,34.0,32.0,34.0,0.1512105989766606,34.0,23.0
Meta,Bantamweight,montel jackson,Montel Jackson,12,12.0,,2026-09-26,Montel Jackson,Bantamweight,8.0,5.0,6.0,0.683432548238027,8.0,-4.0
Meta,Bantamweight,aiemann zahabi,Aiemann Zahabi,13,13.0,,2026-09-26,Aiemann Zahabi,Bantamweight,22.0,20.0,27.0,0.3110259120233033,22.0,9.0
Meta,Bantamweight,marlon vera,Marlon Vera,14,14.0,,2026-09-26,Marlon Vera,Bantamweight,23.0,21.0,25.0,0.2711544021401537,23.0,9.0
Meta,Bantamweight,bryce mitchell,Bryce Mitchell,15,15.0,,2026-09-26,Bryce Mitchell,Bantamweight,16.0,15.0,16.0,0.3967439348632795,16.0,1.0
Meta,Featherweight,alexander volkanovski,Alexander Volkanovski,0,,title holder,,Alexander Volkanovski,Featherweight,,0.0,0.0,1.329797236311456,,
Meta,Featherweight,movsar evloev,Movsar Evloev,1,1.0,,2026-09-26,Movsar Evloev,Featherweight,1.0,3.0,4.0,0.8178015933129428,1.0,0.0
Meta,Featherweight,diego lopes,Diego Lopes,2,2.0,,2026-09-26,Diego Lopes,Featherweight,3.0,2.0,2.0,0.8764091755029237,3.0,1.0
Meta,Featherweight,lerone murphy,Lerone Murphy,3,3.0,,2026-09-26,Lerone Murphy,Featherweight,7.0,6.0,6.0,0.6767051526289831,7.0,4.0
Meta,Featherweight,aljamain sterling,Aljamain Sterling,4,4.0,,2026-09-26,Aljamain Sterling,Featherweight,2.0,1.0,1.0,1.2392860523706282,2.0,-2.0
Meta,Featherweight,jean silva,Jean Silva,5,5.0,,2026-09-26,Jean Silva,Featherweight,4.0,3.0,4.0,0.8188693822675979,4.0,-1.0
Meta,Featherweight,arnold allen,Arnold Allen,6,6.0,,2026-09-26,Arnold Allen,Featherweight,12.0,12.0,13.0,0.5148223880763728,12.0,6.0
Meta,Featherweight,pat sabatini,Pat Sabatini,7,7.0,,2026-09-26,Pat Sabatini,Featherweight,5.0,8.0,8.0,0.6435486321093189,5.0,-2.0
Meta,Featherweight,pavel andrusca,Pavel Andrusca,8,8.0,,2026-09-26,Pavel Andrusca,Featherweight,28.0,27.0,30.0,0.1637512886311549,28.0,20.0
Meta,Featherweight,youssef zalal,Youssef Zalal,9,9.0,,2026-09-26,Youssef Zalal,Featherweight,9.0,9.0,9.0,0.6309845838874724,9.0,0.0
Meta,Featherweight,kevin vallejos,Kevin Vallejos,10,10.0,,2026-09-26,Kevin Vallejos,Featherweight,10.0,10.0,11.0,0.5905367884787034,10.0,0.0
Meta,Featherweight,joanderson brito,Joanderson Brito,11,11.0,,2026-09-26,Joanderson Brito,Featherweight,6.0,5.0,5.0,0.7124346205652002,6.0,-5.0
Meta,Featherweight,melquizael costa,Melquizael Costa,12,12.0,,2026-09-26,Melquizael Costa,Featherweight,16.0,15.0,19.0,0.3690841662453559,16.0,4.0
Meta,Featherweight,steve garcia,Steve Garcia,13,13.0,,2026-09-26,Steve Garcia,Featherweight,13.0,12.0,13.0,0.5127234897191711,13.0,0.0
Meta,Featherweight,aaron pico,Aaron Pico,14,14.0,,2026-09-26,Aaron Pico,Featherweight,52.0,50.0,52.0,-0.0761490131105736,52.0,38.0
Meta,Featherweight,jamall emmers,Jamall Emmers,15,15.0,,2026-09-26,Jamall Emmers,Featherweight,26.0,22.0,28.0,0.2223040464374177,26.0,11.0
Meta,Lightweight,justin gaethje,Justin Gaethje,0,,title holder,,Justin Gaethje,Lightweight,,0.0,0.0,0.9721853353372788,,
Meta,Lightweight,ilia topuria,Ilia Topuria,1,1.0,,2026-09-26,Ilia Topuria,Lightweight,1.0,4.0,4.0,0.96000246267298,1.0,0.0
Meta,Lightweight,arman tsarukyan,Arman Tsarukyan,2,2.0,,2026-09-26,Arman Tsarukyan,Lightweight,4.0,3.0,3.0,1.0628871055604048,4.0,2.0
Meta,Lightweight,charles oliveira,Charles Oliveira,3,3.0,,2026-09-26,Charles Oliveira,Lightweight,2.0,2.0,2.0,1.2129965533503415,2.0,-1.0
Meta,Lightweight,max holloway,Max Holloway,4,4.0,,2026-09-26,Max Holloway,Lightweight,3.0,1.0,1.0,1.3420901053051897,3.0,-1.0
Meta,Lightweight,paddy pimblett,Paddy Pimblett,5,5.0,,2026-09-26,Paddy Pimblett,Lightweight,6.0,5.0,8.0,0.7122901681485074,6.0,1.0
Meta,Lightweight,quillan salkilld,Quillan Salkilld,6,6.0,,2026-09-26,Quillan Salkilld,Lightweight,5.0,5.0,8.0,0.713487004118033,5.0,-1.0
Meta,Lightweight,benoit saint denis,Benoît Saint Denis,7,7.0,,2026-09-26,Benoit Saint Denis,Lightweight,11.0,10.0,11.0,0.6265856899051988,11.0,4.0
Meta,Lightweight,renato moicano,Renato Moicano,8,8.0,,2026-09-26,Renato Moicano,Lightweight,7.0,7.0,8.0,0.6963195135140291,7.0,-1.0
Meta,Lightweight,mateusz gamrot,Mateusz Gamrot,9,9.0,,2026-09-26,Mateusz Gamrot,Lightweight,12.0,12.0,12.0,0.5759078776065111,12.0,3.0
Meta,Lightweight,mauricio ruffy,Mauricio Ruffy,10,10.0,,2026-09-26,Mauricio Ruffy,Lightweight,15.0,13.0,17.0,0.3330136041322712,15.0,5.0
Meta,Lightweight,tom nolan,Tom Nolan,11,11.0,,2026-09-26,Tom Nolan,Lightweight,30.0,28.0,32.0,0.1447413913152241,30.0,19.0
Meta,Lightweight,rafael fiziev,Rafael Fiziev,12,12.0,,2026-09-26,Rafael Fiziev,Lightweight,22.0,21.0,23.0,0.2302287345612704,22.0,10.0
Meta,Lightweight,tofiq musayev,Tofiq Musayev,13,13.0,,2026-09-26,Tofiq Musayev,Lightweight,29.0,25.0,29.0,0.1698555443152953,29.0,16.0
Meta,Lightweight,grant dawson,Grant Dawson,14,14.0,,2026-09-26,Grant Dawson,Lightweight,9.0,6.0,10.0,0.6710198830047469,9.0,-5.0
Meta,Lightweight,jalin turner,Jalin Turner,15,15.0,,2026-09-26,Jalin Turner,Lightweight,16.0,13.0,18.0,0.329123166029805,16.0,1.0
Meta,Welterweight,islam makhachev,Islam Makhachev,0,,title holder,,Islam Makhachev,Welterweight,,0.0,0.0,1.4867059785221095,,
Meta,Welterweight,carlos prates,Carlos Prates,1,1.0,,2026-09-26,Carlos Prates,Welterweight,1.0,1.0,1.0,0.8570428653033302,1.0,0.0
Meta,Welterweight,ian machado garry,Ian Machado Garry,2,2.0,,2026-09-26,Ian Machado Garry,Welterweight,4.0,4.0,4.0,0.6780764597189717,4.0,2.0
Meta,Welterweight,michael morales,Michael Morales,3,3.0,,2026-09-26,Michael Morales,Welterweight,2.0,2.0,3.0,0.7813126166559492,2.0,-1.0
Meta,Welterweight,jack della maddalena,Jack Della Maddalena,4,4.0,,2026-09-26,Jack Della Maddalena,Welterweight,8.0,8.0,8.0,0.4754279519041566,8.0,4.0
Meta,Welterweight,sean brady,Sean Brady,5,5.0,,2026-09-26,Sean Brady,Welterweight,3.0,2.0,3.0,0.7968729314159588,3.0,-2.0
Meta,Welterweight,gabriel bonfim,Gabriel Bonfim,6,6.0,,2026-09-26,Gabriel Bonfim,Welterweight,5.0,5.0,6.0,0.5990627895311222,5.0,-1.0
Meta,Welterweight,belal muhammad,Belal Muhammad,7,7.0,,2026-09-26,Belal Muhammad,Welterweight,16.0,12.0,18.0,0.3634634374491156,16.0,9.0
Meta,Welterweight,joaquin buckley,Joaquin Buckley,8,8.0,,2026-09-26,Joaquin Buckley,Welterweight,6.0,5.0,6.0,0.5789971092463122,6.0,-2.0
Meta,Welterweight,uros medic,Uroš Medić,9,9.0,,2026-09-26,Uros Medic,Welterweight,14.0,11.0,16.0,0.3906800549487981,14.0,5.0
Meta,Welterweight,leon edwards,Leon Edwards,10,10.0,,2026-09-26,Leon Edwards,Welterweight,13.0,11.0,15.0,0.3955353655610815,13.0,3.0
Meta,Welterweight,mike malott,Mike Malott,11,11.0,,2026-09-26,Mike Malott,Welterweight,10.0,10.0,14.0,0.4071217933295269,10.0,-1.0
Meta,Welterweight,kamaru usman,Kamaru Usman,12,12.0,,2026-09-26,Kamaru Usman,Welterweight,9.0,7.0,14.0,0.443769556153514,9.0,-3.0
Meta,Welterweight,yaroslav amosov,Yaroslav Amosov,13,13.0,,2026-09-26,Yaroslav Amosov,Welterweight,20.0,19.0,22.0,0.287376330722595,20.0,7.0
Meta,Welterweight,kevin holland,Kevin Holland,14,14.0,,2026-09-26,Kevin Holland,Welterweight,11.0,9.0,10.0,0.4333585362234377,11.0,-3.0
Meta,Welterweight,daniel rodriguez,Daniel Rodriguez,15,15.0,,2026-09-26,Daniel Rodriguez,Welterweight,15.0,12.0,15.0,0.3931189782879188,15.0,0.0
Meta,Middleweight,sean strickland,Sean Strickland,0,,title holder,,Sean Strickland,Middleweight,,0.0,0.0,0.841691570273017,,
Meta,Middleweight,khamzat chimaev,Khamzat Chimaev,1,1.0,,2026-09-26,Khamzat Chimaev,Middleweight,1.0,2.0,2.0,0.8957220677022613,1.0,0.0
Meta,Middleweight,dricus du plessis,Dricus Du Plessis,2,2.0,,2026-09-26,Dricus Du Plessis,Middleweight,2.0,1.0,1.0,0.9903729568487416,2.0,0.0
Meta,Middleweight,nassourdine imavov,Nassourdine Imavov,3,3.0,,2026-09-26,Nassourdine Imavov,Middleweight,3.0,3.0,3.0,0.8241712948902116,3.0,0.0
Meta,Middleweight,joe pyfer,Joe Pyfer,4,4.0,,2026-09-26,Joe Pyfer,Middleweight,5.0,5.0,6.0,0.6996758523954802,5.0,1.0
Meta,Middleweight,brendan allen,Brendan Allen,5,5.0,,2026-09-26,Brendan Allen,Middleweight,4.0,4.0,4.0,0.7717089708030103,4.0,-1.0
Meta,Middleweight,caio borralho,Caio Borralho,6,6.0,,2026-09-26,Caio Borralho,Middleweight,10.0,10.0,11.0,0.4442249823290425,10.0,4.0
Meta,Middleweight,gregory rodrigues,Gregory Rodrigues,7,7.0,,2026-09-26,Gregory Rodrigues,Middleweight,6.0,5.0,7.0,0.6873816793719474,6.0,-1.0
Meta,Middleweight,anthony hernandez,Anthony Hernandez,8,8.0,,2026-09-26,Anthony Hernandez,Middleweight,9.0,9.0,10.0,0.4570049775852783,9.0,1.0
Meta,Middleweight,israel adesanya,Israel Adesanya,9,9.0,,2026-09-26,Israel Adesanya,Middleweight,31.0,30.0,31.0,0.050301996509989,31.0,22.0
Meta,Middleweight,christian leroy duncan,Christian Leroy Duncan,10,10.0,,2026-09-26,Christian Leroy Duncan,Middleweight,8.0,8.0,8.0,0.4793505616855865,8.0,-2.0
Meta,Middleweight,ikram aliskerov,Ikram Aliskerov,11,11.0,,2026-09-26,Ikram Aliskerov,Middleweight,11.0,9.0,11.0,0.4140192825363027,11.0,0.0
Meta,Middleweight,bo nickal,Bo Nickal,12,12.0,,2026-09-26,Bo Nickal,Middleweight,14.0,12.0,16.0,0.32749753846021,14.0,2.0
Meta,Middleweight,abus magomedov,Abus Magomedov,13,13.0,,2026-09-26,Abus Magomedov,Middleweight,20.0,18.0,20.0,0.2443732143769943,20.0,7.0
Meta,Middleweight,edmen shahbazyan,Edmen Shahbazyan,14,14.0,,2026-09-26,Edmen Shahbazyan,Middleweight,13.0,13.0,14.0,0.3405025717560581,13.0,-1.0
Meta,Middleweight,shara magomedov,Shara Magomedov,15,15.0,,2026-09-26,Shara Magomedov,Middleweight,12.0,12.0,13.0,0.380293268275754,12.0,-3.0
Meta,Light Heavyweight,carlos ulberg,Carlos Ulberg,0,,title holder,,Carlos Ulberg,Light Heavyweight,,0.0,0.0,0.7904371979043594,,
Meta,Light Heavyweight,alex pereira,Alex Pereira,1,1.0,,2026-09-26,Alex Pereira,Heavyweight,4.0,1.0,1.0,1.2661831709496123,,
Meta,Light Heavyweight,magomed ankalaev,Magomed Ankalaev,2,2.0,,2026-09-26,Magomed Ankalaev,Light Heavyweight,1.0,1.0,1.0,0.8207881956215353,1.0,-1.0
Meta,Light Heavyweight,jiri prochazka,Jiří Procházka,3,3.0,,2026-09-26,Jiri Prochazka,Light Heavyweight,4.0,2.0,2.0,0.7557469979476128,4.0,1.0
Meta,Light Heavyweight,paulo costa,Paulo Costa,4,4.0,,2026-09-26,Paulo Costa,Light Heavyweight,2.0,3.0,3.0,0.7053098854342125,2.0,-2.0
Meta,Light Heavyweight,jamahal hill,Jamahal Hill,5,5.0,,2026-09-26,Jamahal Hill,Light Heavyweight,28.0,25.0,28.0,-0.0058860695917061,28.0,23.0
Meta,Light Heavyweight,khalil rountree jr,Khalil Rountree Jr.,6,6.0,,2026-09-26,Khalil Rountree Jr.,Light Heavyweight,8.0,8.0,8.0,0.4658007215026384,8.0,2.0
Meta,Light Heavyweight,navajo stirling,Navajo Stirling,7,7.0,,2026-09-26,Navajo Stirling,Light Heavyweight,5.0,4.0,5.0,0.5304542778041486,5.0,-2.0
Meta,Light Heavyweight,dominick reyes,Dominick Reyes,8,8.0,,2026-09-26,Dominick Reyes,Light Heavyweight,3.0,4.0,5.0,0.5720883023630111,3.0,-5.0
Meta,Light Heavyweight,reinier de ridder,Reinier de Ridder,9,9.0,,2026-09-26,Reinier de Ridder,Light Heavyweight,10.0,10.0,10.0,0.4068517937532303,10.0,1.0
Meta,Light Heavyweight,azamat murzakanov,Azamat Murzakanov,10,10.0,,2026-09-26,Azamat Murzakanov,Light Heavyweight,6.0,6.0,6.0,0.5180136612242772,6.0,-4.0
Meta,Light Heavyweight,alonzo menifield,Alonzo Menifield,11,11.0,,2026-09-26,Alonzo Menifield,Light Heavyweight,13.0,15.0,16.0,0.0974580408076304,13.0,2.0
Meta,Light Heavyweight,bogdan guskov,Bogdan Guskov,12,12.0,,2026-09-26,Bogdan Guskov,Light Heavyweight,9.0,9.0,9.0,0.4430737920151277,9.0,-3.0
Meta,Light Heavyweight,robert whittaker,Robert Whittaker,13,13.0,,2026-09-26,Robert Whittaker,Middleweight,7.0,6.0,7.0,0.6792203169634814,,
Meta,Light Heavyweight,johnny walker,Johnny Walker,14,14.0,,2026-09-26,Johnny Walker,Light Heavyweight,15.0,13.0,15.0,0.1132465570407036,15.0,1.0
Meta,Light Heavyweight,muhammad saidov,Muhammad Saidov,15,15.0,,2026-09-26,Muhammad Saidov,Light Heavyweight,12.0,12.0,16.0,0.1504353789533435,12.0,-3.0
Meta,Heavyweight,ciryl gane,Ciryl Gane,0,,title holder,,,,,,,,,
Meta,Heavyweight,tom aspinall,Tom Aspinall,1,1.0,,2026-09-26,Tom Aspinall,Heavyweight,2.0,3.0,3.0,0.9533507626044936,2.0,1.0
Meta,Heavyweight,sergei pavlovich,Sergei Pavlovich,2,2.0,,2026-09-26,Sergei Pavlovich,Heavyweight,3.0,6.0,6.0,0.697254007353898,3.0,1.0
Meta,Heavyweight,alex pereira,Alex Pereira,3,3.0,,2026-09-26,Alex Pereira,Heavyweight,4.0,1.0,1.0,1.2661831709496123,4.0,1.0
Meta,Heavyweight,alexander volkov,Alexander Volkov,4,4.0,,2026-09-26,Alexander Volkov,Heavyweight,1.0,2.0,2.0,1.2172993948276525,1.0,-3.0
Meta,Heavyweight,rizvan kuniev,Rizvan Kuniev,5,5.0,,2026-09-26,Rizvan Kuniev,Heavyweight,12.0,12.0,12.0,0.3128156700925685,12.0,7.0
Meta,Heavyweight,josh hokit,Josh Hokit,6,6.0,,2026-09-26,Josh Hokit,Heavyweight,7.0,7.0,7.0,0.5952825816403756,7.0,1.0
Meta,Heavyweight,curtis blaydes,Curtis Blaydes,7,7.0,,2026-09-26,Curtis Blaydes,Heavyweight,5.0,4.0,5.0,0.8029684128067267,5.0,-2.0
Meta,Heavyweight,waldo cortes acosta,Waldo Cortes Acosta,8,8.0,,2026-09-26,Waldo Cortes Acosta,Heavyweight,6.0,4.0,5.0,0.8041603757742861,6.0,-2.0
Meta,Heavyweight,vitor petrino,Vitor Petrino,9,9.0,,2026-09-26,Vitor Petrino,Heavyweight,10.0,10.0,10.0,0.3543455949367038,10.0,1.0
Meta,Heavyweight,mario pinto,Mario Pinto,10,10.0,,2026-09-26,Mario Pinto,Heavyweight,8.0,8.0,9.0,0.4374974406789137,8.0,-2.0
Meta,Heavyweight,valter walker,Valter Walker,11,11.0,,2026-09-26,Valter Walker,Heavyweight,9.0,8.0,9.0,0.4164548873987435,9.0,-2.0
Meta,Heavyweight,brando pericic,Brando Peričić,12,12.0,,2026-09-26,Brando Pericic,Heavyweight,11.0,11.0,11.0,0.3502959850067023,11.0,-1.0
Meta,Heavyweight,serghei spivac,Serghei Spivac,13,13.0,,2026-09-26,Serghei Spivac,Heavyweight,27.0,26.0,30.0,-0.0394291715300043,27.0,14.0
Meta,Heavyweight,shamil gaziev,Shamil Gaziev,14,14.0,,2026-09-26,Shamil Gaziev,Heavyweight,20.0,21.0,25.0,-0.0002545564921837,20.0,6.0
Meta,Heavyweight,aleksandar rakic,Aleksandar Rakić,15,15.0,,2026-09-26,Aleksandar Rakic,Light Heavyweight,29.0,29.0,30.0,-0.0318524982966436,,
Meta,Women's Strawweight,mackenzie dern,Mackenzie Dern,0,,title holder,,Mackenzie Dern,Women's Strawweight,,0.0,0.0,0.7531453020389066,,
Meta,Women's Strawweight,zhang weili,Zhang Weili,1,1.0,,2026-09-26,Zhang Weili,Women's Strawweight,4.0,1.0,2.0,0.7895648540331555,4.0,3.0
Meta,Women's Strawweight,virna jandiroba,Virna Jandiroba,2,2.0,,2026-09-26,Virna Jandiroba,Women's Strawweight,1.0,1.0,3.0,0.7287802865227881,1.0,-1.0
Meta,Women's Strawweight,tatiana suarez,Tatiana Suarez,3,3.0,,2026-09-26,Tatiana Suarez,Women's Strawweight,2.0,2.0,3.0,0.6792863245819762,2.0,-1.0
Meta,Women's Strawweight,denise gomes,Denise Gomes,4,4.0,,2026-09-26,Denise Gomes,Women's Strawweight,6.0,6.0,7.0,0.4070075774994601,6.0,2.0
Meta,Women's Strawweight,gillian robertson,Gillian Robertson,5,5.0,,2026-09-26,Gillian Robertson,Women's Strawweight,5.0,4.0,4.0,0.4924132273843292,5.0,0.0
Meta,Women's Strawweight,fatima kline,Fatima Kline,6,6.0,,2026-09-26,Fatima Kline,Women's Strawweight,7.0,5.0,7.0,0.3954201795760999,7.0,1.0
Meta,Women's Strawweight,alexia thainara,Alexia Thainara,7,7.0,,2026-09-26,Alexia Thainara,Women's Strawweight,3.0,5.0,6.0,0.4552447791629058,3.0,-4.0
Meta,Women's Strawweight,piera rodriguez,Piera Rodriguez,8,8.0,,2026-09-26,Piera Rodriguez,Women's Strawweight,13.0,13.0,13.0,0.1118558978975033,13.0,5.0
Meta,Women's Strawweight,yan xiaonan,Yan Xiaonan,9,9.0,,2026-09-26,Yan Xiaonan,Women's Strawweight,20.0,18.0,20.0,0.0441503661026769,20.0,11.0
Meta,Women's Strawweight,mizuki inoue,Mizuki,10,10.0,,2026-09-26,Mizuki,Women's Strawweight,19.0,14.0,23.0,0.0483747530896791,19.0,9.0
Meta,Women's Strawweight,loopy godinez,Loopy Godinez,11,11.0,,2026-09-26,Loopy Godinez,Women's Strawweight,14.0,14.0,17.0,0.0883560249306549,14.0,3.0
Meta,Women's Strawweight,tabatha ricci,Tabatha Ricci,12,12.0,,2026-09-26,Tabatha Ricci,Women's Strawweight,18.0,15.0,22.0,0.0573040102521679,18.0,6.0
Meta,Women's Strawweight,jaqueline amorim,Jaqueline Amorim,13,13.0,,2026-09-26,Jaqueline Amorim,Women's Strawweight,8.0,8.0,9.0,0.3212001280056549,8.0,-5.0
Meta,Women's Strawweight,talita alencar,Talita Alencar,14,14.0,,2026-09-26,Talita Alencar,Women's Strawweight,15.0,15.0,17.0,0.0699374631339918,15.0,1.0
Meta,Women's Strawweight,amanda lemos,Amanda Lemos,15,15.0,,2026-09-26,Amanda Lemos,Women's Strawweight,28.0,27.0,30.0,-0.1212641784683132,28.0,13.0
Meta,Women's Flyweight,valentina shevchenko,Valentina Shevchenko,0,,title holder,,Valentina Shevchenko,Women's Flyweight,1.0,1.0,1.0,1.0421460860560177,1.0,
Meta,Women's Flyweight,natalia silva,Natalia Silva,1,1.0,,2026-09-26,Natalia Silva,Women's Flyweight,5.0,2.0,3.0,0.7784087234653518,5.0,4.0
Meta,Women's Flyweight,alexa grasso,Alexa Grasso,2,2.0,,2026-09-26,Alexa Grasso,Women's Flyweight,2.0,6.0,7.0,0.5134699559118767,2.0,0.0
Meta,Women's Flyweight,erin blanchfield,Erin Blanchfield,3,3.0,,2026-09-26,Erin Blanchfield,Women's Flyweight,4.0,2.0,3.0,0.7863703102606872,4.0,1.0
Meta,Women's Flyweight,manon fiorot,Manon Fiorot,4,4.0,,2026-09-26,Manon Fiorot,Women's Flyweight,3.0,5.0,5.0,0.669434445467707,3.0,-1.0
Meta,Women's Flyweight,zhang weili,Zhang Weili,5,5.0,,2026-09-26,Zhang Weili,Women's Strawweight,4.0,1.0,2.0,0.7895648540331555,,
Meta,Women's Flyweight,wang cong,Wang Cong,6,6.0,,2026-09-26,Wang Cong,Women's Flyweight,9.0,9.0,10.0,0.3102700692586375,9.0,3.0
Meta,Women's Flyweight,jasmine jasudavicius,Jasmine Jasudavicius,7,7.0,,2026-09-26,Jasmine Jasudavicius,Women's Flyweight,8.0,8.0,8.0,0.4408007508777288,8.0,1.0
Meta,Women's Flyweight,rose namajunas,Rose Namajunas,8,8.0,,2026-09-26,Rose Namajunas,Women's Flyweight,6.0,4.0,4.0,0.7406155077718988,6.0,-2.0
Meta,Women's Flyweight,maycee barber,Maycee Barber,9,9.0,,2026-09-26,Maycee Barber,Women's Flyweight,7.0,6.0,7.0,0.5590535614115056,7.0,-2.0
Meta,Women's Flyweight,tracy cortez,Tracy Cortez,10,10.0,,2026-09-26,Tracy Cortez,Women's Flyweight,17.0,15.0,17.0,0.0409597103194378,17.0,7.0
Meta,Women's Flyweight,casey oneill,Casey O'Neill,11,11.0,,2026-09-26,Casey O'Neill,Women's Flyweight,10.0,9.0,10.0,0.2979485156047895,10.0,-1.0
Meta,Women's Flyweight,miranda maverick,Miranda Maverick,12,12.0,,2026-09-26,Miranda Maverick,Women's Flyweight,12.0,11.0,12.0,0.2279906642850743,12.0,0.0
Meta,Women's Flyweight,regina tarin,Regina Tarin,13,13.0,,2026-09-26,Regina Tarin,Women's Flyweight,13.0,13.0,16.0,0.1075268817204301,13.0,0.0
Meta,Women's Flyweight,karine silva,Karine Silva,14,14.0,,2026-09-26,Karine Silva,Women's Flyweight,18.0,18.0,20.0,-0.0276943077679333,18.0,4.0
Meta,Women's Flyweight,carli judice,Carli Judice,15,15.0,,2026-09-26,Carli Judice,Women's Flyweight,11.0,11.0,12.0,0.2297743823319469,11.0,-4.0
Meta,Women's Bantamweight,kayla harrison,Kayla Harrison,0,,title holder,,Kayla Harrison,Women's Bantamweight,,0.0,0.0,0.3761591675358851,,
Meta,Women's Bantamweight,joselyne edwards,Joselyne Edwards,1,1.0,,2026-09-26,Joselyne Edwards,Women's Bantamweight,1.0,3.0,3.0,0.3674035119928995,1.0,0.0
Meta,Women's Bantamweight,ailin perez,Ailin Perez,2,2.0,,2026-09-26,Ailin Perez,Women's Bantamweight,2.0,2.0,2.0,0.4769192484967016,2.0,0.0
Meta,Women's Bantamweight,norma dumont,Norma Dumont,3,3.0,,2026-09-26,Norma Dumont,Women's Bantamweight,3.0,1.0,1.0,0.5309985241088622,3.0,0.0
Meta,Women's Bantamweight,luana santos,Luana Santos,4,4.0,,2026-09-26,Luana Santos,Women's Bantamweight,4.0,4.0,5.0,0.2770717659253225,4.0,0.0
Meta,Women's Bantamweight,julianna pena,Julianna Peña,5,5.0,,2026-09-26,Julianna Pena,Women's Bantamweight,10.0,9.0,10.0,0.1167526046124977,10.0,5.0
Meta,Women's Bantamweight,yana santos,Yana Santos,6,6.0,,2026-09-26,Yana Santos,Women's Bantamweight,7.0,7.0,10.0,0.1360634255787865,7.0,1.0
Meta,Women's Bantamweight,jacqueline cavalcanti,Jacqueline Cavalcanti,7,7.0,,2026-09-26,Jacqueline Cavalcanti,Women's Bantamweight,9.0,6.0,9.0,0.1846444221678392,9.0,2.0
Meta,Women's Bantamweight,michelle montague,Michelle Montague,8,8.0,,2026-09-26,Michelle Montague,Women's Bantamweight,11.0,11.0,13.0,0.0808870906643962,11.0,3.0
Meta,Women's Bantamweight,melissa croden,Melissa Croden,9,9.0,,2026-09-26,Melissa Croden,Women's Bantamweight,14.0,14.0,15.0,-0.0495049504950495,14.0,5.0
Meta,Women's Bantamweight,karol rosa,Karol Rosa,10,10.0,,2026-09-26,Karol Rosa,Women's Bantamweight,12.0,12.0,12.0,0.0281520125832324,12.0,2.0
Meta,Women's Bantamweight,beatriz mesquita,Bia Mesquita,11,11.0,,2026-09-26,Bia Mesquita,Women's Bantamweight,6.0,5.0,6.0,0.2609789046804587,6.0,-5.0
Meta,Women's Bantamweight,nora cornolle,Nora Cornolle,12,12.0,,2026-09-26,Nora Cornolle,Women's Bantamweight,17.0,17.0,19.0,-0.2578857394360975,17.0,5.0
Meta,Women's Bantamweight,macy chiasson,Macy Chiasson,13,13.0,,2026-09-26,Macy Chiasson,Women's Bantamweight,8.0,7.0,8.0,0.1865387375605436,8.0,-5.0
Meta,Women's Bantamweight,daria zhelezniakova,Daria Zhelezniakova,14,14.0,,2026-09-26,Daria Zhelezniakova,Women's Bantamweight,20.0,20.0,20.0,-0.3469924671377721,20.0,6.0
Meta,Women's Bantamweight,raquel pennington,Raquel Pennington,15,15.0,,2026-09-26,,,,,,,,
Sherdog,Flyweight,joshua van,Joshua Van,1,,title holder,,Joshua Van,Flyweight,,0.0,0.0,0.7430278052245121,,
Sherdog,Flyweight,alexandre pantoja,Alexandre Pantoja,2,1.0,,2026-09-14,Alexandre Pantoja,Flyweight,4.0,2.0,3.0,0.5842847783514113,4.0,3.0
Sherdog,Flyweight,manel kape,Manel Kape,3,2.0,,2026-09-14,Manel Kape,Flyweight,1.0,1.0,1.0,0.7762966312295587,1.0,-1.0
Sherdog,Flyweight,brandon royval,Brandon Royval,4,3.0,,2026-09-14,Brandon Royval,Flyweight,9.0,8.0,9.0,0.2222169542388872,9.0,6.0
Sherdog,Flyweight,tatsuro taira,Tatsuro Taira,5,4.0,,2026-09-14,Tatsuro Taira,Flyweight,5.0,2.0,6.0,0.5628327534792107,5.0,1.0
Sherdog,Flyweight,kyoji horiguchi,Kyoji Horiguchi,6,5.0,,2026-09-14,Kyoji Horiguchi,Flyweight,2.0,2.0,4.0,0.5872619236510557,2.0,-3.0
Sherdog,Flyweight,loneer kavanagh,Lone'er Kavanagh,7,6.0,,2026-09-14,Lone'er Kavanagh,Flyweight,37.0,34.0,36.0,-0.1713574443318717,37.0,31.0
Sherdog,Flyweight,brandon moreno,Brandon Moreno,8,7.0,,2026-09-14,Brandon Moreno,Flyweight,6.0,5.0,5.0,0.5279770264606788,6.0,-1.0
Sherdog,Flyweight,ramazan temirov,Ramazonbek Temirov,9,8.0,,2026-09-14,Ramazan Temirov,Flyweight,7.0,7.0,7.0,0.2703481726685851,7.0,-1.0
Sherdog,Flyweight,amir albazi,Amir Albazi,10,9.0,,2026-09-14,Amir Albazi,Flyweight,14.0,12.0,18.0,0.1346642066899833,14.0,5.0
Sherdog,Bantamweight,petr yan,Petr Yan,1,,title holder,,Petr Yan,Bantamweight,,0.0,0.0,1.0546904409396378,,
Sherdog,Bantamweight,merab dvalishvili,Merab Dvalishvili,2,1.0,,2026-09-14,Merab Dvalishvili,Bantamweight,1.0,1.0,1.0,1.275399777540033,1.0,0.0
Sherdog,Bantamweight,sean omalley,Sean O'Malley,3,2.0,,2026-09-14,Sean O'Malley,Bantamweight,2.0,3.0,3.0,1.0293383996970982,2.0,0.0
Sherdog,Bantamweight,song yadong,Yadong Song,4,3.0,,2026-09-14,Song Yadong,Bantamweight,3.0,2.0,2.0,1.0986567796920663,3.0,0.0
Sherdog,Bantamweight,umar nurmagomedov,Umar Nurmagomedov,5,4.0,,2026-09-14,Umar Nurmagomedov,Bantamweight,4.0,4.0,4.0,0.9989476189460548,4.0,0.0
Sherdog,Bantamweight,mario bautista,Mario Bautista,6,5.0,,2026-09-14,Mario Bautista,Bantamweight,5.0,5.0,7.0,0.7143060982122355,5.0,0.0
Sherdog,Bantamweight,cory sandhagen,Cory Sandhagen,7,6.0,,2026-09-14,Cory Sandhagen,Bantamweight,9.0,6.0,7.0,0.6618879222901667,9.0,3.0
Sherdog,Bantamweight,david martinez,David Martinez,8,7.0,,2026-09-14,David Martinez,Bantamweight,10.0,9.0,10.0,0.5455439176691441,10.0,3.0
Sherdog,Bantamweight,deiveson figueiredo,Deiveson Figueiredo,9,8.0,,2026-09-14,Deiveson Figueiredo,Bantamweight,34.0,32.0,34.0,0.1512105989766606,34.0,26.0
Sherdog,Bantamweight,mitchell mckee,Mitchell McKee,10,,non-UFC,,,,,,,,,
Sherdog,Featherweight,alexander volkanovski,Alexander Volkanovski,1,,title holder,,Alexander Volkanovski,Featherweight,,0.0,0.0,1.329797236311456,,
Sherdog,Featherweight,movsar evloev,Movsar Evloev,2,1.0,,2026-09-14,Movsar Evloev,Featherweight,1.0,3.0,4.0,0.8178015933129428,1.0,0.0
Sherdog,Featherweight,diego lopes,Diego Lopes,3,2.0,,2026-09-14,Diego Lopes,Featherweight,3.0,2.0,2.0,0.8764091755029237,3.0,1.0
Sherdog,Featherweight,rajabali shaidullaev,Rajabali Shaidullaev,4,,non-UFC,,,,,,,,,
Sherdog,Featherweight,jean silva,Jean Silva,5,3.0,,2026-09-14,Jean Silva,Featherweight,4.0,3.0,4.0,0.8188693822675979,4.0,1.0
Sherdog,Featherweight,lerone murphy,Lerone Murphy,6,4.0,,2026-09-14,Lerone Murphy,Featherweight,7.0,6.0,6.0,0.6767051526289831,7.0,3.0
Sherdog,Featherweight,arnold allen,Arnold Allen,7,5.0,,2026-09-14,Arnold Allen,Featherweight,12.0,12.0,13.0,0.5148223880763728,12.0,7.0
Sherdog,Featherweight,aljamain sterling,Aljamain Sterling,8,6.0,,2026-09-14,Aljamain Sterling,Featherweight,2.0,1.0,1.0,1.2392860523706282,2.0,-4.0
Sherdog,Featherweight,youssef zalal,Youssef Zalal,9,7.0,,2026-09-14,Youssef Zalal,Featherweight,9.0,9.0,9.0,0.6309845838874724,9.0,2.0
Sherdog,Featherweight,steve garcia,Steve Garcia,10,8.0,,2026-09-14,Steve Garcia,Featherweight,13.0,12.0,13.0,0.5127234897191711,13.0,5.0
Sherdog,Lightweight,justin gaethje,Justin Gaethje,1,,title holder,,Justin Gaethje,Lightweight,,0.0,0.0,0.9721853353372788,,
Sherdog,Lightweight,ilia topuria,Ilia Topuria,2,1.0,,2026-09-14,Ilia Topuria,Lightweight,1.0,4.0,4.0,0.96000246267298,1.0,0.0
Sherdog,Lightweight,arman tsarukyan,Arman Tsarukyan,3,2.0,,2026-09-14,Arman Tsarukyan,Lightweight,4.0,3.0,3.0,1.0628871055604048,4.0,2.0
Sherdog,Lightweight,charles oliveira,Charles Oliveira,4,3.0,,2026-09-14,Charles Oliveira,Lightweight,2.0,2.0,2.0,1.2129965533503415,2.0,-1.0
Sherdog,Lightweight,max holloway,Max Holloway,5,4.0,,2026-09-14,Max Holloway,Lightweight,3.0,1.0,1.0,1.3420901053051897,3.0,-1.0
Sherdog,Lightweight,paddy pimblett,Paddy Pimblett,6,5.0,,2026-09-14,Paddy Pimblett,Lightweight,6.0,5.0,8.0,0.7122901681485074,6.0,1.0
Sherdog,Lightweight,usman nurmagomedov,Usman Nurmagomedov,7,,non-UFC,,,,,,,,,
Sherdog,Lightweight,benoit saint denis,Benoit St. Denis,8,6.0,,2026-09-14,Benoit Saint Denis,Lightweight,11.0,10.0,11.0,0.6265856899051988,11.0,5.0
Sherdog,Lightweight,mauricio ruffy,Mauricio Ruffy,9,7.0,,2026-09-14,Mauricio Ruffy,Lightweight,15.0,13.0,17.0,0.3330136041322712,15.0,8.0
Sherdog,Lightweight,salahdine parnasse,Salahdine Parnasse,10,8.0,,2026-09-14,Salahdine Parnasse,Lightweight,33.0,31.0,37.0,0.1075150788334619,33.0,25.0
Sherdog,Welterweight,islam makhachev,Islam Makhachev,1,,title holder,,Islam Makhachev,Welterweight,,0.0,0.0,1.4867059785221095,,
Sherdog,Welterweight,michael morales,Michael Morales,2,1.0,,2026-09-14,Michael Morales,Welterweight,2.0,2.0,3.0,0.7813126166559492,2.0,1.0
Sherdog,Welterweight,ian machado garry,Ian Garry,3,2.0,,2026-09-14,Ian Machado Garry,Welterweight,4.0,4.0,4.0,0.6780764597189717,4.0,2.0
Sherdog,Welterweight,carlos prates,Carlos Prates,4,3.0,,2026-09-14,Carlos Prates,Welterweight,1.0,1.0,1.0,0.8570428653033302,1.0,-2.0
Sherdog,Welterweight,sean brady,Sean Brady,5,4.0,,2026-09-14,Sean Brady,Welterweight,3.0,2.0,3.0,0.7968729314159588,3.0,-1.0
Sherdog,Welterweight,jack della maddalena,Jack Della Maddalena,6,5.0,,2026-09-14,Jack Della Maddalena,Welterweight,8.0,8.0,8.0,0.4754279519041566,8.0,3.0
Sherdog,Welterweight,ramazan kuramagomedov,Ramazan Kuramagomedov,7,,non-UFC,,,,,,,,,
Sherdog,Welterweight,gabriel bonfim,Gabriel Bonfim,8,6.0,,2026-09-14,Gabriel Bonfim,Welterweight,5.0,5.0,6.0,0.5990627895311222,5.0,-1.0
Sherdog,Welterweight,thad jean,Thad Jean,9,,non-UFC,,,,,,,,,
Sherdog,Welterweight,shamil musaev,Shamil Musaev,10,,non-UFC,,,,,,,,,
Sherdog,Middleweight,sean strickland,Sean Strickland,1,,title holder,,Sean Strickland,Middleweight,,0.0,0.0,0.841691570273017,,
Sherdog,Middleweight,khamzat chimaev,Khamzat Chimaev,2,1.0,,2026-09-14,Khamzat Chimaev,Middleweight,1.0,2.0,2.0,0.8957220677022613,1.0,0.0
Sherdog,Middleweight,dricus du plessis,Dricus Du Plessis,3,2.0,,2026-09-14,Dricus Du Plessis,Middleweight,2.0,1.0,1.0,0.9903729568487416,2.0,0.0
Sherdog,Middleweight,nassourdine imavov,Nassourdine Imavov,4,3.0,,2026-09-14,Nassourdine Imavov,Middleweight,3.0,3.0,3.0,0.8241712948902116,3.0,0.0
Sherdog,Middleweight,gregory rodrigues,Gregory Rodrigues,5,4.0,,2026-09-14,Gregory Rodrigues,Middleweight,6.0,5.0,7.0,0.6873816793719474,6.0,2.0
Sherdog,Middleweight,anthony hernandez,Anthony Hernandez,6,5.0,,2026-09-14,Anthony Hernandez,Middleweight,9.0,9.0,10.0,0.4570049775852783,9.0,4.0
Sherdog,Middleweight,brendan allen,Brendan Allen,7,6.0,,2026-09-14,Brendan Allen,Middleweight,4.0,4.0,4.0,0.7717089708030103,4.0,-2.0
Sherdog,Middleweight,caio borralho,Caio Borralho,8,7.0,,2026-09-14,Caio Borralho,Middleweight,10.0,10.0,11.0,0.4442249823290425,10.0,3.0
Sherdog,Middleweight,joe pyfer,Joe Pyfer,9,8.0,,2026-09-14,Joe Pyfer,Middleweight,5.0,5.0,6.0,0.6996758523954802,5.0,-3.0
Sherdog,Middleweight,costello van steenis,Costello van Steenis,10,,non-UFC,,,,,,,,,
Sherdog,Light Heavyweight,alex pereira,Alex Pereira,1,1.0,,2026-09-14,Alex Pereira,Heavyweight,4.0,1.0,1.0,1.2661831709496123,,
Sherdog,Light Heavyweight,magomed ankalaev,Magomed Ankalaev,2,2.0,,2026-09-14,Magomed Ankalaev,Light Heavyweight,1.0,1.0,1.0,0.8207881956215353,1.0,-1.0
Sherdog,Light Heavyweight,carlos ulberg,Carlos Ulberg,3,,title holder,,Carlos Ulberg,Light Heavyweight,,0.0,0.0,0.7904371979043594,,
Sherdog,Light Heavyweight,jiri prochazka,Jiri Prochazka,4,3.0,,2026-09-14,Jiri Prochazka,Light Heavyweight,4.0,2.0,2.0,0.7557469979476128,4.0,1.0
Sherdog,Light Heavyweight,khalil rountree jr,Khalil Rountree,5,4.0,,2026-09-14,Khalil Rountree Jr.,Light Heavyweight,8.0,8.0,8.0,0.4658007215026384,8.0,4.0
Sherdog,Light Heavyweight,paulo costa,Paulo Costa,6,5.0,,2026-09-14,Paulo Costa,Light Heavyweight,2.0,3.0,3.0,0.7053098854342125,2.0,-3.0
Sherdog,Light Heavyweight,azamat murzakanov,Azamat Murzakanov,7,6.0,,2026-09-14,Azamat Murzakanov,Light Heavyweight,6.0,6.0,6.0,0.5180136612242772,6.0,0.0
Sherdog,Light Heavyweight,dominick reyes,Dominick Reyes,8,7.0,,2026-09-14,Dominick Reyes,Light Heavyweight,3.0,4.0,5.0,0.5720883023630111,3.0,-4.0
Sherdog,Light Heavyweight,volkan oezdemir,Volkan Oezdemir,9,8.0,,2026-09-14,Volkan Oezdemir,Light Heavyweight,7.0,7.0,7.0,0.475994804110141,7.0,-1.0
Sherdog,Light Heavyweight,jamahal hill,Jamahal Hill,10,9.0,,2026-09-14,Jamahal Hill,Light Heavyweight,28.0,25.0,28.0,-0.0058860695917061,28.0,19.0
Sherdog,Heavyweight,ciryl gane,Ciryl Gane,1,,title holder,,,,,,,,,
Sherdog,Heavyweight,tom aspinall,Tom Aspinall,2,1.0,,2026-09-14,Tom Aspinall,Heavyweight,2.0,3.0,3.0,0.9533507626044936,2.0,1.0
Sherdog,Heavyweight,francis ngannou,Francis Ngannou,3,,non-UFC,,,,,,,,,
Sherdog,Heavyweight,alexander volkov,Alexander Volkov,4,2.0,,2026-09-14,Alexander Volkov,Heavyweight,1.0,2.0,2.0,1.2172993948276525,1.0,-1.0
Sherdog,Heavyweight,sergei pavlovich,Sergei Pavlovich,5,3.0,,2026-09-14,Sergei Pavlovich,Heavyweight,3.0,6.0,6.0,0.697254007353898,3.0,0.0
Sherdog,Heavyweight,josh hokit,Josh Hokit,6,4.0,,2026-09-14,Josh Hokit,Heavyweight,7.0,7.0,7.0,0.5952825816403756,7.0,3.0
Sherdog,Heavyweight,philip de fries,Phil De Fries,7,,non-UFC,,,,,,,,,
Sherdog,Heavyweight,curtis blaydes,Curtis Blaydes,8,5.0,,2026-09-14,Curtis Blaydes,Heavyweight,5.0,4.0,5.0,0.8029684128067267,5.0,0.0
Sherdog,Heavyweight,waldo cortes acosta,Waldo Cortes-Acosta,9,6.0,,2026-09-14,Waldo Cortes Acosta,Heavyweight,6.0,4.0,5.0,0.8041603757742861,6.0,0.0
Sherdog,Heavyweight,vadim nemkov,Vadim Nemkov,10,,non-UFC,,,,,,,,,
Sherdog,Women's Strawweight,mackenzie dern,Mackenzie Dern,1,,title holder,,Mackenzie Dern,Women's Strawweight,,0.0,0.0,0.7531453020389066,,
Sherdog,Women's Strawweight,virna jandiroba,Virna Jandiroba,2,1.0,,2026-09-14,Virna Jandiroba,Women's Strawweight,1.0,1.0,3.0,0.7287802865227881,1.0,0.0
Sherdog,Women's Strawweight,tatiana suarez,Tatiana Suarez,3,2.0,,2026-09-14,Tatiana Suarez,Women's Strawweight,2.0,2.0,3.0,0.6792863245819762,2.0,0.0
Sherdog,Women's Strawweight,gillian robertson,Gillian Robertson,4,3.0,,2026-09-14,Gillian Robertson,Women's Strawweight,5.0,4.0,4.0,0.4924132273843292,5.0,2.0
Sherdog,Women's Strawweight,denise gomes,Denise Gomes,5,4.0,,2026-09-14,Denise Gomes,Women's Strawweight,6.0,6.0,7.0,0.4070075774994601,6.0,2.0
Sherdog,Women's Strawweight,yan xiaonan,Xiaonan Yan,6,5.0,,2026-09-14,Yan Xiaonan,Women's Strawweight,20.0,18.0,20.0,0.0441503661026769,20.0,15.0
Sherdog,Women's Strawweight,alexia thainara,Alexia Thainara,7,6.0,,2026-09-14,Alexia Thainara,Women's Strawweight,3.0,5.0,6.0,0.4552447791629058,3.0,-3.0
Sherdog,Women's Strawweight,fatima kline,Fatima Kline,8,7.0,,2026-09-14,Fatima Kline,Women's Strawweight,7.0,5.0,7.0,0.3954201795760999,7.0,0.0
Sherdog,Women's Strawweight,amanda lemos,Amanda Lemos,9,8.0,,2026-09-14,Amanda Lemos,Women's Strawweight,28.0,27.0,30.0,-0.1212641784683132,28.0,20.0
Sherdog,Women's Strawweight,iasmin lucindo,Iasmin Lucindo,10,9.0,,2026-09-14,Iasmin Lucindo,Women's Strawweight,9.0,8.0,9.0,0.32046175648637,9.0,0.0
Sherdog,Women's Flyweight,valentina shevchenko,Valentina Shevchenko,1,1.0,,2026-09-14,Valentina Shevchenko,Women's Flyweight,1.0,1.0,1.0,1.0421460860560177,1.0,0.0
Sherdog,Women's Flyweight,natalia silva,Natalia Silva,2,2.0,,2026-09-14,Natalia Silva,Women's Flyweight,5.0,2.0,3.0,0.7784087234653518,5.0,3.0
Sherdog,Women's Flyweight,alexa grasso,Alexa Grasso,3,3.0,,2026-09-14,Alexa Grasso,Women's Flyweight,2.0,6.0,7.0,0.5134699559118767,2.0,-1.0
Sherdog,Women's Flyweight,manon fiorot,Manon Fiorot,4,4.0,,2026-09-14,Manon Fiorot,Women's Flyweight,3.0,5.0,5.0,0.669434445467707,3.0,-1.0
Sherdog,Women's Flyweight,erin blanchfield,Erin Blanchfield,5,5.0,,2026-09-14,Erin Blanchfield,Women's Flyweight,4.0,2.0,3.0,0.7863703102606872,4.0,-1.0
Sherdog,Women's Flyweight,dakota ditcheva,Dakota Ditcheva,6,,non-UFC,,,,,,,,,
Sherdog,Women's Flyweight,liz carmouche,Liz Carmouche,7,,non-UFC,,,,,,,,,
Sherdog,Women's Flyweight,maycee barber,Maycee Barber,8,6.0,,2026-09-14,Maycee Barber,Women's Flyweight,7.0,6.0,7.0,0.5590535614115056,7.0,1.0
Sherdog,Women's Flyweight,jasmine jasudavicius,Jasmine Jasudavicius,9,7.0,,2026-09-14,Jasmine Jasudavicius,Women's Flyweight,8.0,8.0,8.0,0.4408007508777288,8.0,1.0
Sherdog,Women's Flyweight,sabrinna de sousa,Sabrinna De Sousa,10,,non-UFC,,,,,,,,,
Sherdog,Women's Bantamweight,kayla harrison,Kayla Harrison,1,,title holder,,Kayla Harrison,Women's Bantamweight,,0.0,0.0,0.3761591675358851,,
Sherdog,Women's Bantamweight,julianna pena,Julianna Pena,2,1.0,,2026-09-14,Julianna Pena,Women's Bantamweight,10.0,9.0,10.0,0.1167526046124977,10.0,9.0
Sherdog,Women's Bantamweight,ailin perez,Ailin Perez,3,2.0,,2026-09-14,Ailin Perez,Women's Bantamweight,2.0,2.0,2.0,0.4769192484967016,2.0,0.0
Sherdog,Women's Bantamweight,joselyne edwards,Joselyne Edwards,4,3.0,,2026-09-14,Joselyne Edwards,Women's Bantamweight,1.0,3.0,3.0,0.3674035119928995,1.0,-2.0
Sherdog,Women's Bantamweight,yana santos,Yana Santos,5,4.0,,2026-09-14,Yana Santos,Women's Bantamweight,7.0,7.0,10.0,0.1360634255787865,7.0,3.0
Sherdog,Women's Bantamweight,norma dumont,Norma Dumont,6,5.0,,2026-09-14,Norma Dumont,Women's Bantamweight,3.0,1.0,1.0,0.5309985241088622,3.0,-2.0
Sherdog,Women's Bantamweight,ketlen vieira,Ketlen Vieira,7,6.0,,2026-09-14,Ketlen Vieira,Women's Bantamweight,5.0,4.0,8.0,0.2617874806092217,5.0,-1.0
Sherdog,Women's Bantamweight,luana santos,Luana Santos,8,7.0,,2026-09-14,Luana Santos,Women's Bantamweight,4.0,4.0,5.0,0.2770717659253225,4.0,-3.0
Sherdog,Women's Bantamweight,beatriz mesquita,Beatriz Mesquita,9,8.0,,2026-09-14,Bia Mesquita,Women's Bantamweight,6.0,5.0,6.0,0.2609789046804587,6.0,-2.0
Sherdog,Women's Bantamweight,karol rosa,Karol Rosa,10,9.0,,2026-09-14,Karol Rosa,Women's Bantamweight,12.0,12.0,12.0,0.0281520125832324,12.0,3.0
Fight Matrix,Flyweight,joshua van,Joshua Van,1,,title holder,,Joshua Van,Flyweight,,0.0,0.0,0.7430278052245121,,
Fight Matrix,Flyweight,manel kape,Manel Kape,2,1.0,,2026-09-27,Manel Kape,Flyweight,1.0,1.0,1.0,0.7762966312295587,1.0,0.0
Fight Matrix,Flyweight,alexandre pantoja,Alexandre Pantoja,3,2.0,,2026-09-27,Alexandre Pantoja,Flyweight,4.0,2.0,3.0,0.5842847783514113,4.0,2.0
Fight Matrix,Flyweight,tatsuro taira,Tatsuro Taira,4,3.0,,2026-09-27,Tatsuro Taira,Flyweight,5.0,2.0,6.0,0.5628327534792107,5.0,2.0
Fight Matrix,Flyweight,brandon royval,Brandon Royval,5,4.0,,2026-09-27,Brandon Royval,Flyweight,9.0,8.0,9.0,0.2222169542388872,9.0,5.0
Fight Matrix,Flyweight,kyoji horiguchi,Kyoji Horiguchi,6,5.0,,2026-09-27,Kyoji Horiguchi,Flyweight,2.0,2.0,4.0,0.5872619236510557,2.0,-3.0
Fight Matrix,Flyweight,loneer kavanagh,Loneer Kavanagh,7,6.0,,2026-09-27,Lone'er Kavanagh,Flyweight,37.0,34.0,36.0,-0.1713574443318717,37.0,31.0
Fight Matrix,Flyweight,brandon moreno,Brandon Moreno,8,7.0,,2026-09-27,Brandon Moreno,Flyweight,6.0,5.0,5.0,0.5279770264606788,6.0,-1.0
Fight Matrix,Flyweight,ramazan temirov,Ramazonbek Temirov,9,8.0,,2026-09-27,Ramazan Temirov,Flyweight,7.0,7.0,7.0,0.2703481726685851,7.0,-1.0
Fight Matrix,Flyweight,steve erceg,Steve Erceg,10,9.0,,2026-09-27,Steve Erceg,Flyweight,28.0,27.0,29.0,-0.0355015257372563,28.0,19.0
Fight Matrix,Flyweight,asu almabayev,Asu Almabayev,11,10.0,,2026-09-27,Asu Almabayev,Flyweight,3.0,4.0,6.0,0.4914214831756346,3.0,-7.0
Fight Matrix,Flyweight,tim elliott,Tim Elliott,12,11.0,,2026-09-27,Tim Elliott,Flyweight,8.0,8.0,10.0,0.2280897045067748,8.0,-3.0
Fight Matrix,Flyweight,joshua pacio,Joshua Pacio,13,,non-UFC,,,,,,,,,
Fight Matrix,Flyweight,anatoliy kondratyev,Anatoliy Kondratyev,14,,non-UFC,,,,,,,,,
Fight Matrix,Flyweight,tagir ulanbekov,Tagir Ulanbekov,15,12.0,,2026-09-27,Tagir Ulanbekov,Flyweight,12.0,11.0,12.0,0.1786613298394126,12.0,0.0
Fight Matrix,Bantamweight,petr yan,Petr Yan,1,,title holder,,Petr Yan,Bantamweight,,0.0,0.0,1.0546904409396378,,
Fight Matrix,Bantamweight,merab dvalishvili,Merab Dvalishvili,2,1.0,,2026-09-27,Merab Dvalishvili,Bantamweight,1.0,1.0,1.0,1.275399777540033,1.0,0.0
Fight Matrix,Bantamweight,sean omalley,Sean O'Malley,3,2.0,,2026-09-27,Sean O'Malley,Bantamweight,2.0,3.0,3.0,1.0293383996970982,2.0,0.0
Fight Matrix,Bantamweight,song yadong,Yadong Song,4,3.0,,2026-09-27,Song Yadong,Bantamweight,3.0,2.0,2.0,1.0986567796920663,3.0,0.0
Fight Matrix,Bantamweight,umar nurmagomedov,Umar Nurmagomedov,5,4.0,,2026-09-27,Umar Nurmagomedov,Bantamweight,4.0,4.0,4.0,0.9989476189460548,4.0,0.0
Fight Matrix,Bantamweight,mario bautista,Mario Bautista,6,5.0,,2026-09-27,Mario Bautista,Bantamweight,5.0,5.0,7.0,0.7143060982122355,5.0,0.0
Fight Matrix,Bantamweight,cory sandhagen,Cory Sandhagen,7,6.0,,2026-09-27,Cory Sandhagen,Bantamweight,9.0,6.0,7.0,0.6618879222901667,9.0,3.0
Fight Matrix,Bantamweight,david martinez,David Martinez,8,7.0,,2026-09-27,David Martinez,Bantamweight,10.0,9.0,10.0,0.5455439176691441,10.0,3.0
Fight Matrix,Bantamweight,aiemann zahabi,Aiemann Zahabi,9,8.0,,2026-09-27,Aiemann Zahabi,Bantamweight,22.0,20.0,27.0,0.3110259120233033,22.0,14.0
Fight Matrix,Bantamweight,deiveson figueiredo,Deiveson Figueiredo,10,9.0,,2026-09-27,Deiveson Figueiredo,Bantamweight,34.0,32.0,34.0,0.1512105989766606,34.0,25.0
Fight Matrix,Bantamweight,payton talbott,Payton Talbott,11,10.0,,2026-09-27,Payton Talbott,Bantamweight,15.0,13.0,18.0,0.4000235180247389,15.0,5.0
Fight Matrix,Bantamweight,marlon vera,Marlon Vera,12,11.0,,2026-09-27,Marlon Vera,Bantamweight,23.0,21.0,25.0,0.2711544021401537,23.0,12.0
Fight Matrix,Bantamweight,jakub wiklacz,Jakub Wiklacz,13,12.0,,2026-09-27,Jakub Wiklacz,Bantamweight,35.0,33.0,36.0,0.1294502980961065,35.0,23.0
Fight Matrix,Bantamweight,mitchell mckee,Mitchell McKee,14,,non-UFC,,,,,,,,,
Fight Matrix,Bantamweight,sergio pettis,Sergio Pettis,15,,non-UFC,,,,,,,,,
Fight Matrix,Featherweight,alexander volkanovski,Alexander Volkanovski,1,,title holder,,Alexander Volkanovski,Featherweight,,0.0,0.0,1.329797236311456,,
Fight Matrix,Featherweight,aljamain sterling,Aljamain Sterling,2,1.0,,2026-09-20,Aljamain Sterling,Featherweight,2.0,1.0,1.0,1.2392860523706282,2.0,1.0
Fight Matrix,Featherweight,diego lopes,Diego Lopes,3,2.0,,2026-09-20,Diego Lopes,Featherweight,3.0,2.0,2.0,0.8764091755029237,3.0,1.0
Fight Matrix,Featherweight,movsar evloev,Movsar Evloev,4,3.0,,2026-09-20,Movsar Evloev,Featherweight,1.0,3.0,4.0,0.8178015933129428,1.0,-2.0
Fight Matrix,Featherweight,rajabali shaidullaev,Rajabali Shaidullaev,5,,non-UFC,,,,,,,,,
Fight Matrix,Featherweight,lerone murphy,Lerone Murphy,6,4.0,,2026-09-20,Lerone Murphy,Featherweight,7.0,6.0,6.0,0.6767051526289831,7.0,3.0
Fight Matrix,Featherweight,aj mckee,A.J. McKee,7,,non-UFC,,,,,,,,,
Fight Matrix,Featherweight,arnold allen,Arnold Allen,8,5.0,,2026-09-20,Arnold Allen,Featherweight,12.0,12.0,13.0,0.5148223880763728,12.0,7.0
Fight Matrix,Featherweight,jean silva,Jean Silva,9,6.0,,2026-09-20,Jean Silva,Featherweight,4.0,3.0,4.0,0.8188693822675979,4.0,-2.0
Fight Matrix,Featherweight,brian ortega,Brian Ortega,10,7.0,,2026-09-20,Brian Ortega,Featherweight,29.0,28.0,40.0,0.1154807652095319,29.0,22.0
Fight Matrix,Featherweight,youssef zalal,Youssef Zalal,11,8.0,,2026-09-20,Youssef Zalal,Featherweight,9.0,9.0,9.0,0.6309845838874724,9.0,1.0
Fight Matrix,Featherweight,movlid khaybulaev,Movlid Khaybulaev,12,,non-UFC,,,,,,,,,
Fight Matrix,Featherweight,patricio freire,Patricio Freire,13,9.0,,2026-09-20,Patricio Pitbull,Featherweight,45.0,43.0,49.0,-0.0256184104767068,45.0,36.0
Fight Matrix,Featherweight,patricio freire,Patricio Freire,13,9.0,,2026-09-20,Patricio Freire,Featherweight,49.0,47.0,54.0,-0.0632996403201254,49.0,40.0
Fight Matrix,Featherweight,aaron pico,Aaron Pico,14,10.0,,2026-09-20,Aaron Pico,Featherweight,52.0,50.0,52.0,-0.0761490131105736,52.0,42.0
Fight Matrix,Featherweight,steve garcia,Steve Garcia,15,11.0,,2026-09-20,Steve Garcia,Featherweight,13.0,12.0,13.0,0.5127234897191711,13.0,2.0
Fight Matrix,Lightweight,justin gaethje,Justin Gaethje,1,,title holder,,Justin Gaethje,Lightweight,,0.0,0.0,0.9721853353372788,,
Fight Matrix,Lightweight,ilia topuria,Ilia Topuria,2,1.0,,2026-09-27,Ilia Topuria,Lightweight,1.0,4.0,4.0,0.96000246267298,1.0,0.0
Fight Matrix,Lightweight,charles oliveira,Charles Oliveira,3,2.0,,2026-09-27,Charles Oliveira,Lightweight,2.0,2.0,2.0,1.2129965533503415,2.0,0.0
Fight Matrix,Lightweight,arman tsarukyan,Arman Tsarukyan,4,3.0,,2026-09-27,Arman Tsarukyan,Lightweight,4.0,3.0,3.0,1.0628871055604048,4.0,1.0
Fight Matrix,Lightweight,max holloway,Max Holloway,5,4.0,,2026-09-27,Max Holloway,Lightweight,3.0,1.0,1.0,1.3420901053051897,3.0,-1.0
Fight Matrix,Lightweight,usman nurmagomedov,Usman Nurmagomedov,6,,non-UFC,,,,,,,,,
Fight Matrix,Lightweight,paddy pimblett,Paddy Pimblett,7,5.0,,2026-09-27,Paddy Pimblett,Lightweight,6.0,5.0,8.0,0.7122901681485074,6.0,1.0
Fight Matrix,Lightweight,quillan salkilld,Quillan Salkilld,8,6.0,,2026-09-27,Quillan Salkilld,Lightweight,5.0,5.0,8.0,0.713487004118033,5.0,-1.0
Fight Matrix,Lightweight,mauricio ruffy,Mauricio Ruffy,9,7.0,,2026-09-27,Mauricio Ruffy,Lightweight,15.0,13.0,17.0,0.3330136041322712,15.0,8.0
Fight Matrix,Lightweight,benoit saint denis,Benoit St. Denis,10,8.0,,2026-09-27,Benoit Saint Denis,Lightweight,11.0,10.0,11.0,0.6265856899051988,11.0,3.0
Fight Matrix,Lightweight,rafael fiziev,Rafael Fiziev,11,9.0,,2026-09-27,Rafael Fiziev,Lightweight,22.0,21.0,23.0,0.2302287345612704,22.0,13.0
Fight Matrix,Lightweight,renato carneiro,Renato Carneiro,12,,non-UFC,,,,,,,,,
Fight Matrix,Lightweight,mateusz gamrot,Mateusz Gamrot,13,10.0,,2026-09-27,Mateusz Gamrot,Lightweight,12.0,12.0,12.0,0.5759078776065111,12.0,2.0
Fight Matrix,Lightweight,abdul aziz abdulvakhabov,Abdul-Aziz Abdulvakhabov,14,,non-UFC,,,,,,,,,
Fight Matrix,Lightweight,salahdine parnasse,Salahdine Parnasse,15,11.0,,2026-09-27,Salahdine Parnasse,Lightweight,33.0,31.0,37.0,0.1075150788334619,33.0,22.0
Fight Matrix,Welterweight,islam makhachev,Islam Makhachev,1,,title holder,,Islam Makhachev,Welterweight,,0.0,0.0,1.4867059785221095,,
Fight Matrix,Welterweight,michael morales,Michael Morales,2,1.0,,2026-09-20,Michael Morales,Welterweight,2.0,2.0,3.0,0.7813126166559492,2.0,1.0
Fight Matrix,Welterweight,carlos prates,Carlos Prates,3,2.0,,2026-09-20,Carlos Prates,Welterweight,1.0,1.0,1.0,0.8570428653033302,1.0,-1.0
Fight Matrix,Welterweight,sean brady,Sean Brady,4,3.0,,2026-09-20,Sean Brady,Welterweight,3.0,2.0,3.0,0.7968729314159588,3.0,0.0
Fight Matrix,Welterweight,ian machado garry,Ian Garry,5,4.0,,2026-09-20,Ian Machado Garry,Welterweight,4.0,4.0,4.0,0.6780764597189717,4.0,0.0
Fight Matrix,Welterweight,kamaru usman,Kamaru Usman,6,5.0,,2026-09-20,Kamaru Usman,Welterweight,9.0,7.0,14.0,0.443769556153514,9.0,4.0
Fight Matrix,Welterweight,jack della maddalena,Jack Della Maddalena,7,6.0,,2026-09-20,Jack Della Maddalena,Welterweight,8.0,8.0,8.0,0.4754279519041566,8.0,2.0
Fight Matrix,Welterweight,gabriel bonfim,Gabriel Bonfim,8,7.0,,2026-09-20,Gabriel Bonfim,Welterweight,5.0,5.0,6.0,0.5990627895311222,5.0,-2.0
Fight Matrix,Welterweight,leon edwards,Leon Edwards,9,8.0,,2026-09-20,Leon Edwards,Welterweight,13.0,11.0,15.0,0.3955353655610815,13.0,5.0
Fight Matrix,Welterweight,belal muhammad,Belal Muhammad,10,9.0,,2026-09-20,Belal Muhammad,Welterweight,16.0,12.0,18.0,0.3634634374491156,16.0,7.0
Fight Matrix,Welterweight,joaquin buckley,Joaquin Buckley,11,10.0,,2026-09-20,Joaquin Buckley,Welterweight,6.0,5.0,6.0,0.5789971092463122,6.0,-4.0
Fight Matrix,Welterweight,ramazan kuramagomedov,Ramazan Kuramagomedov,12,,non-UFC,,,,,,,,,
Fight Matrix,Welterweight,uros medic,Uros Medic,13,11.0,,2026-09-20,Uros Medic,Welterweight,14.0,11.0,16.0,0.3906800549487981,14.0,3.0
Fight Matrix,Welterweight,yaroslav amosov,Yaroslav Amosov,14,12.0,,2026-09-20,Yaroslav Amosov,Welterweight,20.0,19.0,22.0,0.287376330722595,20.0,8.0
Fight Matrix,Welterweight,thad jean,Thad Jean,15,,non-UFC,,,,,,,,,
Fight Matrix,Middleweight,sean strickland,Sean Strickland,1,,title holder,,Sean Strickland,Middleweight,,0.0,0.0,0.841691570273017,,
Fight Matrix,Middleweight,khamzat chimaev,Khamzat Chimaev,2,1.0,,2026-09-27,Khamzat Chimaev,Middleweight,1.0,2.0,2.0,0.8957220677022613,1.0,0.0
Fight Matrix,Middleweight,dricus du plessis,Dricus Du Plessis,3,2.0,,2026-09-27,Dricus Du Plessis,Middleweight,2.0,1.0,1.0,0.9903729568487416,2.0,0.0
Fight Matrix,Middleweight,nassourdine imavov,Nassourdine Imavov,4,3.0,,2026-09-27,Nassourdine Imavov,Middleweight,3.0,3.0,3.0,0.8241712948902116,3.0,0.0
Fight Matrix,Middleweight,joe pyfer,Joe Pyfer,5,4.0,,2026-09-27,Joe Pyfer,Middleweight,5.0,5.0,6.0,0.6996758523954802,5.0,1.0
Fight Matrix,Middleweight,costello van steenis,Costello Van Steenis,6,,non-UFC,,,,,,,,,
Fight Matrix,Middleweight,brendan allen,Brendan Allen,7,5.0,,2026-09-27,Brendan Allen,Middleweight,4.0,4.0,4.0,0.7717089708030103,4.0,-1.0
Fight Matrix,Middleweight,caio borralho,Caio Borralho,8,6.0,,2026-09-27,Caio Borralho,Middleweight,10.0,10.0,11.0,0.4442249823290425,10.0,4.0
Fight Matrix,Middleweight,gregory rodrigues,Gregory Rodrigues,9,7.0,,2026-09-27,Gregory Rodrigues,Middleweight,6.0,5.0,7.0,0.6873816793719474,6.0,-1.0
Fight Matrix,Middleweight,johnny eblen,Johnny Eblen,10,,non-UFC,,,,,,,,,
Fight Matrix,Middleweight,christian leroy duncan,Christian Leroy Duncan,11,8.0,,2026-09-27,Christian Leroy Duncan,Middleweight,8.0,8.0,8.0,0.4793505616855865,8.0,0.0
Fight Matrix,Middleweight,michael page,Michael Page,12,9.0,,2026-09-27,Michael Page,Middleweight,17.0,17.0,19.0,0.272673949962337,17.0,8.0
Fight Matrix,Middleweight,anthony hernandez,Anthony Hernandez,13,10.0,,2026-09-27,Anthony Hernandez,Middleweight,9.0,9.0,10.0,0.4570049775852783,9.0,-1.0
Fight Matrix,Middleweight,israel adesanya,Israel Adesanya,14,11.0,,2026-09-27,Israel Adesanya,Middleweight,31.0,30.0,31.0,0.050301996509989,31.0,20.0
Fight Matrix,Middleweight,fabian edwards,Fabian Edwards,15,,non-UFC,,,,,,,,,
Fight Matrix,Light Heavyweight,alex pereira,Alex Pereira,1,1.0,,2026-09-20,Alex Pereira,Heavyweight,4.0,1.0,1.0,1.2661831709496123,,
Fight Matrix,Light Heavyweight,magomed ankalaev,Magomed Ankalaev,2,2.0,,2026-09-20,Magomed Ankalaev,Light Heavyweight,1.0,1.0,1.0,0.8207881956215353,1.0,-1.0
Fight Matrix,Light Heavyweight,carlos ulberg,Carlos Ulberg,3,,title holder,,Carlos Ulberg,Light Heavyweight,,0.0,0.0,0.7904371979043594,,
Fight Matrix,Light Heavyweight,jiri prochazka,Jiri Prochazka,4,3.0,,2026-09-20,Jiri Prochazka,Light Heavyweight,4.0,2.0,2.0,0.7557469979476128,4.0,1.0
Fight Matrix,Light Heavyweight,corey anderson,Corey Anderson,5,,non-UFC,,,,,,,,,
Fight Matrix,Light Heavyweight,paulo costa,Paulo Costa,6,4.0,,2026-09-20,Paulo Costa,Light Heavyweight,2.0,3.0,3.0,0.7053098854342125,2.0,-2.0
Fight Matrix,Light Heavyweight,navajo stirling,Navajo Stirling,7,5.0,,2026-09-20,Navajo Stirling,Light Heavyweight,5.0,4.0,5.0,0.5304542778041486,5.0,0.0
Fight Matrix,Light Heavyweight,robert whittaker,Robert Whittaker,8,6.0,,2026-09-20,Robert Whittaker,Middleweight,7.0,6.0,7.0,0.6792203169634814,,
Fight Matrix,Light Heavyweight,reinier de ridder,Reinier de Ridder,9,7.0,,2026-09-20,Reinier de Ridder,Light Heavyweight,10.0,10.0,10.0,0.4068517937532303,10.0,3.0
Fight Matrix,Light Heavyweight,khalil rountree jr,Khalil Rountree,10,8.0,,2026-09-20,Khalil Rountree Jr.,Light Heavyweight,8.0,8.0,8.0,0.4658007215026384,8.0,0.0
Fight Matrix,Light Heavyweight,jan blachowicz,Jan Blachowicz,11,9.0,,2026-09-20,Jan Blachowicz,Light Heavyweight,23.0,18.0,26.0,0.0283689098771582,23.0,14.0
Fight Matrix,Light Heavyweight,dominick reyes,Dominick Reyes,12,10.0,,2026-09-20,Dominick Reyes,Light Heavyweight,3.0,4.0,5.0,0.5720883023630111,3.0,-7.0
Fight Matrix,Light Heavyweight,bogdan guskov,Bogdan Guskov,13,11.0,,2026-09-20,Bogdan Guskov,Light Heavyweight,9.0,9.0,9.0,0.4430737920151277,9.0,-2.0
Fight Matrix,Light Heavyweight,volkan oezdemir,Volkan Oezdemir,14,12.0,,2026-09-20,Volkan Oezdemir,Light Heavyweight,7.0,7.0,7.0,0.475994804110141,7.0,-5.0
Fight Matrix,Light Heavyweight,roman dolidze,Roman Dolidze,15,13.0,,2026-09-20,Roman Dolidze,Middleweight,27.0,25.0,29.0,0.0861352247706086,,
Fight Matrix,Heavyweight,ciryl gane,Ciryl Gane,1,,title holder,,,,,,,,,
Fight Matrix,Heavyweight,alexander volkov,Alexander Volkov,2,1.0,,2026-09-20,Alexander Volkov,Heavyweight,1.0,2.0,2.0,1.2172993948276525,1.0,0.0
Fight Matrix,Heavyweight,tom aspinall,Tom Aspinall,3,2.0,,2026-09-20,Tom Aspinall,Heavyweight,2.0,3.0,3.0,0.9533507626044936,2.0,0.0
Fight Matrix,Heavyweight,sergei pavlovich,Sergei Pavlovich,4,3.0,,2026-09-20,Sergei Pavlovich,Heavyweight,3.0,6.0,6.0,0.697254007353898,3.0,0.0
Fight Matrix,Heavyweight,francis ngannou,Francis Ngannou,5,,non-UFC,,,,,,,,,
Fight Matrix,Heavyweight,vadim nemkov,Vadim Nemkov,6,,non-UFC,,,,,,,,,
Fight Matrix,Heavyweight,rizvan kuniev,Rizvan Kuniev,7,4.0,,2026-09-20,Rizvan Kuniev,Heavyweight,12.0,12.0,12.0,0.3128156700925685,12.0,8.0
Fight Matrix,Heavyweight,josh hokit,Josh Hokit,8,5.0,,2026-09-20,Josh Hokit,Heavyweight,7.0,7.0,7.0,0.5952825816403756,7.0,2.0
Fight Matrix,Heavyweight,curtis blaydes,Curtis Blaydes,9,6.0,,2026-09-20,Curtis Blaydes,Heavyweight,5.0,4.0,5.0,0.8029684128067267,5.0,-1.0
Fight Matrix,Heavyweight,evgeniy goncharov,Evgeniy Goncharov,10,,non-UFC,,,,,,,,,
Fight Matrix,Heavyweight,waldo cortes acosta,Waldo Cortes-Acosta,11,7.0,,2026-09-20,Waldo Cortes Acosta,Heavyweight,6.0,4.0,5.0,0.8041603757742861,6.0,-1.0
Fight Matrix,Heavyweight,jailton almeida,Jailton Almeida,12,,non-UFC,,,,,,,,,
Fight Matrix,Heavyweight,vitor petrino,Vitor Petrino,13,8.0,,2026-09-20,Vitor Petrino,Heavyweight,10.0,10.0,10.0,0.3543455949367038,10.0,2.0
Fight Matrix,Heavyweight,denis goltsov,Denis Goltsov,14,,non-UFC,,,,,,,,,
Fight Matrix,Heavyweight,serghei spivac,Serghei Spivac,15,9.0,,2026-09-20,Serghei Spivac,Heavyweight,27.0,26.0,30.0,-0.0394291715300043,27.0,18.0
Fight Matrix,Women's Strawweight,zhang weili,Weili Zhang,1,1.0,,2026-08-09,Zhang Weili,Women's Strawweight,4.0,1.0,2.0,0.7895648540331555,4.0,3.0
Fight Matrix,Women's Strawweight,mackenzie dern,Mackenzie Dern,2,,title holder,,Mackenzie Dern,Women's Strawweight,,0.0,0.0,0.7531453020389066,,
Fight Matrix,Women's Strawweight,virna jandiroba,Virna Jandiroba,3,2.0,,2026-08-09,Virna Jandiroba,Women's Strawweight,1.0,1.0,3.0,0.7287802865227881,1.0,-1.0
Fight Matrix,Women's Strawweight,tatiana suarez,Tatiana Suarez,4,3.0,,2026-08-09,Tatiana Suarez,Women's Strawweight,2.0,2.0,3.0,0.6792863245819762,2.0,-1.0
Fight Matrix,Women's Strawweight,gillian robertson,Gillian Robertson,5,4.0,,2026-08-09,Gillian Robertson,Women's Strawweight,5.0,4.0,4.0,0.4924132273843292,5.0,1.0
Fight Matrix,Women's Strawweight,fatima kline,Fatima Kline,6,5.0,,2026-08-09,Fatima Kline,Women's Strawweight,7.0,5.0,7.0,0.3954201795760999,7.0,2.0
Fight Matrix,Women's Strawweight,alexia thainara,Alexia Thainara,7,6.0,,2026-08-09,Alexia Thainara,Women's Strawweight,3.0,5.0,6.0,0.4552447791629058,3.0,-3.0
Fight Matrix,Women's Strawweight,denise gomes,Denise Gomes,8,7.0,,2026-08-09,Denise Gomes,Women's Strawweight,6.0,6.0,7.0,0.4070075774994601,6.0,-1.0
Fight Matrix,Women's Strawweight,tabatha ricci,Tabatha Ricci,9,8.0,,2026-08-09,Tabatha Ricci,Women's Strawweight,18.0,15.0,22.0,0.0573040102521679,18.0,10.0
Fight Matrix,Women's Strawweight,amanda lemos,Amanda Lemos,10,9.0,,2026-08-09,Amanda Lemos,Women's Strawweight,28.0,27.0,30.0,-0.1212641784683132,28.0,19.0
Fight Matrix,Women's Strawweight,iasmin lucindo,Iasmin Lucindo,11,10.0,,2026-08-09,Iasmin Lucindo,Women's Strawweight,9.0,8.0,9.0,0.32046175648637,9.0,-1.0
Fight Matrix,Women's Strawweight,loopy godinez,Lupita Godinez,12,11.0,,2026-08-09,Loopy Godinez,Women's Strawweight,14.0,14.0,17.0,0.0883560249306549,14.0,3.0
Fight Matrix,Women's Strawweight,tecia pennington,Tecia Pennington,13,12.0,,2026-08-09,Tecia Pennington,Women's Strawweight,21.0,16.0,22.0,0.0324689274142139,21.0,9.0
Fight Matrix,Women's Strawweight,angela hill,Angela Hill,14,13.0,,2026-08-09,Angela Hill,Women's Strawweight,30.0,27.0,34.0,-0.1558032691992005,30.0,17.0
Fight Matrix,Women's Strawweight,piera rodriguez,Piera Rodriguez,15,14.0,,2026-08-09,Piera Rodriguez,Women's Strawweight,13.0,13.0,13.0,0.1118558978975033,13.0,-1.0
Fight Matrix,Women's Flyweight,valentina shevchenko,Valentina Shevchenko,1,1.0,,2026-09-06,Valentina Shevchenko,Women's Flyweight,1.0,1.0,1.0,1.0421460860560177,1.0,0.0
Fight Matrix,Women's Flyweight,manon fiorot,Manon Fiorot,2,2.0,,2026-09-06,Manon Fiorot,Women's Flyweight,3.0,5.0,5.0,0.669434445467707,3.0,1.0
Fight Matrix,Women's Flyweight,natalia silva,Natalia Silva,3,3.0,,2026-09-06,Natalia Silva,Women's Flyweight,5.0,2.0,3.0,0.7784087234653518,5.0,2.0
Fight Matrix,Women's Flyweight,erin blanchfield,Erin Blanchfield,4,4.0,,2026-09-06,Erin Blanchfield,Women's Flyweight,4.0,2.0,3.0,0.7863703102606872,4.0,0.0
Fight Matrix,Women's Flyweight,alexa grasso,Alexa Grasso,5,5.0,,2026-09-06,Alexa Grasso,Women's Flyweight,2.0,6.0,7.0,0.5134699559118767,2.0,-3.0
Fight Matrix,Women's Flyweight,liz carmouche,Liz Carmouche,6,,non-UFC,,,,,,,,,
Fight Matrix,Women's Flyweight,rose namajunas,Rose Namajunas,7,6.0,,2026-09-06,Rose Namajunas,Women's Flyweight,6.0,4.0,4.0,0.7406155077718988,6.0,0.0
Fight Matrix,Women's Flyweight,dakota ditcheva,Dakota Ditcheva,8,,non-UFC,,,,,,,,,
Fight Matrix,Women's Flyweight,jasmine jasudavicius,Jasmine Jasudavicius,9,7.0,,2026-09-06,Jasmine Jasudavicius,Women's Flyweight,8.0,8.0,8.0,0.4408007508777288,8.0,1.0
Fight Matrix,Women's Flyweight,maycee barber,Maycee Barber,10,8.0,,2026-09-06,Maycee Barber,Women's Flyweight,7.0,6.0,7.0,0.5590535614115056,7.0,-1.0
Fight Matrix,Women's Flyweight,wang cong,Cong Wang,11,9.0,,2026-09-06,Wang Cong,Women's Flyweight,9.0,9.0,10.0,0.3102700692586375,9.0,0.0
Fight Matrix,Women's Flyweight,sabrinna de sousa,Sabrinna de Sousa,12,,non-UFC,,,,,,,,,
Fight Matrix,Women's Flyweight,tracy cortez,Tracy Cortez,13,10.0,,2026-09-06,Tracy Cortez,Women's Flyweight,17.0,15.0,17.0,0.0409597103194378,17.0,7.0
Fight Matrix,Women's Flyweight,jena bishop,Jena Bishop,14,,non-UFC,,,,,,,,,
Fight Matrix,Women's Flyweight,viviane araujo,Viviane Araujo,15,,non-UFC,,Viviane Araujo,Women's Flyweight,24.0,22.0,25.0,-0.1875472269513984,24.0,
Fight Matrix,Women's Bantamweight,kayla harrison,Kayla Harrison,1,,title holder,,Kayla Harrison,Women's Bantamweight,,0.0,0.0,0.3761591675358851,,
Fight Matrix,Women's Bantamweight,julianna pena,Julianna Pena,2,1.0,,2026-08-02,Julianna Pena,Women's Bantamweight,10.0,9.0,10.0,0.1167526046124977,10.0,9.0
Fight Matrix,Women's Bantamweight,joselyne edwards,Joselyne Edwards,3,2.0,,2026-08-02,Joselyne Edwards,Women's Bantamweight,1.0,3.0,3.0,0.3674035119928995,1.0,-1.0
Fight Matrix,Women's Bantamweight,ketlen vieira,Ketlen Vieira,4,3.0,,2026-08-02,Ketlen Vieira,Women's Bantamweight,5.0,4.0,8.0,0.2617874806092217,5.0,2.0
Fight Matrix,Women's Bantamweight,norma dumont,Norma Dumont,5,4.0,,2026-08-02,Norma Dumont,Women's Bantamweight,3.0,1.0,1.0,0.5309985241088622,3.0,-1.0
Fight Matrix,Women's Bantamweight,ailin perez,Ailin Perez,6,5.0,,2026-08-02,Ailin Perez,Women's Bantamweight,2.0,2.0,2.0,0.4769192484967016,2.0,-3.0
Fight Matrix,Women's Bantamweight,yana santos,Yana Santos,7,6.0,,2026-08-02,Yana Santos,Women's Bantamweight,7.0,7.0,10.0,0.1360634255787865,7.0,1.0
Fight Matrix,Women's Bantamweight,luana santos,Luana Santos,8,7.0,,2026-08-02,Luana Santos,Women's Bantamweight,4.0,4.0,5.0,0.2770717659253225,4.0,-3.0
Fight Matrix,Women's Bantamweight,jaeleen robledo,Jaeleen Robledo,9,,non-UFC,,,,,,,,,
Fight Matrix,Women's Bantamweight,jacqueline cavalcanti,Jacqueline Cavalcanti,10,8.0,,2026-08-02,Jacqueline Cavalcanti,Women's Bantamweight,9.0,6.0,9.0,0.1846444221678392,9.0,1.0
Fight Matrix,Women's Bantamweight,michelle montague,Michelle Montague,11,9.0,,2026-08-02,Michelle Montague,Women's Bantamweight,11.0,11.0,13.0,0.0808870906643962,11.0,2.0
Fight Matrix,Women's Bantamweight,lucia szabova,Lucia Szabova,12,,non-UFC,,,,,,,,,
Fight Matrix,Women's Bantamweight,karol rosa,Karol Rosa,13,10.0,,2026-08-02,Karol Rosa,Women's Bantamweight,12.0,12.0,12.0,0.0281520125832324,12.0,2.0
Fight Matrix,Women's Bantamweight,macy chiasson,Macy Chiasson,14,11.0,,2026-08-02,Macy Chiasson,Women's Bantamweight,8.0,7.0,8.0,0.1865387375605436,8.0,-3.0
Fight Matrix,Women's Bantamweight,beatriz mesquita,Beatriz Mesquita,15,12.0,,2026-08-02,Bia Mesquita,Women's Bantamweight,6.0,5.0,6.0,0.2609789046804587,6.0,-6.0
ESPN (Jun),Heavyweight,ciryl gane,Ciryl Gane,1,,title holder,,,,,,,,,
ESPN (Jun),Heavyweight,tom aspinall,Tom Aspinall,2,1.0,,2026-06-23,Tom Aspinall,Heavyweight,2.0,3.0,3.0,0.9533507626044936,2.0,1.0
ESPN (Jun),Heavyweight,francis ngannou,Francis Ngannou,3,2.0,,2026-06-23,,,,,,,,
ESPN (Jun),Heavyweight,alexander volkov,Alexander Volkov,4,3.0,,2026-06-23,Alexander Volkov,Heavyweight,1.0,2.0,2.0,1.2172993948276525,1.0,-2.0
ESPN (Jun),Heavyweight,sergei pavlovich,Sergei Pavlovich,5,4.0,,2026-06-23,Sergei Pavlovich,Heavyweight,3.0,6.0,6.0,0.697254007353898,3.0,-1.0
ESPN (Jun),Heavyweight,waldo cortes acosta,Waldo Cortes-Acosta,6,5.0,,2026-06-23,Waldo Cortes Acosta,Heavyweight,6.0,4.0,5.0,0.8041603757742861,6.0,1.0
ESPN (Jun),Heavyweight,vadim nemkov,Vadim Nemkov,7,,non-UFC,,,,,,,,,
ESPN (Jun),Heavyweight,josh hokit,Josh Hokit,8,6.0,,2026-06-23,Josh Hokit,Heavyweight,7.0,7.0,7.0,0.5952825816403756,7.0,1.0
ESPN (Jun),Heavyweight,serghei spivac,Serghei Spivac,9,7.0,,2026-06-23,Serghei Spivac,Heavyweight,27.0,26.0,30.0,-0.0394291715300043,27.0,20.0
ESPN (Jun),Heavyweight,curtis blaydes,Curtis Blaydes,10,8.0,,2026-06-23,Curtis Blaydes,Heavyweight,5.0,4.0,5.0,0.8029684128067267,5.0,-3.0
ESPN (Jun),Light Heavyweight,alex pereira,Alex Pereira,1,1.0,,2026-06-23,Alex Pereira,Heavyweight,4.0,1.0,1.0,1.2661831709496123,,
ESPN (Jun),Light Heavyweight,magomed ankalaev,Magomed Ankalaev,2,2.0,,2026-06-23,Magomed Ankalaev,Light Heavyweight,1.0,1.0,1.0,0.8207881956215353,1.0,-1.0
ESPN (Jun),Light Heavyweight,carlos ulberg,Carlos Ulberg,3,,title holder,,Carlos Ulberg,Light Heavyweight,,0.0,0.0,0.7904371979043594,,
ESPN (Jun),Light Heavyweight,jiri prochazka,Jirí Procházka,4,3.0,,2026-06-23,Jiri Prochazka,Light Heavyweight,4.0,2.0,2.0,0.7557469979476128,4.0,1.0
ESPN (Jun),Light Heavyweight,khalil rountree jr,Khalil Rountree Jr.,5,4.0,,2026-06-23,Khalil Rountree Jr.,Light Heavyweight,8.0,8.0,8.0,0.4658007215026384,8.0,4.0
ESPN (Jun),Light Heavyweight,paulo costa,Paulo Costa,6,5.0,,2026-06-23,Paulo Costa,Light Heavyweight,2.0,3.0,3.0,0.7053098854342125,2.0,-3.0
ESPN (Jun),Light Heavyweight,azamat murzakanov,Azamat Murzakanov,7,6.0,,2026-06-23,Azamat Murzakanov,Light Heavyweight,6.0,6.0,6.0,0.5180136612242772,6.0,0.0
ESPN (Jun),Light Heavyweight,dominick reyes,Dominick Reyes,8,7.0,,2026-06-23,Dominick Reyes,Light Heavyweight,3.0,4.0,5.0,0.5720883023630111,3.0,-4.0
ESPN (Jun),Light Heavyweight,aleksandar rakic,Aleksandar Rakic,9,8.0,,2026-06-23,Aleksandar Rakic,Light Heavyweight,29.0,29.0,30.0,-0.0318524982966436,29.0,21.0
ESPN (Jun),Light Heavyweight,dustin jacoby,Dustin Jacoby,10,9.0,,2026-06-23,Dustin Jacoby,Light Heavyweight,17.0,14.0,22.0,0.0870486466811964,17.0,8.0
ESPN (Jun),Middleweight,sean strickland,Sean Strickland,1,,title holder,,Sean Strickland,Middleweight,,0.0,0.0,0.841691570273017,,
ESPN (Jun),Middleweight,khamzat chimaev,Khamzat Chimaev,2,1.0,,2026-06-23,Khamzat Chimaev,Middleweight,1.0,2.0,2.0,0.8957220677022613,1.0,0.0
ESPN (Jun),Middleweight,dricus du plessis,Dricus du Plessis,3,2.0,,2026-06-23,Dricus Du Plessis,Middleweight,2.0,1.0,1.0,0.9903729568487416,2.0,0.0
ESPN (Jun),Middleweight,nassourdine imavov,Nassourdine Imavov,4,3.0,,2026-06-23,Nassourdine Imavov,Middleweight,3.0,3.0,3.0,0.8241712948902116,3.0,0.0
ESPN (Jun),Middleweight,caio borralho,Caio Borralho,5,4.0,,2026-06-23,Caio Borralho,Middleweight,10.0,10.0,11.0,0.4442249823290425,10.0,6.0
ESPN (Jun),Middleweight,anthony hernandez,Anthony Hernandez,6,5.0,,2026-06-23,Anthony Hernandez,Middleweight,9.0,9.0,10.0,0.4570049775852783,9.0,4.0
ESPN (Jun),Middleweight,brendan allen,Brendan Allen,7,6.0,,2026-06-23,Brendan Allen,Middleweight,4.0,4.0,4.0,0.7717089708030103,4.0,-2.0
ESPN (Jun),Middleweight,joe pyfer,Joe Pyfer,8,7.0,,2026-06-23,Joe Pyfer,Middleweight,5.0,5.0,6.0,0.6996758523954802,5.0,-2.0
ESPN (Jun),Middleweight,israel adesanya,Israel Adesanya,9,8.0,,2026-06-23,Israel Adesanya,Middleweight,31.0,30.0,31.0,0.050301996509989,31.0,23.0
ESPN (Jun),Middleweight,reinier de ridder,Reinier de Ridder,10,9.0,,2026-06-23,Reinier de Ridder,Light Heavyweight,10.0,10.0,10.0,0.4068517937532303,,
ESPN (Jun),Welterweight,islam makhachev,Islam Makhachev,1,,title holder,,Islam Makhachev,Welterweight,,0.0,0.0,1.4867059785221095,,
ESPN (Jun),Welterweight,ian machado garry,Ian Machado Garry,2,1.0,,2026-06-23,Ian Machado Garry,Welterweight,4.0,4.0,4.0,0.6780764597189717,4.0,3.0
ESPN (Jun),Welterweight,carlos prates,Carlos Prates,3,2.0,,2026-06-23,Carlos Prates,Welterweight,1.0,1.0,1.0,0.8570428653033302,1.0,-1.0
ESPN (Jun),Welterweight,michael morales,Michael Morales,4,3.0,,2026-06-23,Michael Morales,Welterweight,2.0,2.0,3.0,0.7813126166559492,2.0,-1.0
ESPN (Jun),Welterweight,jack della maddalena,Jack Della Maddalena,5,4.0,,2026-06-23,Jack Della Maddalena,Welterweight,8.0,8.0,8.0,0.4754279519041566,8.0,4.0
ESPN (Jun),Welterweight,sean brady,Sean Brady,6,5.0,,2026-06-23,Sean Brady,Welterweight,3.0,2.0,3.0,0.7968729314159588,3.0,-2.0
ESPN (Jun),Welterweight,gabriel bonfim,Gabriel Bonfim,7,6.0,,2026-06-23,Gabriel Bonfim,Welterweight,5.0,5.0,6.0,0.5990627895311222,5.0,-1.0
ESPN (Jun),Welterweight,joaquin buckley,Joaquin Buckley,8,7.0,,2026-06-23,Joaquin Buckley,Welterweight,6.0,5.0,6.0,0.5789971092463122,6.0,-1.0
ESPN (Jun),Welterweight,belal muhammad,Belal Muhammad,9,8.0,,2026-06-23,Belal Muhammad,Welterweight,16.0,12.0,18.0,0.3634634374491156,16.0,8.0
ESPN (Jun),Welterweight,yaroslav amosov,Yaroslav Amosov,10,9.0,,2026-06-23,Yaroslav Amosov,Welterweight,20.0,19.0,22.0,0.287376330722595,20.0,11.0
ESPN (Jun),Lightweight,justin gaethje,Justin Gaethje,1,,title holder,,Justin Gaethje,Lightweight,,0.0,0.0,0.9721853353372788,,
ESPN (Jun),Lightweight,ilia topuria,Ilia Topuria,2,1.0,,2026-06-23,Ilia Topuria,Lightweight,1.0,4.0,4.0,0.96000246267298,1.0,0.0
ESPN (Jun),Lightweight,arman tsarukyan,Arman Tsarukyan,3,2.0,,2026-06-23,Arman Tsarukyan,Lightweight,4.0,3.0,3.0,1.0628871055604048,4.0,2.0
ESPN (Jun),Lightweight,charles oliveira,Charles Oliveira,4,3.0,,2026-06-23,Charles Oliveira,Lightweight,2.0,2.0,2.0,1.2129965533503415,2.0,-1.0
ESPN (Jun),Lightweight,max holloway,Max Holloway,5,4.0,,2026-06-23,Max Holloway,Lightweight,3.0,1.0,1.0,1.3420901053051897,3.0,-1.0
ESPN (Jun),Lightweight,usman nurmagomedov,Usman Nurmagomedov,6,,non-UFC,,,,,,,,,
ESPN (Jun),Lightweight,benoit saint denis,Benoît Saint Denis,7,5.0,,2026-06-23,Benoit Saint Denis,Lightweight,11.0,10.0,11.0,0.6265856899051988,11.0,6.0
ESPN (Jun),Lightweight,mauricio ruffy,Mauricio Ruffy,8,6.0,,2026-06-23,Mauricio Ruffy,Lightweight,15.0,13.0,17.0,0.3330136041322712,15.0,9.0
ESPN (Jun),Lightweight,mateusz gamrot,Mateusz Gamrot,9,7.0,,2026-06-23,Mateusz Gamrot,Lightweight,12.0,12.0,12.0,0.5759078776065111,12.0,5.0
ESPN (Jun),Lightweight,paddy pimblett,Paddy Pimblett,10,8.0,,2026-06-23,Paddy Pimblett,Lightweight,6.0,5.0,8.0,0.7122901681485074,6.0,-2.0
ESPN (Jun),Featherweight,alexander volkanovski,Alexander Volkanovski,1,,title holder,,Alexander Volkanovski,Featherweight,,0.0,0.0,1.329797236311456,,
ESPN (Jun),Featherweight,movsar evloev,Movsar Evloev,2,1.0,,2026-06-23,Movsar Evloev,Featherweight,1.0,3.0,4.0,0.8178015933129428,1.0,0.0
ESPN (Jun),Featherweight,diego lopes,Diego Lopes,3,2.0,,2026-06-23,Diego Lopes,Featherweight,3.0,2.0,2.0,0.8764091755029237,3.0,1.0
ESPN (Jun),Featherweight,aljamain sterling,Aljamain Sterling,4,3.0,,2026-06-23,Aljamain Sterling,Featherweight,2.0,1.0,1.0,1.2392860523706282,2.0,-1.0
ESPN (Jun),Featherweight,lerone murphy,Lerone Murphy,5,4.0,,2026-06-23,Lerone Murphy,Featherweight,7.0,6.0,6.0,0.6767051526289831,7.0,3.0
ESPN (Jun),Featherweight,jean silva,Jean Silva,6,5.0,,2026-06-23,Jean Silva,Featherweight,4.0,3.0,4.0,0.8188693822675979,4.0,-1.0
ESPN (Jun),Featherweight,kevin vallejos,Kevin Vallejos,7,6.0,,2026-06-23,Kevin Vallejos,Featherweight,10.0,10.0,11.0,0.5905367884787034,10.0,4.0
ESPN (Jun),Featherweight,steve garcia,Steve Garcia,8,7.0,,2026-06-23,Steve Garcia,Featherweight,13.0,12.0,13.0,0.5127234897191711,13.0,6.0
ESPN (Jun),Featherweight,arnold allen,Arnold Allen,9,8.0,,2026-06-23,Arnold Allen,Featherweight,12.0,12.0,13.0,0.5148223880763728,12.0,4.0
ESPN (Jun),Featherweight,youssef zalal,Youssef Zalal,10,9.0,,2026-06-23,Youssef Zalal,Featherweight,9.0,9.0,9.0,0.6309845838874724,9.0,0.0
ESPN (Jun),Bantamweight,petr yan,Petr Yan,1,,title holder,,Petr Yan,Bantamweight,,0.0,0.0,1.0546904409396378,,
ESPN (Jun),Bantamweight,merab dvalishvili,Merab Dvalishvili,2,1.0,,2026-06-23,Merab Dvalishvili,Bantamweight,1.0,1.0,1.0,1.275399777540033,1.0,0.0
ESPN (Jun),Bantamweight,sean omalley,Sean O'Malley,3,2.0,,2026-06-23,Sean O'Malley,Bantamweight,2.0,3.0,3.0,1.0293383996970982,2.0,0.0
ESPN (Jun),Bantamweight,umar nurmagomedov,Umar Nurmagomedov,4,3.0,,2026-06-23,Umar Nurmagomedov,Bantamweight,4.0,4.0,4.0,0.9989476189460548,4.0,1.0
ESPN (Jun),Bantamweight,cory sandhagen,Cory Sandhagen,5,4.0,,2026-06-23,Cory Sandhagen,Bantamweight,9.0,6.0,7.0,0.6618879222901667,9.0,5.0
ESPN (Jun),Bantamweight,mario bautista,Mario Bautista,6,5.0,,2026-06-23,Mario Bautista,Bantamweight,5.0,5.0,7.0,0.7143060982122355,5.0,0.0
ESPN (Jun),Bantamweight,song yadong,Song Yadong,7,6.0,,2026-06-23,Song Yadong,Bantamweight,3.0,2.0,2.0,1.0986567796920663,3.0,-3.0
ESPN (Jun),Bantamweight,aiemann zahabi,Aiemann Zahabi,8,7.0,,2026-06-23,Aiemann Zahabi,Bantamweight,22.0,20.0,27.0,0.3110259120233033,22.0,15.0
ESPN (Jun),Bantamweight,deiveson figueiredo,Deiveson Figueiredo,9,8.0,,2026-06-23,Deiveson Figueiredo,Bantamweight,34.0,32.0,34.0,0.1512105989766606,34.0,26.0
ESPN (Jun),Bantamweight,david martinez,David Martinez,10,9.0,,2026-06-23,David Martinez,Bantamweight,10.0,9.0,10.0,0.5455439176691441,10.0,1.0
ESPN (Jun),Flyweight,joshua van,Joshua Van,1,,title holder,,Joshua Van,Flyweight,,0.0,0.0,0.7430278052245121,,
ESPN (Jun),Flyweight,alexandre pantoja,Alexandre Pantoja,2,1.0,,2026-06-23,Alexandre Pantoja,Flyweight,4.0,2.0,3.0,0.5842847783514113,4.0,3.0
ESPN (Jun),Flyweight,manel kape,Manel Kape,3,2.0,,2026-06-23,Manel Kape,Flyweight,1.0,1.0,1.0,0.7762966312295587,1.0,-1.0
ESPN (Jun),Flyweight,tatsuro taira,Tatsuro Taira,4,3.0,,2026-06-23,Tatsuro Taira,Flyweight,5.0,2.0,6.0,0.5628327534792107,5.0,2.0
ESPN (Jun),Flyweight,brandon royval,Brandon Royval,5,4.0,,2026-06-23,Brandon Royval,Flyweight,9.0,8.0,9.0,0.2222169542388872,9.0,5.0
ESPN (Jun),Flyweight,kyoji horiguchi,Kyoji Horiguchi,6,5.0,,2026-06-23,Kyoji Horiguchi,Flyweight,2.0,2.0,4.0,0.5872619236510557,2.0,-3.0
ESPN (Jun),Flyweight,loneer kavanagh,Lone'er Kavanagh,7,6.0,,2026-06-23,Lone'er Kavanagh,Flyweight,37.0,34.0,36.0,-0.1713574443318717,37.0,31.0
ESPN (Jun),Flyweight,brandon moreno,Brandon Moreno,8,7.0,,2026-06-23,Brandon Moreno,Flyweight,6.0,5.0,5.0,0.5279770264606788,6.0,-1.0
ESPN (Jun),Flyweight,kai kara france,Kai Kara-France,9,8.0,,2026-06-23,Kai Kara-France,Flyweight,11.0,10.0,14.0,0.1802365994622855,11.0,3.0
ESPN (Jun),Flyweight,muhammad mokaev,Muhammad Mokaev,10,,non-UFC,,,,,,,,,
ESPN (Jun),Women's Bantamweight,joselyne edwards,Joselyne Edwards,1,1.0,,2026-06-23,Joselyne Edwards,Women's Bantamweight,1.0,3.0,3.0,0.3674035119928995,1.0,0.0
ESPN (Jun),Women's Bantamweight,norma dumont,Norma Dumont,2,2.0,,2026-06-23,Norma Dumont,Women's Bantamweight,3.0,1.0,1.0,0.5309985241088622,3.0,1.0
ESPN (Jun),Women's Bantamweight,ketlen vieira,Ketlen Vieira,3,3.0,,2026-06-23,Ketlen Vieira,Women's Bantamweight,5.0,4.0,8.0,0.2617874806092217,5.0,2.0
ESPN (Jun),Women's Bantamweight,ailin perez,Ailin Perez,4,4.0,,2026-06-23,Ailin Perez,Women's Bantamweight,2.0,2.0,2.0,0.4769192484967016,2.0,-2.0
ESPN (Jun),Women's Bantamweight,yana santos,Yana Santos,5,5.0,,2026-06-23,Yana Santos,Women's Bantamweight,7.0,7.0,10.0,0.1360634255787865,7.0,2.0
ESPN (Jun),Women's Bantamweight,macy chiasson,Macy Chiasson,6,6.0,,2026-06-23,Macy Chiasson,Women's Bantamweight,8.0,7.0,8.0,0.1865387375605436,8.0,2.0
ESPN (Jun),Women's Bantamweight,luana santos,Luana Santos,7,7.0,,2026-06-23,Luana Santos,Women's Bantamweight,4.0,4.0,5.0,0.2770717659253225,4.0,-3.0
ESPN (Jun),Women's Bantamweight,jacqueline cavalcanti,Jacqueline Cavalcanti,8,8.0,,2026-06-23,Jacqueline Cavalcanti,Women's Bantamweight,9.0,6.0,9.0,0.1846444221678392,9.0,1.0
ESPN (Jun),Women's Bantamweight,karol rosa,Karol Rosa,9,9.0,,2026-06-23,Karol Rosa,Women's Bantamweight,12.0,12.0,12.0,0.0281520125832324,12.0,3.0
ESPN (Jun),Women's Bantamweight,nora cornolle,Nora Cornolle,10,10.0,,2026-06-23,Nora Cornolle,Women's Bantamweight,17.0,17.0,19.0,-0.2578857394360975,17.0,7.0
ESPN (Jun),Women's Flyweight,valentina shevchenko,Valentina Shevchenko,1,1.0,,2026-06-23,Valentina Shevchenko,Women's Flyweight,1.0,1.0,1.0,1.0421460860560177,1.0,0.0
ESPN (Jun),Women's Flyweight,manon fiorot,Manon Fiorot,2,2.0,,2026-06-23,Manon Fiorot,Women's Flyweight,3.0,5.0,5.0,0.669434445467707,3.0,1.0
ESPN (Jun),Women's Flyweight,natalia silva,Natalia Silva,3,3.0,,2026-06-23,Natalia Silva,Women's Flyweight,5.0,2.0,3.0,0.7784087234653518,5.0,2.0
ESPN (Jun),Women's Flyweight,erin blanchfield,Erin Blanchfield,4,4.0,,2026-06-23,Erin Blanchfield,Women's Flyweight,4.0,2.0,3.0,0.7863703102606872,4.0,0.0
ESPN (Jun),Women's Flyweight,alexa grasso,Alexa Grasso,5,5.0,,2026-06-23,Alexa Grasso,Women's Flyweight,2.0,6.0,7.0,0.5134699559118767,2.0,-3.0
ESPN (Jun),Women's Flyweight,dakota ditcheva,Dakota Ditcheva,6,,non-UFC,,,,,,,,,
ESPN (Jun),Women's Flyweight,maycee barber,Maycee Barber,7,6.0,,2026-06-23,Maycee Barber,Women's Flyweight,7.0,6.0,7.0,0.5590535614115056,7.0,1.0
ESPN (Jun),Women's Flyweight,jasmine jasudavicius,Jasmine Jasudavicius,8,7.0,,2026-06-23,Jasmine Jasudavicius,Women's Flyweight,8.0,8.0,8.0,0.4408007508777288,8.0,1.0
ESPN (Jun),Women's Flyweight,rose namajunas,Rose Namajunas,9,8.0,,2026-06-23,Rose Namajunas,Women's Flyweight,6.0,4.0,4.0,0.7406155077718988,6.0,-2.0
ESPN (Jun),Women's Flyweight,liz carmouche,Liz Carmouche,10,9.0,,2026-06-23,,,,,,,,
ESPN (Jun),Women's Strawweight,zhang weili,Zhang Weili,1,1.0,,2026-06-23,Zhang Weili,Women's Strawweight,4.0,1.0,2.0,0.7895648540331555,4.0,3.0
ESPN (Jun),Women's Strawweight,mackenzie dern,Mackenzie Dern,2,,title holder,,Mackenzie Dern,Women's Strawweight,,0.0,0.0,0.7531453020389066,,
ESPN (Jun),Women's Strawweight,virna jandiroba,Virna Jandiroba,3,2.0,,2026-06-23,Virna Jandiroba,Women's Strawweight,1.0,1.0,3.0,0.7287802865227881,1.0,-1.0
ESPN (Jun),Women's Strawweight,tatiana suarez,Tatiana Suarez,4,3.0,,2026-06-23,Tatiana Suarez,Women's Strawweight,2.0,2.0,3.0,0.6792863245819762,2.0,-1.0
ESPN (Jun),Women's Strawweight,gillian robertson,Gillian Robertson,5,4.0,,2026-06-23,Gillian Robertson,Women's Strawweight,5.0,4.0,4.0,0.4924132273843292,5.0,1.0
ESPN (Jun),Women's Strawweight,amanda lemos,Amanda Lemos,6,5.0,,2026-06-23,Amanda Lemos,Women's Strawweight,28.0,27.0,30.0,-0.1212641784683132,28.0,23.0
ESPN (Jun),Women's Strawweight,loopy godinez,Loopy Godínez,7,6.0,,2026-06-23,Loopy Godinez,Women's Strawweight,14.0,14.0,17.0,0.0883560249306549,14.0,8.0
ESPN (Jun),Women's Strawweight,iasmin lucindo,Iasmin Lucindo,8,7.0,,2026-06-23,Iasmin Lucindo,Women's Strawweight,9.0,8.0,9.0,0.32046175648637,9.0,2.0
ESPN (Jun),Women's Strawweight,tabatha ricci,Tabatha Ricci,9,8.0,,2026-06-23,Tabatha Ricci,Women's Strawweight,18.0,15.0,22.0,0.0573040102521679,18.0,10.0
ESPN (Jun),Women's Strawweight,amanda ribas,Amanda Ribas,10,9.0,,2026-06-23,Amanda Ribas,Women's Strawweight,42.0,41.0,43.0,-0.4899782611162034,42.0,33.0
